column,initialVelocity,height,period,meanVelocity,residualInf,residual2,minimumHeight,minimumGRF,minimumVerticalGRF,pairedStateError,initialVerticalAcceleration,finalVerticalAcceleration,apexCount,minimaCount,completePeriodError,exactTimePairedStateError
1,0.501918491989306,0.298007906154805,2.65336387144953,0.517860609803782,9.44244682443696e-14,9.93464186024534e-14,0.298007906154805,-3.99999398263303,-3.90334432880349,0,5.73031706753531,5.73031706753101,2,1,0,0
2,0.498552760426255,0.301941034405515,2.64990066681146,0.519392315978599,1.45661260830821e-13,3.41947260309209e-13,0.301941034405515,-3.97929929266461,-3.8840077515594,1.33226762955019e-15,5.77950695996752,5.77950695996361,2,1,0,1.33226762955019e-15
3,0.495382863197087,0.305875157418388,2.64646201818216,0.520872832832767,1.24344978758018e-13,2.88938908370911e-13,0.305875157418388,-3.9588945616736,-3.86495083404665,6.21724893790088e-15,5.82809819804435,5.8280981980403,2,1,0,6.21724893790088e-15
4,0.492402382500748,0.30980935458812,2.64304936330346,0.522303362021084,1.56374913018453e-13,3.60895414801192e-13,0.30980935458812,-3.93876840440442,-3.84617134363366,1.4210854715202e-14,5.87607402844635,5.87607402844235,2,1,0,1.4210854715202e-14
5,0.489605012830824,0.313742762333683,2.63966406002755,0.523685104493167,1.10411679798972e-13,1.99624308030036e-13,0.313742762333683,-3.91891045640435,-3.82765396908353,8.43769498715119e-15,5.92341815140237,5.92341815139814,2,1,0,8.43769498715119e-15
6,0.486984568410634,0.317674574483715,2.63630738463761,0.525019257758588,9.57567358739198e-14,2.37593346849734e-13,0.317674574483715,-3.8993124574092,-3.80938976296617,1.33226762955019e-15,5.97011474750258,5.97011474749784,2,1,0,1.33226762955019e-15
7,0.484534989979282,0.321604042219079,2.63298053101303,0.526307013210624,9.16489106828067e-14,1.89533028919799e-13,0.321604042219079,-3.87995783798102,-3.79136798038955,2.55351295663786e-15,6.01614849718425,6.01614849717945,2,1,0,2.55351295663786e-15
8,0.482250350813873,0.325530473621039,2.62968461055886,0.527549553547005,1.51767487466259e-13,3.42463539296209e-13,0.325530473621039,-3.86084619955441,-3.77357717800216,0,6.06150459345601,6.06150459345088,2,1,0,0
9,0.480124861909696,0.329453232875968,2.62642065281394,0.5287480503184,1.1607381722456e-13,2.0644080420622e-13,0.329453232875968,-3.84195587028873,-3.75600914337438,4.88498130835069e-15,6.10616874848691,6.10616874848242,2,1,0,4.88498130835069e-15
10,0.478152876273945,0.333371739187421,2.62318960665138,0.529903661628319,1.05637720793084e-13,1.10887413994455e-13,0.333371739187421,-3.82328132597482,-3.73864759834865,1.0547118733939e-15,6.1501271947147,6.15012719470995,2,1,0,1.0547118733939e-15
11,0.47632889231598,0.337285465445373,2.61999234198586,0.531017530001021,9.93094495527203e-14,1.77547636802404e-13,0.337285465445373,-3.80480908364741,-3.72149075927666,0,6.19336668113303,6.19336668112806,2,1,0,0
12,0.474647556341726,0.341193936699812,2.61682965190556,0.532090780428284,1.16795462190566e-13,1.67928999839617e-13,0.341193936699812,-3.78652904670195,-3.7045192126324,3.33066907387547e-15,6.23587446540389,6.23587446539913,2,1,0,3.33066907387547e-15
13,0.473103664178619,0.345096728482965,2.61370225515095,0.533124518600386,1.15241149956091e-13,1.35218733221184e-13,0.345096728482965,-3.76842763917892,-3.68772483069567,8.21565038222616e-15,6.27763830241447,6.27763830240959,2,1,0,8.21565038222616e-15
14,0.471692161972929,0.348993465020221,2.61061079886856,0.53411982932197,1.13020703906841e-13,1.24999619042729e-13,0.348993465020221,-3.75050040842535,-3.67109530950533,2.44249065417534e-15,6.31864642985669,6.31864642985172,2,1,0,2.44249065417534e-15
15,0.47040814621238,0.352883817366097,2.607555861574,0.53507777511,1.14963594199935e-13,1.27960289516405e-13,0.352883817366097,-3.73272840911542,-3.6546222466756,4.66293670342566e-15,6.35888755136451,6.35888755135954,2,1,0,4.66293670342566e-15
16,0.46924686303473,0.356767501497135,2.60453795626532,0.535999394967731,1.15241149956091e-13,1.19879424103087e-13,0.356767501497135,-3.71510735392936,-3.63828924970742,9.99200722162641e-16,6.39835081769155,6.39835081768641,2,1,0,9.99200722162641e-16
17,0.468203706888134,0.360644276389295,2.60155753363474,0.536885703326296,1.05304653885696e-13,2.19860987579992e-13,0.360644276389295,-3.69762339237329,-3.62209582230963,2.1094237467878e-15,6.43702580636094,6.43702580635553,2,1,0,2.1094237467878e-15
18,0.467274218610888,0.364513942103479,2.59861498533327,0.537737689143844,1.21291865440298e-13,1.57235225741867e-13,0.364513942103479,-3.68026565807791,-3.60602141215109,1.99840144432528e-15,6.47490250016602,6.47490250016079,2,1,0,1.99840144432528e-15
19,0.466454082999049,0.368376337898905,2.59571064724927,0.538556315150979,1.20181642415673e-13,1.26157660005385e-13,0.368376337898905,-3.66302434357699,-3.59005901208139,3.77475828372553e-15,6.51197126485241,6.51197126484705,2,1,0,3.77475828372553e-15
20,0.465739125928755,0.372231340390256,2.5928448027681,0.539342517230193,1.25621735236336e-13,1.67266810911332e-13,0.372231340390256,-3.64588739412922,-3.57419698787744,1.99840144432528e-15,6.54822282626146,6.54822282625616,2,1,0,1.99840144432528e-15
21,0.465125311097447,0.376078861761625,2.59001768598553,0.540097203917192,1.20237153566904e-13,1.28086777285887e-13,0.376078861761625,-3.62884942594541,-3.5584272609923,3.99680288865056e-15,6.58364824717346,6.58364824716793,2,1,0,3.99680288865056e-15
22,0.464608736444881,0.379918848047017,2.58722948485248,0.54082125601135,1.23179244582161e-13,1.29474333483629e-13,0.379918848047017,-3.61189677547769,-3.54273872045664,6.66133814775094e-16,6.61823890404711,6.61823890404153,2,1,0,6.66133814775094e-16
23,0.464185630310479,0.383751277484808,2.58448034423357,0.541515526283207,1.26954002865887e-13,1.44948933069205e-13,0.383751277484808,-3.59501933085979,-3.52712035063741,1.11022302462516e-15,6.65198646381639,6.65198646381086,2,1,0,1.11022302462516e-15
24,0.463852347379222,0.387576158951246,2.58177036886557,0.542180839267054,1.26343380202343e-13,1.32727268585277e-13,0.387576158951246,-3.57821124738401,-3.51156474907111,2.22044604925031e-15,6.68488286087387,6.68488286086819,2,1,0,2.22044604925031e-15
25,0.463605364463296,0.39139353047616,2.57909962620564,0.542817991127254,1.24567023362943e-13,1.45900334317011e-13,0.39139353047616,-3.56145932966842,-3.49605953728788,1.33226762955019e-15,6.71692027434028,6.71692027433447,2,1,0,1.33226762955019e-15
26,0.463441276162059,0.395203457842458,2.57646814916207,0.543427749587663,1.26731958260962e-13,1.36191877341068e-13,0.395203457842458,-3.54475554711393,-3.48059591345623,1.77635683940025e-15,6.74809110569835,6.74809110569254,2,1,0,1.77635683940025e-15
27,0.463356790438275,0.399006033269598,2.57387593870295,0.544010853914129,1.31339383813156e-13,1.38811257795785e-13,0.399006033269598,-3.5280910700743,-3.46516600563449,2.88657986402541e-15,6.77838795684586,6.77838795684,2,1,0,2.88657986402541e-15
28,0.463348724143623,0.402801374180147,2.57132296634029,0.544568014940749,1.36668454331357e-13,1.39825802686923e-13,0.402801374180147,-3.51145554650463,-3.44975692390706,8.88178419700125e-16,6.80780360860703,6.80780360860114,2,1,0,8.88178419700125e-16
29,0.463413998522717,0.406589622047627,2.5688091764889,0.545099915131474,1.31339383813156e-13,1.44275164945384e-13,0.406589622047627,-3.49484190482159,-3.43436816020736,2.44249065417534e-15,6.83633099972671,6.83633099972065,2,1,0,2.44249065417534e-15
30,0.463549634720269,0.410370941323148,2.566334488701,0.545607208669176,1.36612943180126e-13,1.42947800701086e-13,0.410370941323148,-3.47824495643945,-3.41898213770064,3.10862446895044e-15,6.86396320635961,6.86396320635359,2,1,0,3.10862446895044e-15
31,0.463752749312655,0.414145518437785,2.56389879977834,0.546090521565244,1.39555034195382e-13,1.45578015183553e-13,0.414145518437785,-3.46164919441787,-3.40359365705822,8.88178419700125e-16,6.8906934220585,6.89069342205241,2,1,0,8.88178419700125e-16
32,0.464020549881588,0.417913560877219,2.56150198576506,0.546550451783168,1.43773881688958e-13,1.70387282321594e-13,0.417913560877219,-3.44505086135517,-3.38819371933112,1.33226762955019e-15,6.91651493825659,6.9165149382505,2,1,0,1.33226762955019e-15
33,0.464350330644446,0.4216752963249,2.55914390382476,0.546987569370537,1.43385303630339e-13,1.70543345220336e-13,0.4216752963249,-3.4284419848872,-3.37277221721403,3.99680288865056e-15,6.94142112523545,6.94142112522924,2,1,0,3.99680288865056e-15
34,0.464739468153058,0.425430971869795,2.55682439400613,0.547402416594202,1.42719169815564e-13,1.52296722247104e-13,0.425430971869795,-3.41181270829745,-3.35732549680599,1.11022302462516e-16,6.96540541356412,6.96540541355778,2,1,0,1.11022302462516e-16
35,0.465185417070192,0.42918085327461,2.55454328090175,0.547795508074087,1.43218770176645e-13,1.52202455673801e-13,0.42918085327461,-3.39515596536477,-3.34184312337407,5.32907051820075e-15,6.98846127599385,6.98846127598739,2,1,0,5.32907051820075e-15
36,0.465685706030946,0.432925224300328,2.55230037520489,0.548167330911585,1.45383705074664e-13,1.54895519567588e-13,0.432925224300328,-3.37846384305671,-3.32631495696712,1.38777878078145e-15,7.01058220979009,7.01058220978359,2,1,0,1.38777878078145e-15
37,0.466237933593966,0.436664386082945,2.5500954751694,0.54851834480885,1.46438416948058e-13,1.53850656346677e-13,0.436664386082945,-3.36172934676425,-3.31073660630663,8.88178419700125e-16,7.03176171948439,7.03176171947784,2,1,0,8.88178419700125e-16
38,0.466839764286029,0.440398656558253,2.54792836797778,0.548848982175903,1.6636692024008e-13,2.9090786770002e-13,0.440398656558253,-3.34494338492875,-3.29509810509046,1.55431223447522e-15,7.05199330002659,7.05199330002025,2,1,0,1.55431223447522e-15
39,0.467488924741921,0.444128369930525,2.54579883102235,0.549159648222656,1.54820600783978e-13,1.57354214856556e-13,0.444128369930525,-3.32810025944103,-3.27939189956507,1.55431223447522e-15,7.07127042032191,7.07127042031531,2,1,0,1.55431223447522e-15
40,0.468183199940272,0.447853876181136,2.54370663310493,0.549450721033354,1.49491530265777e-13,1.58423113534663e-13,0.447853876181136,-3.31119522990583,-3.26361122249393,8.88178419700125e-16,7.08958650713523,7.08958650712847,2,1,0,8.88178419700125e-16
41,0.468920429534869,0.451575540613115,2.54165153555938,0.549722551621338,1.52100554373646e-13,1.76457463818506e-13,0.451575540613115,-3.29421561758934,-3.24774926832128,3.66373598126302e-15,7.10693492935046,7.10693492934357,2,1,0,3.66373598126302e-15
42,0.469698504280269,0.455293743427739,2.53963329330233,0.5499754639621,1.56541446472147e-13,1.62842788023926e-13,0.455293743427739,-3.27715518319955,-3.23179426497356,6.66133814775094e-16,7.12330898257268,7.12330898256588,2,1,0,6.66133814775094e-16
43,0.470515362549506,0.459008879329375,2.53765165581625,0.550209755002995,1.57263091438153e-13,1.66564174021815e-13,0.459008879329375,-3.26001319995076,-3.21574833707184,5.55111512312578e-16,7.13870187406535,7.1387018740584,2,1,0,5.55111512312578e-16
44,0.471368986941204,0.462721357154821,2.53570636806949,0.550425694648082,1.58262292160316e-13,1.66660058089939e-13,0.462721357154821,-3.24277699632942,-3.1995965207615,1.77635683940025e-15,7.15310670801577,7.15310670800876,2,1,0,1.77635683940025e-15
45,0.472257400972966,0.466431599523427,2.53379717137745,0.550623525716821,1.58206781009085e-13,1.69472700861011e-13,0.466431599523427,-3.22543891084828,-3.1833331529123,2.4980018054066e-15,7.16651647112939,7.16651647112227,2,1,0,2.4980018054066e-15
46,0.473178665857321,0.470140042504375,2.53192380420886,0.55080346387546,1.62925228863742e-13,1.69035599309502e-13,0.470140042504375,-3.20799557487381,-3.16695209144249,2.77555756156289e-15,7.17892401855239,7.17892401854522,2,1,0,2.77555756156289e-15
47,0.47413087735632,0.473847135297529,2.53008600294085,0.550965697540097,1.6286971771251e-13,1.70581028292898e-13,0.473847135297529,-3.19043878475227,-3.15044570589842,8.88178419700125e-16,7.19032206013047,7.19032206012324,2,1,0,8.88178419700125e-16
48,0.475112162710731,0.47755333992417,2.52828350256659,0.551110387750559,1.64535052249448e-13,1.73302157760841e-13,0.47755333992417,-3.17276153404418,-3.13380710953737,1.33226762955019e-15,7.20070314701356,7.20070314700626,2,1,0,1.33226762955019e-15
49,0.476120677639454,0.481259130924097,2.52651603735864,0.551237668014366,1.69197988952874e-13,1.74512293059853e-13,0.481259130924097,-3.15495740693533,-3.11702955704637,8.88178419700125e-16,7.21005965862189,7.21005965861454,2,1,0,8.88178419700125e-16
50,0.477154603404799,0.484964995055394,2.52478334149124,0.551347644120085,1.64646074551911e-13,1.88083503316477e-13,0.484964995055394,-3.13701976944351,-3.10010784742354,1.33226762955019e-15,7.21838378999402,7.21838378998649,2,1,0,1.33226762955019e-15
51,0.478212143939342,0.488671430993209,2.52308514962452,0.551440393919595,1.66311409088848e-13,1.92193396735119e-13,0.488671430993209,-3.11894191002455,-3.08303026037259,1.55431223447522e-15,7.22566753954226,7.2256675395347,2,1,0,1.55431223447522e-15
52,0.479291523029846,0.492378949023784,2.52142119745325,0.55151596707882,1.6991963391888e-13,1.90735486776249e-13,0.492378949023784,-3.10071723374395,-3.06579727579049,0,7.23190269724763,7.23190269724,2,1,0,0
53,0.480390981554267,0.496088070729845,2.5197912222228,0.551574384796615,1.76580972066631e-13,1.82222342826485e-13,0.496088070729845,-3.08233919202541,-3.04839808882448,0,7.23708083333197,7.23708083332429,2,1,0,0
54,0.481508774767401,0.499799328663472,2.51819496321454,0.551615639491592,1.83464354819307e-13,1.99446808112572e-13,0.499799328663472,-3.06380122950498,-3.0308245991444,8.88178419700125e-16,7.24119328745161,7.24119328744395,2,1,0,8.88178419700125e-16
55,0.482643169631599,0.503513266002231,2.51663216220301,0.551639694456851,1.85740312019789e-13,2.20876568803749e-13,0.503513266002231,-3.04509769116275,-3.01307258657335,0,7.24423115846508,7.24423115845734,2,1,0,0
56,0.483792442188648,0.507230436184358,2.5151025638867,0.551646483482621,1.74749104076e-13,1.9621703332737e-13,0.507230436184358,-3.0262194867541,-2.99513410136498,6.66133814775094e-16,7.24618529483376,7.24618529482573,2,1,0,6.66133814775094e-16
57,0.4849548749695,0.510951402518525,2.51360591629435,0.551635910447032,1.85629289717326e-13,1.91987296660824e-13,0.510951402518525,-3.00716264773474,-2.97700247564386,1.11022302462516e-15,7.24704628572301,7.24704628571501,2,1,0,1.11022302462516e-15
58,0.486128754438806,0.514676737763445,2.51214197116849,0.55160784887544,1.86739512741951e-13,1.92839036258192e-13,0.514676737763445,-2.98792182325057,-2.95867109746798,1.55431223447522e-15,7.24680445288186,7.24680445287384,2,1,0,1.55431223447522e-15
59,0.48731236847155,0.518407023672448,2.5107104843276,0.551562141468788,1.90070181815827e-13,2.07475029265298e-13,0.518407023672448,-2.96848735437029,-2.94013531227018,8.88178419700125e-16,7.24544984338516,7.24544984337705,2,1,0,8.88178419700125e-16
60,0.48850400385956,0.522142850497825,2.50931121600833,0.551498599601837,1.83519865970538e-13,2.03176659106544e-13,0.522142850497825,-2.94885155550407,-2.92138352388819,0,7.24297222333669,7.24297222332838,2,1,0,0
61,0.489701943846076,0.525884816449448,2.50794393118895,0.551417002792233,1.88071780371502e-13,2.06234375334291e-13,0.525884816449448,-2.92901363030082,-2.90241598034943,8.88178419700125e-16,7.23936107263894,7.23936107263054,2,1,0,8.88178419700125e-16
62,0.490904465687204,0.529633527101896,2.50660839989513,0.551317098141813,1.84852133600089e-13,2.17507453971053e-13,0.529633527101896,-2.9089643673403,-2.88322229020608,1.72084568816899e-15,7.23460558094927,7.23460558094072,2,1,0,1.72084568816899e-15
63,0.492109838239733,0.533389594743978,2.50530439748884,0.551198599751623,1.9240165016754e-13,2.03814194450903e-13,0.533389594743978,-2.88869420527455,-2.86379436211801,1.99840144432528e-15,7.22869464495319,7.22869464494465,2,1,0,1.99840144432528e-15
64,0.493316319575176,0.537153637664223,2.50403170494123,0.551061188112751,2.01394456667003e-13,2.06018512618555e-13,0.537153637664223,-2.86819939657682,-2.84412849337795,1.67921232474555e-15,7.22161686709951,7.22161686709097,2,1,0,1.67921232474555e-15
65,0.494522154621121,0.540926279365527,2.50279010909007,0.550904509475281,1.97619698383278e-13,2.08724931936841e-13,0.540926279365527,-2.847475545527,-2.82421660917882,6.66133814775094e-16,7.21336055595497,7.21336055594623,2,1,0,6.66133814775094e-16
66,0.495725572831418,0.544708147701813,2.50157940288222,0.550728175198207,2.07167616395054e-13,2.12922572284185e-13,0.544708147701813,-2.82651251808942,-2.80405215932167,7.7715611723761e-16,7.20391372835163,7.20391372834288,2,1,0,7.7715611723761e-16
67,0.4969247858878,0.54849987392915,2.50039938560137,0.550531761083747,2.04392058833491e-13,2.13219486407711e-13,0.54849987392915,-2.80530468767552,-2.78362867142564,8.88178419700125e-16,7.19326411351513,7.19326411350627,2,1,0,8.88178419700125e-16
68,0.498117985436721,0.552302091663485,2.49924986308143,0.550314806699886,2.1493917756743e-13,2.45033316503562e-13,0.552302091663485,-2.78384693800724,-2.76293992774459,2.22044604925031e-15,7.18139915937725,7.18139915936834,2,1,0,2.22044604925031e-15
69,0.499303340865457,0.556115435736943,2.49813064790507,0.550076814695652,2.1538326677728e-13,2.31724947893567e-13,0.556115435736943,-2.76213240298732,-2.74197824204983,1.11022302462516e-15,7.16830604129392,7.1683060412849,2,1,0,1.11022302462516e-15
70,0.500478997125522,0.559940540943435,2.49704155958855,0.549817250114957,2.13051798425568e-13,2.19175503185967e-13,0.559940540943435,-2.74015372276605,-2.72074161000075,1.33226762955019e-15,7.15397167340432,7.15397167339522,2,1,0,1.33226762955019e-15
71,0.501643072607226,0.56377804066605,2.4959824247505,0.54953553971406,2.04836148043341e-13,2.62450475371448e-13,0.56377804066605,-2.71790557750561,-2.69921697150459,2.16493489801906e-15,7.13838272288741,7.13838272287804,2,1,0,2.16493489801906e-15
72,0.502793657077708,0.567628565375761,2.49495307726634,0.549231071290656,2.17159623616681e-13,2.27084243261763e-13,0.567628565375761,-2.69538141497934,-2.67740290894356,8.88178419700125e-16,7.12152562738393,7.12152562737458,2,1,0,8.88178419700125e-16
73,0.503928809690807,0.571492740993091,2.49395335840642,0.54890319303194,2.19380069665931e-13,2.26659334810771e-13,0.571492740993091,-2.67257485819416,-2.65529275209091,8.88178419700125e-16,7.10338661587429,7.10338661586484,2,1,0,8.88178419700125e-16
74,0.505046557081481,0.575371187103061,2.49298311695764,0.548551212890623,2.1493917756743e-13,2.28789468038891e-13,0.575371187103061,-2.6494799389445,-2.6328774582927,5.10702591327572e-15,7.08395173331256,7.08395173330307,2,1,0,5.10702591327572e-15
75,0.506144891558783,0.579264515014113,2.49204220932769,0.548174397999099,2.20490292690556e-13,2.30128129561919e-13,0.579264515014113,-2.62609055696192,-2.61015344906368,4.44089209850063e-16,7.06320686933756,7.06320686932804,2,1,0,4.44089209850063e-16
76,0.507221769413303,0.583173325651893,2.49113049963069,0.547771974132922,2.24154028671819e-13,2.31950408247794e-13,0.583173325651893,-2.60240076068666,-2.58711372453866,5.55111512312578e-17,7.04113779138892,7.04113779137939,2,1,0,5.55111512312578e-17
77,0.508275109357199,0.587098207278805,2.49024785975322,0.547343125236124,2.26485497023532e-13,2.35309174735041e-13,0.587098207278805,-2.57840473066614,-2.56375244536025,8.88178419700125e-16,7.01773018257303,7.01773018256347,2,1,0,8.88178419700125e-16
78,0.509302791117044,0.591039733031059,2.48939416939954,0.546886993022265,2.23265850252119e-13,2.30579523105148e-13,0.591039733031059,-2.55409687456057,-2.54006411180209,4.44089209850063e-16,6.99296968462514,6.99296968461554,2,1,0,4.44089209850063e-16
79,0.51030265420218,0.594998458265409,2.48856931611435,0.54640267666642,2.25153229393982e-13,2.31538114434353e-13,0.594998458265409,-2.5294713619755,-2.51604255225151,2.66453525910038e-15,6.96684194632322,6.96684194631361,2,1,0,2.66453525910038e-15
80,0.511272496873417,0.598974917708682,2.48777319528185,0.545889232604883,2.20601314993019e-13,2.32678302788998e-13,0.598974917708682,-2.50452307759728,-2.49168439656239,1.11022302462516e-15,6.93933267770448,6.93933267769479,2,1,0,1.11022302462516e-15
81,0.512210075339551,0.602969622404649,2.48700571009946,0.545345674460615,2.22266649529956e-13,2.38021877463117e-13,0.602969622404649,-2.47924726887049,-2.46698091413342,7.7715611723761e-16,6.91042771043108,6.91042771042136,2,1,0,7.7715611723761e-16
82,0.513113103211442,0.606983056454115,2.48626677152456,0.544770973114188,2.23265850252119e-13,2.41198908866181e-13,0.606983056454115,-2.45363749558503,-2.44193207629352,1.16573417585641e-15,6.88011306463591,6.88011306462617,2,1,0,1.16573417585641e-15
83,0.513979251245733,0.611015673546206,2.48555629819276,0.544164056941088,2.27373675443232e-13,2.35076611018171e-13,0.611015673546206,-2.42769217734424,-2.41652972228678,1.33226762955019e-15,6.84837502255889,6.8483750225491,2,1,0,1.33226762955019e-15
84,0.514806147412561,0.615067893281081,2.48487421630602,0.543523812237813,2.32369679054045e-13,2.42020418174829e-13,0.615067893281081,-2.40140359707271,-2.3907709870783,8.88178419700125e-16,6.8152002092512,6.81520020924138,2,1,0,8.88178419700125e-16
85,0.515591377323742,0.61914009728708,2.4842204594894,0.542849083860267,2.42583730880597e-13,2.67823764442915e-13,0.61914009728708,-2.37476907371531,-2.3646510021555,4.44089209850063e-16,6.78057568058297,6.78057568057306,2,1,0,4.44089209850063e-16
86,0.51633248505934,0.623232625138689,2.48359496861498,0.542138676098998,2.3170354523927e-13,2.39201602288915e-13,0.623232625138689,-2.34778769969896,-2.3381655286579,2.27595720048157e-15,6.74448901873368,6.74448901872375,2,1,0,2.27595720048157e-15
87,0.517026974432336,0.627345770085285,2.48299769159202,0.541391353816586,2.34590125103296e-13,2.41288958023499e-13,0.627345770085285,-2.32045199003398,-2.31131454662668,1.33226762955019e-15,6.70692843527699,6.706928435267,2,1,0,1.33226762955019e-15
88,0.517672310731557,0.631479774605199,2.48242858312276,0.540605843872961,2.35589325825458e-13,2.42181916047167e-13,0.631479774605199,-2.29276093124087,-2.28409134271856,4.44089209850063e-15,6.66788288188365,6.6678828818736,2,1,0,4.44089209850063e-15
89,0.5182659229835,0.635634825804105,2.48188760442352,0.539780836864377,2.32702745961433e-13,2.45755710123015e-13,0.635634825804105,-2.26471119939388,-2.25649734460453,8.88178419700125e-16,6.62734216857035,6.62734216856022,2,1,0,8.88178419700125e-16
90,0.518805206773131,0.639811050682408,2.48137472291162,0.538914989201415,2.40363284831346e-13,2.45706127839441e-13,0.639811050682408,-2.23630323288343,-2.22852704866359,3.99680288865056e-15,6.5852970892982,6.58529708928808,2,1,0,3.99680288865056e-15
91,0.5192875276619,0.644008511301957,2.48088991185888,0.538006925550209,2.37587727269783e-13,2.46745950653396e-13,0.644008511301957,-2.20753518193222,-2.20018382001963,2.22044604925031e-15,6.5417395545931,6.5417395545829,2,1,0,2.22044604925031e-15
92,0.519710225239417,0.648227199888628,2.48043315001393,0.537055241659504,2.39475106411646e-13,2.46993851459707e-13,0.648227199888628,-2.17840552869294,-2.17146356979211,2.22044604925031e-16,6.49666273070197,6.49666273069175,2,1,0,2.22044604925031e-16
93,0.520070617840549,0.652467033913935,2.48000442119571,0.536058507593586,2.38031816479634e-13,2.49527499239506e-13,0.652467033913935,-2.14891452862408,-2.14236777233539,1.11022302462516e-15,6.45006118463126,6.45006118462097,2,1,0,1.11022302462516e-15
94,0.52036600795519,0.656727851205775,2.47960371386245,0.535015271387691,2.44138043115072e-13,2.49935998317157e-13,0.656727851205775,-2.11906199889821,-2.11289598669672,5.82867087928207e-16,6.40193103422116,6.40193103421088,2,1,0,5.82867087928207e-16
95,0.520593688351094,0.661009405144832,2.47923102066093,0.533924063138435,2.42583730880597e-13,2.49875006246367e-13,0.661009405144832,-2.08885321848461,-2.083053741463,4.44089209850063e-16,6.35227010221404,6.35227010220374,2,1,0,4.44089209850063e-16
96,0.520750948922,0.665311360010376,2.47888633796287,0.532783399536365,2.39031017201796e-13,2.60643747470283e-13,0.665311360010376,-2.05828489424111,-2.05283738888344,2.66453525910038e-15,6.30107807305667,6.30107807304631,2,1,0,2.66453525910038e-15
97,0.520835084262981,0.669633286545192,2.47856966539603,0.53159178884141,2.47468712188947e-13,2.52896910402434e-13,0.669633286545192,-2.02736724437443,-2.02225861422706,1.27675647831893e-15,6.24835665096358,6.24835665095319,2,1,0,1.27675647831893e-15
98,0.520843401964381,0.673974657815121,2.47828100538015,0.530347736295146,2.42805775485522e-13,2.51288695592068e-13,0.673974657815121,-1.99609833011701,-1.99131316907037,4.44089209850063e-16,6.19410971754668,6.19410971753631,2,1,0,4.44089209850063e-16
99,0.520773231601697,0.678334845443529,2.47802036267869,0.529049749955071,2.44582132324922e-13,2.5465407308263e-13,0.678334845443529,-1.96448609123984,-1.96001289760245,1.11022302462516e-15,6.13834348710526,6.1383434870948,2,1,0,1.11022302462516e-15
100,0.520621934383752,0.682713116304602,2.47778774397883,0.527696346926999,2.4535928844216e-13,2.54158325496154e-13,0.682713116304602,-1.93253555642092,-1.92835928025935,4.44089209850063e-16,6.08106665747514,6.08106665746466,2,1,0,4.44089209850063e-16
101,0.520386913407833,0.687108629760909,2.4775831575154,0.526286059962664,2.49689158238198e-13,2.57636043659383e-13,0.687108629760909,-1.90025400279793,-1.89636251968811,4.44089209850063e-16,6.02229055415616,6.0222905541457,2,1,0,4.44089209850063e-16
102,0.520065624451118,0.691520435531157,2.4774066127539,0.524817444378252,2.45581333047085e-13,2.55106991915875e-13,0.691520435531157,-1.8676495007825,-1.8640290713245,8.88178419700125e-16,5.96202926530038,5.9620292652899,2,1,0,8.88178419700125e-16
103,0.51965558721236,0.695947472271473,2.47725812015077,0.523289085239786,2.50355292052973e-13,2.59527844938612e-13,0.695947472271473,-1.83473107892707,-1.83136895608371,1.33226762955019e-15,5.90029976504209,5.90029976503159,2,1,0,1.33226762955019e-15
104,0.519154396899784,0.70038856694903,2.4771376910096,0.521699604750656,2.48134846003722e-13,2.57475282268549e-13,0.70038856694903,-1.80150873463983,-1.79839235534507,8.88178419700125e-16,5.83712202260586,5.8371220225953,2,1,0,8.88178419700125e-16
105,0.51855973604484,0.704842435079397,2.47704533745304,0.520047669766424,2.49578135935735e-13,2.58077421426739e-13,0.704842435079397,-1.76799402090111,-1.76510991419535,1.77635683940025e-15,5.77251909464375,5.77251909463317,2,1,0,1.77635683940025e-15
106,0.517869386406257,0.709307681888889,2.47698107253102,0.518331999353258,2.51798581984986e-13,2.58583916195924e-13,0.709307681888889,-1.73419798493991,-1.73153690213523,6.10622663543836e-16,5.7065171983389,5.7065171983283,2,1,0,6.10622663543836e-16
107,0.517081240815177,0.71378280445023,2.47694491048558,0.516551372298149,2.55795384873636e-13,2.61447573856654e-13,0.71378280445023,-1.70013668784094,-1.69768392165771,9.99200722162641e-16,5.63914576297522,5.63914576296451,2,1,0,9.99200722162641e-16
108,0.516193314802008,0.718266194824421,2.47693686719311,0.514704634473282,2.54685161849011e-13,2.61521799712211e-13,0.718266194824421,-1.66582108351417,-1.66356569238257,1.11022302462516e-15,5.57043745790912,5.57043745789844,2,1,0,1.11022302462516e-15
109,0.515203757838043,0.722756144223708,2.47695696080322,0.512790705952817,2.57127652503186e-13,2.62620164975545e-13,0.722756144223708,-1.63126903839344,-1.6292012136413,1.55431223447522e-15,5.50042819520246,5.50042819519176,2,1,0,1.55431223447522e-15
110,0.514110864021628,0.727250848190873,2.47700521259288,0.510808587778797,2.54241072639161e-13,2.62760276376483e-13,0.727250848190873,-1.59649651326803,-1.59460321747371,1.33226762955019e-15,5.42915710556572,5.42915710555498,2,1,0,1.33226762955019e-15
111,0.512913082040001,0.731748412768823,2.47708164805232,0.5087573682743,2.54685161849011e-13,2.61702864246284e-13,0.731748412768823,-1.56151851973256,-1.55978993835162,9.99200722162641e-16,5.35666648672292,5.35666648671221,2,1,0,9.99200722162641e-16
112,0.511609024243696,0.736246861612673,2.47718629821725,0.506636228806045,2.56128451781024e-13,2.63457681594985e-13,0.736246861612673,-1.52635680065681,-1.52478321306423,4.44089209850063e-15,5.28300172382631,5.28300172381554,2,1,0,4.44089209850063e-15
113,0.510197474680975,0.740744143974674,2.47731920125865,0.504444448905714,2.58792987040124e-13,2.69116064846081e-13,0.740744143974674,-1.49102655282812,-1.48959740377756,2.22044604925031e-16,5.20821118210787,5.20821118209706,2,1,0,2.22044604925031e-16
114,0.508677395956358,0.745238143471713,2.47748040434001,0.502181410669661,2.60347299274599e-13,2.65937397949349e-13,0.745238143471713,-1.45555052646208,-1.45425620634322,1.33226762955019e-15,5.13234607252544,5.13234607251464,2,1,0,1.33226762955019e-15
115,0.507047934795583,0.749726687525572,2.47766996574642,0.499846602368713,2.57016630200724e-13,2.66325671329433e-13,0.749726687525572,-1.41994696250493,-1.41877841202195,1.33226762955019e-15,5.05546029176002,5.05546029174917,2,1,0,1.33226762955019e-15
116,0.505308426225166,0.754207557350129,2.4778879572888,0.497439621215301,2.64455124465712e-13,2.68735994788139e-13,0.754207557350129,-1.38423697138274,-1.38318541356703,1.11022302462516e-16,4.97761023846038,4.9776102384495,2,1,0,1.11022302462516e-16
117,0.503458396301323,0.75867849834594,2.47813446698329,0.494960175251972,2.61013433089374e-13,2.67042929828384e-13,0.75867849834594,-1.34844293094159,-1.34749901320908,6.66133814775094e-16,4.89885460816233,4.89885460815144,2,1,0,6.66133814775094e-16
118,0.50149756335171,0.763137230754139,2.4784096020024,0.492408084342364,2.62456723021387e-13,2.68773747686481e-13,0.763137230754139,-1.31258426486911,-1.31174137476397,8.88178419700125e-16,4.81925416974859,4.81925416973766,2,1,0,8.88178419700125e-16
119,0.499425837693248,0.767581460401409,2.47871349184277,0.489783280253904,2.61790589206612e-13,2.70045029249544e-13,0.767581460401409,-1.27668653058848,-1.27593485885453,3.10862446895044e-15,4.73887152718332,4.73887152717236,2,1,0,3.10862446895044e-15
120,0.497243320009749,0.77200888944231,2.47904629194558,0.48708580591114,2.65343302885412e-13,2.72294031957604e-13,0.77200888944231,-1.24076905756081,-1.24010201881203,1.55431223447522e-15,4.65777086785925,4.65777086784824,2,1,0,1.55431223447522e-15
121,0.494950298067444,0.776417226809358,2.4794081871884,0.484315813710183,2.66231481305113e-13,2.73360337781981e-13,0.776417226809358,-1.20485427672598,-1.20426537262065,1.33226762955019e-15,4.57601770635207,4.57601770634096,2,1,0,1.33226762955019e-15
122,0.492547242356297,0.780804198408396,2.47979939600543,0.481473563144136,2.67119659724813e-13,2.74217786897674e-13,0.780804198408396,-1.1689669222884,-1.16844742512786,1.33226762955019e-15,4.49367862064309,4.49367862063196,2,1,0,1.33226762955019e-15
123,0.490034800349648,0.785167556780093,2.48022017450086,0.478559417644201,2.6700863742235e-13,2.76530644733239e-13,0.785167556780093,-1.13312606427184,-1.13267133208349,2.22044604925031e-16,4.41082099004629,4.41082099003508,2,1,0,2.22044604925031e-16
124,0.487413789707211,0.789505090180111,2.48067082084716,0.475573840792578,2.66453525910038e-13,2.7142871041312e-13,0.789505090180111,-1.09735553734439,-1.09695813922601,9.99200722162641e-16,4.32751273583851,4.32751273582755,2,1,0,9.99200722162641e-16
125,0.484685190511351,0.793814630958373,2.4811516798807,0.472517391974169,2.66342503607575e-13,2.72872091287829e-13,0.793814630958373,-1.0616762040593,-1.0613314691672,3.10862446895044e-15,4.24382206869923,4.2438220686882,2,1,0,3.10862446895044e-15
126,0.481850136694893,0.798094063157177,2.48166314789534,0.46939072156245,2.64455124465712e-13,2.74474291256044e-13,0.798094063157177,-1.02610928144163,-1.02581385545547,6.66133814775094e-16,4.15981724600026,4.15981724598916,2,1,0,6.66133814775094e-16
127,0.478909906821274,0.802341329266172,2.48220567763161,0.466194565736959,2.67119659724813e-13,2.73319054399941e-13,0.802341329266172,-0.990678411799701,-0.990424171729643,2.22044604925031e-16,4.0755663416799,4.07556634166882,2,1,0,2.22044604925031e-16
128,0.475865914378078,0.80655443609117,2.48277978345767,0.462929741029792,2.66453525910038e-13,2.74497268835032e-13,0.80655443609117,-0.955401013707149,-0.955184539881773,1.11022302462516e-15,3.99113703106172,3.99113703105064,2,1,0,1.11022302462516e-15
129,0.472719697745307,0.810731459714575,2.48338604674651,0.459597138697623,2.69673172681451e-13,2.74014954192213e-13,0.810731459714575,-0.92029888207946,-0.920116315795615,6.93889390390723e-16,3.90659639249774,3.90659639248669,2,1,0,6.93889390390723e-16
130,0.469472909992303,0.81487054954262,2.48402512145415,0.456197719011461,2.656763697928e-13,2.73050568175689e-13,0.81487054954262,-0.885390919274278,-0.88523817595986,1.13797860024079e-15,3.82201072730533,3.8220107272943,2,1,0,1.13797860024079e-15
131,0.466127308649502,0.818969931451711,2.48469773990911,0.452732505551001,2.68673971959288e-13,2.74819590254091e-13,0.818969931451711,-0.850696502546775,-0.85056986699155,1.27675647831893e-15,3.73744539901103,3.73744539899993,2,1,0,1.27675647831893e-15
132,0.462684745589402,0.823027910061007,2.48540471882705,0.449202579583439,2.68896016564213e-13,2.7565326002327e-13,0.823027910061007,-0.816234521205952,-0.816130162489198,5.55111512312578e-16,3.65296469249718,3.65296469248607,2,1,0,5.55111512312578e-16
133,0.459147157138054,0.827042870170609,2.48614696556754,0.445609074598419,2.69118061169138e-13,2.75230420002194e-13,0.827042870170609,-0.782020329889717,-0.781936374458273,1.11022302462516e-15,3.56863169326453,3.56863169325343,2,1,0,1.11022302462516e-15
134,0.455516554524334,0.831013277415195,2.48692548465437,0.441953171062621,2.6789681584205e-13,2.75721619331504e-13,0.831013277415195,-0.748076045747657,-0.748008181383157,8.88178419700125e-16,3.48450818666563,3.48450818665453,2,1,0,8.88178419700125e-16
135,0.451795014759189,0.834937678190375,2.48774138458284,0.438236091448447,2.692290834716e-13,2.75904099689249e-13,0.834937678190375,-0.714413047689677,-0.714359682961984,2.77555756156289e-16,3.40065457667004,3.40065457665892,2,1,0,2.77555756156289e-16
136,0.447984672022527,0.838814698914818,2.48859588494093,0.434459095582939,2.683409050519e-13,2.76911380268719e-13,0.838814698914818,-0.681050555923519,-0.681009016013456,8.88178419700125e-16,3.31712982345605,3.31712982344498,2,1,0,8.88178419700125e-16
137,0.444087709620852,0.842643044694153,2.4894903238711,0.430623476354644,2.70006239588838e-13,2.76698809548255e-13,0.842643044694153,-0.648001997824308,-0.647970206176576,4.44089209850063e-16,3.23399139893091,3.23399139891981,2,1,0,4.44089209850063e-16
138,0.440106352566452,0.8464214974553,2.49042616590603,0.426730555808959,2.69895217286376e-13,2.76946192605566e-13,0.8464214974553,-0.61528298054675,-0.615259409323348,6.66133814775094e-16,3.15129525907892,3.15129525906781,2,1,0,6.66133814775094e-16
139,0.436042860814626,0.85014891361729,2.49140501020034,0.422781681655267,2.70339306496226e-13,2.76176081667061e-13,0.85014891361729,-0.582907209913801,-0.582890346790057,1.33226762955019e-15,3.06909583200292,3.06909583199184,2,1,0,1.33226762955019e-15
140,0.431899523187693,0.853824221366596,2.49242859919437,0.418778224203925,2.71005440311001e-13,2.77403733800317e-13,0.853824221366596,-0.550888285659366,-0.550876759244349,8.88178419700125e-16,2.98744602032996,2.98744602031882,2,1,0,8.88178419700125e-16
141,0.427678652002729,0.857446417599337,2.49349882772938,0.414721573745909,2.70006239588838e-13,2.77625003700863e-13,0.857446417599337,-0.519239139551413,-0.519231627106109,1.66533453693773e-16,2.90639721671046,2.90639721669934,2,1,0,1.66533453693773e-16
142,0.423382578413843,0.861014564591468,2.49461775263801,0.410613138384274,2.72226685638088e-13,2.78273055836922e-13,0.861014564591468,-0.48797195308369,-0.487967543980987,1.11022302462516e-15,2.82599933105752,2.82599933104636,2,1,0,1.11022302462516e-15
143,0.419013648473386,0.864527786453629,2.49578760282413,0.406454342323764,2.74114064779951e-13,2.81515187967242e-13,0.864527786453629,-0.457099476729659,-0.457097054220644,1.55431223447522e-15,2.74630082819534,2.74630082818409,2,1,0,1.55431223447522e-15
144,0.414574219911716,0.867985265423642,2.4970107898374,0.402246624622741,2.71449529520851e-13,2.78331392255387e-13,0.867985265423642,-0.426631214785465,-0.42663002494847,1.55431223447522e-15,2.6673487745987,2.66734877458758,2,1,0,1.55431223447522e-15
145,0.41006665963219,0.871386238045808,2.49828991893677,0.397991438410679,2.74336109384876e-13,2.80481703052205e-13,0.871386238045808,-0.396582039552931,-0.396581735606112,1.99840144432528e-15,2.58918889292484,2.58918889291364,2,1,0,1.99840144432528e-15
146,0.405493341915835,0.874729991282824,2.49962780062145,0.393690250573808,2.73114864057789e-13,2.79751143892618e-13,0.874729991282824,-0.366958914111404,-0.366958890988093,8.88178419700125e-16,2.51186562305638,2.51186562304521,2,1,0,8.88178419700125e-16
147,0.400856647329002,0.878015858602942,2.50102746258787,0.389344541911592,2.75335310107039e-13,2.82842865512547e-13,0.877426721425054,-0.337773843803457,-0.337773767602051,1.11022302462516e-15,2.43542218839571,2.43542218838442,2,1,0,1.11022302462516e-15
148,0.396158962326928,0.881243216083001,2.50249216204722,0.384955807766984,2.77666778458752e-13,2.83903959257066e-13,0.879833426039498,-0.309035992203719,-0.309035574702233,2.77555756156289e-16,2.35990066614269,2.35990066613137,2,1,0,2.77555756156289e-16
149,0.391402679545896,0.88441147856617,2.50402539830654,0.380525559133977,2.76334510829201e-13,2.83751130568263e-13,0.88221883339781,-0.280756251279326,-0.280755406493962,1.11022302462516e-16,2.28534206028178,2.28534206027049,2,1,0,1.11022302462516e-16
150,0.38659019877661,0.887520095913378,2.50563092548038,0.376055324245787,2.71893618730701e-13,2.79671372765134e-13,0.884581858492877,-0.252942715925797,-0.252941385190072,4.44089209850063e-16,2.21178637594647,2.21178637593536,2,1,0,4.44089209850063e-16
151,0.381723928610775,0.890568549387628,2.50731276515242,0.371546650647115,2.68896016564213e-13,2.77281558778281e-13,0.886921343372991,-0.225606090516777,-0.225604134728939,1.11022302462516e-15,2.13927269377248,2.13927269376147,2,1,0,1.11022302462516e-15
152,0.376806288751271,0.893556348212932,2.50907521875394,0.367001107752067,2.71005440311001e-13,2.78751452865246e-13,0.889235783691106,-0.198753748608012,-0.198751175739645,4.44089209850063e-16,2.06783924272888,2.06783924271781,2,1,0,4.44089209850063e-16
153,0.37183971297334,0.896483026352823,2.51092287936045,0.36242028988694,2.72226685638088e-13,2.80596466933853e-13,0.891524171347701,-0.172396922857834,-0.17239407847834,6.66133814775094e-16,1.99752346977404,1.99752346976292,2,1,0,6.66133814775094e-16
154,0.366826652718565,0.899348139558518,2.51286064253265,0.35780581981175,2.75224287804576e-13,2.83197276553701e-13,0.893785344270403,-0.146542584467237,-0.146539458493931,4.44089209850063e-16,1.92836210448705,1.92836210447583,2,1,0,4.44089209850063e-16
155,0.361769581295349,0.902151262743125,2.51489371574123,0.353159352707153,2.72559752545476e-13,2.81259752535196e-13,0.896017836726599,-0.121200000023092,-0.121196847546087,7.7715611723761e-16,1.86039121658933,1.86039121657822,2,1,0,7.7715611723761e-16
156,0.356670998646973,0.904891987746292,2.51702762581731,0.348482580601961,2.71227484915926e-13,2.79898677716716e-13,0.898220668703808,-0.0963773690217451,-0.0963742209674482,2.22044604925031e-16,1.79364626398532,1.79364626397427,2,1,0,2.22044604925031e-16
157,0.351533436631148,0.907569921562856,2.51926822376176,0.343777237201025,2.70561351101151e-13,2.79199606231013e-13,0.900392681555317,-0.0720853739392502,-0.0720827105439441,4.44089209850063e-16,1.72816212862759,1.72816212861659,2,1,0,4.44089209850063e-16
158,0.346359464731778,0.910184685119174,2.5216216861306,0.339045103052451,2.72004641033163e-13,2.80689630081392e-13,0.902532488768636,-0.048330120864466,-0.0483279998970814,1.11022302462516e-16,1.66397313715623,1.66397313714518,2,1,0,1.11022302462516e-16
159,0.34115169609327,0.912735912691616,2.52409451209362,0.334288010965808,2.71671574125776e-13,2.8006897453496e-13,0.904639050516578,-0.0251220212824577,-0.0251207802504328,4.44089209850063e-16,1.60111306288716,1.60111306287611,2,1,0,4.44089209850063e-16
160,0.3359127937297,0.915223252072025,2.52669351514384,0.3295078515591,2.71893618730701e-13,2.81209934580402e-13,0.906711252172656,-0.00246885065350977,-0.00246871555302678,8.88178419700125e-16,1.53961510536156,1.53961510535052,2,1,0,8.88178419700125e-16
161,0.330645476714649,0.917646365594091,2.52942580832912,0.324706578770387,2.70117261891301e-13,2.82141872259776e-13,0.908747861282689,0,0,9.99200722162641e-16,1.47951184334469,1.47951184333368,2,1,0,9.99200722162641e-16
162,0.325352526102276,0.920004932140909,2.53229878179069,0.319886215120549,2.70783395706076e-13,2.8096496318149e-13,0.910747660485293,0,0,4.44089209850063e-16,1.42083515693095,1.42083515691996,2,1,0,4.44089209850063e-16
163,0.320036790267701,0.922298650255676,2.53532007134784,0.315048856457377,2.72781797150401e-13,2.83363603867482e-13,0.912709660300469,-1.11022302462516e-14,-1.05916157833931e-14,6.66133814775094e-16,1.36361611433224,1.36361611432117,2,1,0,6.66133814775094e-16
164,0.314701189286505,0.924527242472106,2.53849751687791,0.310196675849623,2.71893618730701e-13,2.83116922951634e-13,0.914632745786038,-2.22044604925031e-15,-2.12033933319097e-15,6.66133814775094e-16,1.3078848190772,1.30788481906617,2,1,0,6.66133814775094e-16
165,0.309348717902889,0.926690460966376,2.5418391093303,0.305331926235908,2.71782596428238e-13,2.84222078456851e-13,0.916515831294546,-2.22044604925031e-15,-2.12234689557994e-15,4.44089209850063e-16,1.25367021381238,1.25367021380136,2,1,0,4.44089209850063e-16
166,0.303982446569885,0.928788094605168,2.54535292540504,0.30045694137295,2.71116462613463e-13,2.84276990515489e-13,0.91835777418403,-4.44089209850063e-15,-4.2486880426333e-15,8.88178419700125e-16,1.20099983777015,1.20099983775915,2,1,0,8.88178419700125e-16
167,0.298605519990659,0.930819977421795,2.54904704924168,0.295574134577109,2.73336908662714e-13,2.86131383799548e-13,0.920157674899974,-1.33226762955019e-14,-1.27579736304644e-14,4.44089209850063e-16,1.14989953635181,1.14989953634075,2,1,0,4.44089209850063e-16
168,0.293221152557716,0.932785998492927,2.55292948092189,0.290685994722009,2.74336109384876e-13,2.88917671085934e-13,0.921914608167687,0,0,1.0547118733939e-15,1.10039312322151,1.10039312321039,2,1,0,1.0547118733939e-15
169,0.287832620088962,0.934686113110376,2.55700803219459,0.285795078953818,2.74669176292264e-13,2.89521450705314e-13,0.923627701652577,-4.44089209850063e-15,-4.31844788145314e-15,8.88178419700125e-16,1.05250199787393,1.0525019978628,2,1,0,8.88178419700125e-16
170,0.282443247308627,0.936520355047344,2.56129021058015,0.28090400162607,2.75668377014426e-13,2.90888436554917e-13,0.925296167564005,-4.44089209850063e-15,-4.26438740749302e-15,4.44089209850063e-16,1.00624472478396,1.00624472477279,2,1,0,4.44089209850063e-16
171,0.277056390630074,0.938288849609379,2.56578309387054,0.276015419049263,2.77000644643977e-13,2.93884943992665e-13,0.926919317469587,0,0,5.55111512312578e-17,0.96163658386976,0.961636583858531,2,1,0,5.55111512312578e-17
172,0.271675415972689,0.939991827044693,2.57049319796401,0.271132009802997,2.76445533131664e-13,2.94384404318222e-13,0.928496578877658,-2.22044604925031e-15,-2.16633300804026e-15,1.22124532708767e-15,0.918689105866905,0.918689105855704,2,1,0,1.22124532708767e-15
173,0.266303671591589,0.941629635775618,2.57542634187654,0.266256450574916,2.76889622341514e-13,2.96001419256524e-13,0.930027510021702,-1.33226762955019e-14,-1.28273524183352e-14,2.77555756156289e-16,0.877409610011849,0.877409610000646,2,1,0,2.77555756156289e-16
174,0.260944456206536,0.943202754817115,2.58058751455941,0.261391387762707,2.78554956878452e-13,2.98713687407175e-13,0.931511815075858,-2.22044604925031e-15,-2.1397486281253e-15,3.33066907387547e-16,0.837800764712974,0.837800764701713,2,1,0,3.33066907387547e-16
175,0.255600983069572,0.944711804683357,2.58598074871094,0.256539405389221,2.81330514440015e-13,3.03344542650971e-13,0.932949275977461,0,0,4.44089209850063e-16,0.799860194179361,0.799860194167989,2,1,0,4.44089209850063e-16
176,0.250276340977334,0.946157556064941,2.59160900699393,0.251702990208589,2.8022029141539e-13,3.03345000408901e-13,0.934339939662409,-4.44089209850063e-15,-4.28678342903303e-15,6.66133814775094e-16,0.76358015477951,0.763580154768183,2,1,0,6.66133814775094e-16
177,0.244973453575417,0.947540935598487,2.59747408587452,0.246884495188479,2.80109269112927e-13,3.0623837688961e-13,0.935684066541671,0,0,5.55111512312578e-16,0.728947303831584,0.728947303820267,2,1,0,5.55111512312578e-16
178,0.239695038574447,0.948863028153114,2.60357654164224,0.24208610280175,2.80442336020315e-13,3.07179276517245e-13,0.936981946131792,-2.22044604925031e-15,-2.14693738452336e-15,6.10622663543836e-16,0.695942580378917,0.69594258036759,2,1,0,6.10622663543836e-16
179,0.234443568656702,0.950125075222625,2.60991564207653,0.237309789709563,2.79776202205539e-13,3.08714246395252e-13,0.938234159957055,-4.44089209850063e-15,-4.2973457411698e-15,1.11022302462516e-15,0.664541212330472,0.664541212319172,2,1,0,1.11022302462516e-15
180,0.229221235871268,0.951328469225938,2.61648934576721,0.232557294443552,2.79665179903077e-13,3.10427621036467e-13,0.939441437149491,0,0,5.55111512312578e-16,0.634712857511643,0.634712857500354,2,1,0,5.55111512312578e-16
181,0.224029921174783,0.952474743762853,2.62329430942407,0.227830089577527,2.81663581347402e-13,3.15408408791191e-13,0.940604743659465,0,0,4.44089209850063e-16,0.606421878279175,0.606421878267803,2,1,0,4.44089209850063e-16
182,0.218871170488822,0.953565560120641,2.63032592178933,0.223129359632525,2.80442336020315e-13,3.15719640730125e-13,0.941724997990495,-2.22044604925031e-15,-2.18583251751084e-15,6.66133814775094e-16,0.57962774125422,0.579627741242909,2,1,0,6.66133814775094e-16
183,0.213746178237573,0.954602690553458,2.63757836118976,0.21845598560246,2.79110068390764e-13,3.16553474679451e-13,0.942803540547014,-1.33226762955019e-14,-1.29322087455985e-14,0,0.554285526263476,0.554285526252229,2,1,0,0
184,0.208655778850873,0.955587999036284,2.64504467248676,0.213810536565663,2.78777001483377e-13,3.18993849524231e-13,0.943841695486522,0,0,7.7715611723761e-16,0.530346522559471,0.530346522548222,2,1,0,7.7715611723761e-16
185,0.203600446221679,0.956523420310942,2.65271685832296,0.209193268407475,2.77777800761214e-13,3.20258997805131e-13,0.944840906551591,0,0,7.7715611723761e-16,0.507758886384312,0.507758886373117,2,1,0,7.7715611723761e-16
186,0.198580300647419,0.95741093808618,2.66058597916846,0.204604129269023,2.76001443921814e-13,3.21675074714146e-13,0.945802717873256,0,0,9.71445146547012e-16,0.486468332218021,0.486468332206892,2,1,0,9.71445146547012e-16
187,0.193595122406351,0.958252563228675,2.66864225672917,0.200042770997288,2.74891220897189e-13,3.2268694113571e-13,0.946728756835027,0,0,4.44089209850063e-16,0.466418830572749,0.466418830561675,2,1,0,4.44089209850063e-16
188,0.188644370851567,0.959050312697454,2.67687517572517,0.195508565628114,2.73447930965176e-13,3.23716229731313e-13,0.947620650741861,-8.88178419700125e-15,-8.6529087775315e-15,8.88178419700125e-16,0.447553287652565,0.447553287641549,2,1,0,8.88178419700125e-16
189,0.18372720775703,0.959806189847114,2.68527357977867,0.191000625796257,2.71671574125776e-13,3.2494207924086e-13,0.948480062600842,-4.44089209850063e-15,-4.32948100585062e-15,2.35922392732846e-16,0.4298141860807,0.429814186069759,2,1,0,2.35922392732846e-16
190,0.178842523618599,0.960522166573136,2.69382575804987,0.186517827932963,2.71116462613463e-13,3.28003430588774e-13,0.949308758440934,0,0,2.77555756156289e-16,0.413144170640066,0.413144170629139,2,1,0,2.77555756156289e-16
191,0.173988965677816,0.961200167614026,2.70251952022228,0.182058837163978,2.6789681584205e-13,3.26878121512742e-13,0.950108300269487,-2.22044604925031e-15,-2.16771800671479e-15,3.33066907387547e-16,0.397486567992684,0.397486567981895,2,1,0,3.33066907387547e-16
192,0.169164966576481,0.961842057174011,2.71134225836554,0.177622132941101,2.65010235978025e-13,3.26989286986771e-13,0.950880413335968,-4.44089209850063e-15,-4.33836929041712e-15,8.88178419700125e-16,0.382785834178194,0.382785834167533,2,1,0,8.88178419700125e-16
193,0.164368772735059,0.962449627897966,2.72028099503792,0.173206034601517,2.63344901441087e-13,3.2775014923059e-13,0.951626690396163,0,0,7.7715611723761e-16,0.368987927975912,0.368987927965319,2,1,0,7.7715611723761e-16
194,0.159598471755534,0.963024592122837,2.72932241768881,0.168808726231193,2.60458321577062e-13,3.28055037846704e-13,0.95234866291981,-2.22044604925031e-15,-2.20243795223667e-15,5.55111512312578e-16,0.356040611748906,0.356040611738434,2,1,0,5.55111512312578e-16
195,0.154852018357234,0.963568575249722,2.73845289997098,0.16442828039204,2.57571741713036e-13,3.28335714962409e-13,0.953047802059091,-2.22044604925031e-15,-2.20357031870078e-15,3.33066907387547e-16,0.343893684080406,0.343893684070045,2,1,0,3.33066907387547e-16
196,0.150127258547264,0.964083111027085,2.74765851098107,0.160062680443353,2.55795384873636e-13,3.28372769498446e-13,0.953725527021826,-4.44089209850063e-15,-4.34986213102593e-15,4.44089209850063e-16,0.332499150377314,0.332499150367035,2,1,0,4.44089209850063e-16
197,0.145421951896974,0.964569638505274,2.75692501372766,0.155709841338807,2.52575738102223e-13,3.28267199385981e-13,0.954383183375522,0,0,4.44089209850063e-16,0.321811338742223,0.321811338732071,2,1,0,4.44089209850063e-16
198,0.140733791936017,0.965029500411907,2.76623785430887,0.151367628904762,2.4980018054066e-13,3.29146680087591e-13,0.955022045319875,-2.22044604925031e-15,-2.17774682415424e-15,2.77555756156289e-16,0.311786968915442,0.311786968905399,2,1,0,2.77555756156289e-16
199,0.136060424785387,0.965463942702148,2.77558214339023,0.147033877703268,2.45581333047085e-13,3.27575922430966e-13,0.955643308881227,0,0,0,0.302385182104584,0.302385182094712,2,1,0,0
200,0.131399466233347,0.965874115053295,2.78494263163275,0.142706407656313,2.44249065417534e-13,3.28283933128481e-13,0.956247960575286,0,0,7.7715611723761e-16,0.293567539180432,0.29356753917063,2,1,0,7.7715611723761e-16
201,0.126748517512447,0.966261072096076,2.79430368075978,0.138383039655298,2.40363284831346e-13,3.28608627861745e-13,0.956837135197179,0,0,5.55111512312578e-16,0.285297994131857,0.285297994122206,2,1,0,5.55111512312578e-16
202,0.122105180070275,0.966625775202094,2.8036492319796,0.134061610409034,2.36921593455008e-13,3.26634825042136e-13,0.95741162325332,0,0,3.88578058618805e-16,0.277542848948694,0.27754284893919,2,1,0,3.88578058618805e-16
203,0.11746706963958,0.966969094676367,2.81296277352152,0.129739986792821,2.34257058195908e-13,3.25277908096672e-13,0.957972343838807,-6.66133814775094e-15,-6.55400623880788e-15,3.88578058618805e-16,0.270270695293651,0.270270695284249,2,1,0,3.88578058618805e-16
204,0.112831829911224,0.967291812233771,2.82222730909957,0.125416079955801,2.31592522936808e-13,3.26711171162625e-13,0.958520015274702,-4.44089209850063e-15,-4.42461762061135e-15,5.55111512312578e-16,0.263452347496481,0.263452347487196,2,1,0,5.55111512312578e-16
205,0.108197146097853,0.967594623667461,2.83142532919447,0.121087859425453,2.27373675443232e-13,3.24042428310466e-13,0.959055262387536,-1.11022302462516e-14,-1.09369954015143e-14,6.66133814775094e-16,0.257060770587435,0.257060770578317,2,1,0,6.66133814775094e-16
206,0.103560758643705,0.96787814164578,2.84053878715144,0.116753367412938,2.24598117881669e-13,3.24169621358874e-13,0.959578649234593,-2.22044604925031e-15,-2.21389194283198e-15,1.22124532708767e-15,0.251071006288044,0.251071006279043,2,1,0,1.22124532708767e-15
207,0.0989204772984878,0.968142898600541,2.84954908219722,0.112410733482273,2.21600515715181e-13,3.21515052059242e-13,0.960090686790565,-2.22044604925031e-15,-2.21463089821385e-15,8.88178419700125e-16,0.245460099124855,0.245460099115977,2,1,0,8.88178419700125e-16
208,0.0942741957136586,0.968389349694803,2.85843705161132,0.108058189683568,2.18589035760886e-13,3.20571027424308e-13,0.960591754906415,0,0,5.55111512312578e-16,0.240207024101463,0.240207024092743,2,1,0,5.55111512312578e-16
209,0.0896199066565856,0.96861787588107,2.86718297438325,0.103694086183785,2.2046253711494e-13,3.18905247899384e-13,0.961082135719525,-2.22044604925031e-15,-2.19279124974349e-15,6.66133814775094e-16,0.235292616675998,0.235292616667395,2,1,0,6.66133814775094e-16
210,0.0849557178545381,0.968828787081924,2.87576658876176,0.0993169073410514,2.25222618333021e-13,3.19589986260867e-13,0.96156209664497,-8.88178419700125e-15,-8.8664922899657e-15,9.43689570931383e-16,0.230699505122722,0.230699505114205,2,1,0,9.43689570931383e-16
211,0.0802798683882815,0.969022325543432,2.8841671260968,0.0949252880723691,2.26596519325994e-13,3.16845596469705e-13,0.962031795791609,-1.11022302462516e-14,-1.09772172187805e-14,1.22124532708767e-15,0.226412044722256,0.226412044713905,2,1,0,1.22124532708767e-15
212,0.0755907454494711,0.969198669426961,2.89236336326651,0.0905180302551963,2.28386753953203e-13,3.15337477206963e-13,0.962491285800518,-1.55431223447522e-14,-1.53772849390666e-14,4.9960036108132e-16,0.222416252624673,0.222416252616441,2,1,0,4.9960036108132e-16
213,0.0708869011622914,0.96935793671635,2.90033369571811,0.0860941187865912,2.30898633546417e-13,3.14487810529543e-13,0.9629405370081,0,0,2.77555756156289e-16,0.218699741678387,0.21869974167027,2,1,0,2.77555756156289e-16
214,0.0661670690537876,0.969500189523471,2.90805623269732,0.0816527368057168,2.29857799460831e-13,3.12492385325084e-13,0.96337952709556,-6.66133814775094e-15,-6.59802502001603e-15,4.44089209850063e-16,0.215251651051582,0.215251651043489,2,1,0,4.44089209850063e-16
215,0.06143017964748,0.969625438874954,2.91550891554787,0.0771932794754568,2.36255459640233e-13,3.1122091962875e-13,0.963808038194698,-3.33066907387547e-14,-3.30091993527588e-14,2.44249065417534e-15,0.212062571120438,0.212062571112627,2,1,0,2.44249065417534e-15
216,0.0566753745654779,0.969733650054661,2.92266965901153,0.0727153656315761,2.33771335622635e-13,3.0963486082788e-13,0.964225906181396,-2.22044604925031e-15,-2.21945785989665e-15,1.66533453693773e-16,0.20912445992259,0.209124459914743,2,1,0,1.66533453693773e-16
217,0.0519020184703787,0.969824748559427,2.92951651424899,0.0682188465589015,2.41223707675431e-13,3.09416878610558e-13,0.964632854937229,-5.10702591327572e-14,-5.06713657523222e-14,1.11022302462516e-16,0.206430548527762,0.206430548520233,2,1,0,1.11022302462516e-16
218,0.0471097081786426,0.969898626698959,2.93602785085628,0.0637038111623767,2.3742119381609e-13,3.08496971222382e-13,0.965028487598696,0,0,1.66533453693773e-16,0.203975233020075,0.203975233012394,2,1,0,1.66533453693773e-16
219,0.0422982783530281,0.969955150834728,2.94218255358854,0.0591705868889223,2.36421993093927e-13,3.05621518561903e-13,0.965412478810261,-4.44089209850063e-15,-4.41101048113776e-15,8.32667268468867e-17,0.201753951478166,0.201753951470574,2,1,0,8.32667268468867e-17
220,0.037467803341214,0.969994169209376,2.94796022791281,0.0546197359311222,2.37726505147862e-13,3.05450091844372e-13,0.965784393527944,0,0,1.11022302462516e-16,0.199763045376995,0.199763045369457,2,1,0,1.11022302462516e-16
221,0.0326185949857909,0.970015520269739,2.95334140715932,0.0500520465224331,2.38559172416331e-13,3.03692444592597e-13,0.966143761838375,-2.22044604925031e-15,-2.22042438227192e-15,2.77555756156289e-17,0.197999606238616,0.197999606231196,2,1,0,2.77555756156289e-17
222,0.0277511965681261,0.970019041338704,2.95830775309837,0.0454685194956693,2.39558373138493e-13,3.03415386472155e-13,0.966490083082407,0,0,1.11022302462516e-16,0.196461310012795,0.19646131000543,2,1,0,1.11022302462516e-16
223,0.0228663735184215,0.970004577448863,2.96284224146613,0.0408703507723791,2.38281616660174e-13,3.02202579666098e-13,0.966822831598669,-6.66133814775094e-15,-6.62989195546713e-15,5.55111512312578e-17,0.195146243486689,0.195146243479313,2,1,0,5.55111512312578e-17
224,0.0179653037290796,0.969971991835817,2.96692916603683,0.0362591007067159,2.40918396343659e-13,3.0208406464997e-13,0.967141492715477,-2.22044604925031e-15,-2.21099012521011e-15,1.11022302462516e-16,0.194052769149952,0.194052769142699,2,1,0,1.11022302462516e-16
225,0.0136210641687322,0.969928016465504,2.97015752943268,0.032173923992869,2.41667796885281e-13,3.01931069888654e-13,0.967410985866342,-4.44089209850063e-15,-4.44032869739256e-15,5.55111512312578e-17,0.193269496586134,0.193269496578919,2,1,0,5.55111512312578e-17
226,0.0103467319962237,0.969885526204443,2.97234280723259,0.0290963568261322,2.41001663070506e-13,3.0208637660612e-13,0.967605934706535,-2.22044604925031e-15,-2.22002643613798e-15,2.4980018054066e-16,0.192792910823388,0.192792910816129,2,1,0,2.4980018054066e-16
227,0.00787951178187155,0.96984821811478,2.97384738067656,0.0267783172968029,2.4097390749489e-13,3.02426112116281e-13,0.967748123259378,0,0,1.11022302462516e-16,0.192497639405518,0.192497639398233,2,1,0,1.11022302462516e-16
228,1.87014344444456e-16,0.969698757534835,2.97782756241417,0.0193809246863117,2.43915998510147e-13,3.04702785657455e-13,0.968174751694265,-2.22044604925031e-15,-2.21941175183668e-15,1.52655665885959e-16,0.191916044526338,0.191916044519046,2,1,0,1.52655665885959e-16
229,-0.00247838731808987,0.9696422529166,2.97881799021571,0.0170560644364896,2.43971509661378e-13,3.05552733451641e-13,0.968300170141161,-6.66133814775094e-15,-6.64431674099123e-15,1.66533453693773e-16,0.191845121404027,0.191845121396703,2,1,0,1.66533453693773e-16
230,-0.00577613247251511,0.969560069021851,2.97994082389594,0.0139640522455632,2.46802578374172e-13,3.07484998264864e-13,0.968460467767795,-2.22044604925031e-15,-2.21895171688462e-15,5.55111512312578e-17,0.191832434275717,0.191832434268416,2,1,0,5.55111512312578e-17
231,-0.0101660268707884,0.96943833774697,2.98108913543375,0.00985062825290985,2.47663001218257e-13,3.09343644213207e-13,0.968662047097221,-2.22044604925031e-15,-2.21854701668622e-15,1.38777878078145e-17,0.191958356694721,0.191958356687352,2,1,0,1.38777878078145e-17
232,-0.0151381453568445,0.969283589366423,2.98191115452788,0.00519524416502574,2.49883447267507e-13,3.13747388289251e-13,0.968873957542414,-2.22044604925031e-15,-2.21667033730703e-15,6.93889390390723e-17,0.192294673063328,0.192294673055798,2,1,0,6.93889390390723e-17
233,-0.0201135173553003,0.969110981449783,2.98222468352924,0.000540568502958002,2.53019827312073e-13,3.17235524791077e-13,0.969068361533517,0,0,6.93889390390723e-18,0.192833224292515,0.192833224284955,2,1,0,6.93889390390723e-18
234,-0.0250894168504242,0.968920796442014,2.98202963420032,-0.00411100549539358,2.50188758599279e-13,3.13055020086723e-13,0.968920796442014,-2.22044604925031e-15,-2.21682588218754e-15,8.67361737988404e-17,0.193569984819526,0.193569984812096,2,1,0,8.67361737988404e-17
235,-0.0300631476944688,0.968713372066417,2.98132783046061,-0.00875721373749207,2.41223707675431e-13,3.05922501031648e-13,0.968713372066417,-4.44089209850063e-15,-4.4322756113874e-15,9.71445146547012e-17,0.194500756719352,0.194500756711981,2,1,0,9.71445146547012e-17
236,-0.0350318447858707,0.968489105606542,2.98012299116948,-0.0133957335860075,2.38892239323718e-13,2.99092714103097e-13,0.968489105606542,-1.77635683940025e-14,-1.77231657031287e-14,3.19189119579733e-16,0.195621292952994,0.195621292945902,2,1,0,3.19189119579733e-16
237,-0.039992488539873,0.968248450702187,2.97842076769977,-0.0180241929607001,2.30343522034104e-13,2.94778675202073e-13,0.968248450702187,-2.22044604925031e-15,-2.21930436114255e-15,4.16333634234434e-17,0.196927445990716,0.196927445983569,2,1,0,4.16333634234434e-17
238,-0.0449419304242909,0.967991912699609,2.97622877740177,-0.022640186962386,2.26790808355304e-13,2.90615949146035e-13,0.967991912699609,0,0,2.22044604925031e-16,0.198415318404742,0.198415318397715,2,1,0,2.22044604925031e-16
239,-0.0498769302373983,0.967720042505353,2.97355662317593,-0.0272413028149972,2.22294405105572e-13,2.87384414850701e-13,0.967720042505353,-8.88178419700125e-15,-8.8797203026878e-15,2.77555756156289e-17,0.200081407992547,0.200081407985568,2,1,0,2.77555756156289e-17
240,-0.0547942045400967,0.967433428999224,2.970415886512,-0.0318251529542236,2.2001844790509e-13,2.84673785995467e-13,0.967433428999224,0,0,1.66533453693773e-16,0.20192273978937,0.201922739782487,2,1,0,1.66533453693773e-16
241,-0.0596904842406074,0.967132690144604,2.96682008316347,-0.0363894149141184,2.1493917756743e-13,2.82484150470064e-13,0.967132690144604,-6.66133814775094e-15,-6.6609262717559e-15,1.38777878078145e-17,0.2039369795719,0.203936979564941,2,1,0,1.38777878078145e-17
242,-0.0645625781572409,0.966818463030603,2.96278457403632,-0.0409318756822859,2.12357909035177e-13,2.81043562573138e-13,0.966818463030603,-2.22044604925031e-15,-2.20995000942273e-15,6.24500451351651e-17,0.206122525732288,0.206122525725329,2,1,0,6.24500451351651e-17
243,-0.0694074386169829,0.966491393169499,2.95832642851351,-0.0454504775411054,2.09027239961301e-13,2.79333282241606e-13,0.966491393169499,-6.66133814775094e-15,-6.6613359945429e-15,0,0.208478578636059,0.208478578629092,2,1,0,0
244,-0.0742222248974137,0.966152123437511,2.95346424251179,-0.0499433621823338,2.07084349668207e-13,2.78588222807864e-13,0.966152123437511,-4.44089209850063e-15,-4.41565243145306e-15,1.66533453693773e-16,0.211005188543335,0.211005188536375,2,1,0,1.66533453693773e-16
245,-0.0790043605937986,0.965801283075457,2.94821791821409,-0.0544089100820029,2.04392058833491e-13,2.77643432025399e-13,0.965801283075457,0,0,2.22044604925031e-16,0.213703284689775,0.213703284682776,2,1,0,2.22044604925031e-16
246,-0.0837515817092761,0.965439477153445,2.94260841595268,-0.0588457726833439,2.01727523574391e-13,2.76230742836671e-13,0.965439477153445,-2.22044604925031e-15,-2.20558925820048e-15,5.55111512312578e-17,0.216574689110912,0.216574689103953,2,1,0,5.55111512312578e-17
247,-0.088461973271462,0.965067276853539,2.93665749072943,-0.0632528957314747,1.98258076622437e-13,2.75254266962233e-13,0.965067276853539,-4.44089209850063e-15,-4.44006539920574e-15,1.38777878078145e-17,0.219622119239159,0.21962211923212,2,1,0,1.38777878078145e-17
248,-0.0931339933970265,0.964685210845413,2.93038742626771,-0.0676295329893872,1.96315186329343e-13,2.74906162435522e-13,0.964685210845413,-2.22044604925031e-15,-2.21979666587307e-15,2.77555756156289e-17,0.222849183288121,0.222849183281069,2,1,0,2.77555756156289e-17
249,-0.0977664847893087,0.964293757935686,2.92382077849484,-0.0719752504033253,1.92040827684536e-13,2.75428250903612e-13,0.964293757935686,-8.88178419700125e-15,-8.87804568514359e-15,3.33066907387547e-16,0.226260372062716,0.226260372055504,2,1,0,3.33066907387547e-16
250,-0.102358674540731,0.963893341074692,2.9169801383339,-0.0762899214780492,1.9398371797763e-13,2.74749012002601e-13,0.963893341074692,-3.33066907387547e-14,-3.32876856606115e-14,2.72004641033163e-15,0.22986105023796,0.22986105023084,2,1,0,2.72004641033163e-15
251,-0.106910163749253,0.963484322716605,2.90988792109308,-0.0805737151114026,1.88044024795886e-13,2.74695401416533e-13,0.963484322716605,-4.44089209850063e-15,-4.43760323880705e-15,2.77555756156289e-16,0.233657449448282,0.233657449441031,2,1,0,2.77555756156289e-16
252,-0.111420908830799,0.963067001457338,2.90256618700888,-0.0848270774122227,1.89015469942433e-13,2.74475354209174e-13,0.963067001457338,-8.88178419700125e-15,-8.87352483963682e-15,1.0547118733939e-15,0.237656664824441,0.237656664817259,2,1,0,1.0547118733939e-15
253,-0.1158911965398,0.962641609823505,2.89503649494426,-0.089050709106157,1.84213755360929e-13,2.74692338091244e-13,0.962641609823505,0,0,2.22044604925031e-16,0.24186665597376,0.241866655966436,2,1,0,2.22044604925031e-16
254,-0.120321614648828,0.962208313054693,2.88731978911048,-0.0932455400633956,1.83630888273001e-13,2.74487969142857e-13,0.962208313054693,-4.44089209850063e-15,-4.4348388418387e-15,4.44089209850063e-16,0.246296252860189,0.24629625285273,2,1,0,4.44089209850063e-16
255,-0.124713020040958,0.961767208708946,2.87943631703305,-0.0974127023063329,1.83741910575463e-13,2.74813611982575e-13,0.961767208708946,-6.66133814775094e-15,-6.65064551657457e-15,2.38697950294409e-15,0.250955166608699,0.250955166601228,2,1,0,2.38697950294409e-15
256,-0.129066505694595,0.961318326923276,2.87140557586913,-0.101553502622389,1.86406445834564e-13,2.74266880694933e-13,0.961318326923276,-4.44089209850063e-15,-4.4326176687755e-15,2.22044604925031e-16,0.255854004936078,0.255854004928503,2,1,0,2.22044604925031e-16
257,-0.133383367735096,0.960861631174033,2.86324628352264,-0.10566939565386,1.87183601951801e-13,2.74837766063183e-13,0.960861631174033,0,0,5.55111512312578e-17,0.261004291669324,0.261004291661702,2,1,0,5.55111512312578e-17
258,-0.137665073425874,0.960397019401801,2.85497637072791,-0.109761958090624,1.90181204118289e-13,2.75478654719112e-13,0.960397019401801,-6.66133814775094e-15,-6.64518895346551e-15,7.7715611723761e-16,0.266418489639169,0.266418489631423,2,1,0,7.7715611723761e-16
259,-0.141913230697363,0.959924325389277,2.8466129902817,-0.113832864370855,1.9240165016754e-13,2.75762089849312e-13,0.959924325389277,-4.44089209850063e-15,-4.42878608316576e-15,7.7715611723761e-16,0.272110026102293,0.272110026094453,2,1,0,7.7715611723761e-16
260,-0.146129559576335,0.959443320305874,2.83817253980473,-0.117883864107779,1.93400850889702e-13,2.76102593363233e-13,0.959443320305874,-4.44089209850063e-15,-4.42738694534702e-15,3.88578058618805e-16,0.278093319732247,0.27809331972438,2,1,0,3.88578058618805e-16
261,-0.150315865686429,0.958953714357907,2.82967069473182,-0.121916761310809,1.95288230031565e-13,2.7589443357025e-13,0.958953714357907,-2.22044604925031e-15,-2.21296540237698e-15,6.66133814775094e-16,0.28438380811073,0.284383808102761,2,1,0,6.66133814775094e-16
262,-0.154474015841583,0.95845515850716,2.82112244860461,-0.12593339535455,1.97397653778353e-13,2.77252003888001e-13,0.95845515850716,-2.22044604925031e-15,-2.21220982312061e-15,5.55111512312578e-17,0.290997974532226,0.290997974524174,2,1,0,5.55111512312578e-17
263,-0.158605915644366,0.95794724624275,2.81254215812283,-0.129935623566972,1.99840144432528e-13,2.77093149108954e-13,0.95794724624275,-4.44089209850063e-15,-4.42285519255646e-15,5.27355936696949e-16,0.297953372803696,0.297953372795556,2,1,0,5.27355936696949e-16
264,-0.162713488925242,0.957429515411385,2.80394359077609,-0.133925305252462,2.02171612784241e-13,2.77505483449527e-13,0.957429515411385,-2.22044604925031e-15,-2.21061945420872e-15,7.7715611723761e-16,0.305268648565222,0.305268648556984,2,1,0,7.7715611723761e-16
265,-0.166798658812045,0.956901450129084,2.79533997320131,-0.137904286933825,2.05391259555654e-13,2.78712329576498e-13,0.956901450129084,-4.44089209850063e-15,-4.41957200600467e-15,4.44089209850063e-16,0.312963555484784,0.312963555476409,2,1,0,4.44089209850063e-16
266,-0.170863330192775,0.956362482813676,2.78674403869489,-0.141874388581224,2.06057393370429e-13,2.78281002971943e-13,0.956362482813676,-4.44089209850063e-15,-4.36160034577599e-15,4.16333634234434e-16,0.321058964485907,0.3210589644775,2,1,0,4.16333634234434e-16
267,-0.174909373331339,0.955811996391131,2.7781680725342,-0.145837390598773,2.07500683302442e-13,2.78393227600608e-13,0.955811996391131,-2.22044604925031e-15,-2.17952822158842e-15,5.55111512312578e-16,0.329576863967837,0.32957686395937,2,1,0,5.55111512312578e-16
268,-0.178938608403797,0.955249326740937,2.76962395395067,-0.149795021350747,2.11608508493555e-13,2.784501580631e-13,0.955249326740937,-8.88178419700125e-15,-8.82855213596164e-15,4.44089209850063e-16,0.338540348771797,0.338540348763163,2,1,0,4.44089209850063e-16
269,-0.182952790745928,0.954673765455154,2.76112319373765,-0.15374894503355,2.12496686913255e-13,2.78886842713422e-13,0.954673765455154,-4.44089209850063e-15,-4.41241401324884e-15,2.22044604925031e-16,0.347973595465361,0.347973595456695,2,1,0,2.22044604925031e-16
270,-0.186953596634968,0.954084562992925,2.75267696659027,-0.15770074973103,2.13384865332955e-13,2.77950404403543e-13,0.954084562992925,-2.22044604925031e-15,-2.17569775946404e-15,1.66533453693773e-16,0.357901821362823,0.357901821354107,2,1,0,1.66533453693773e-16
271,-0.190942609471454,0.953480932315874,2.74429613736194,-0.161651935532021,2.1627144519698e-13,2.78747987120403e-13,0.953480932315874,-6.66133814775094e-15,-6.61281827248335e-15,5.55111512312578e-17,0.368351224612997,0.368351224604173,2,1,0,5.55111512312578e-17
272,-0.194921306277563,0.952862053089781,2.73599128050187,-0.165603902637348,2.18713935851156e-13,2.78646518092316e-13,0.952862053089781,-8.88178419700125e-15,-8.8130772215173e-15,1.22124532708767e-15,0.379348902686485,0.379348902677552,2,1,0,1.22124532708767e-15
273,-0.198891044486647,0.95222707653315,2.72777269201847,-0.169557939439354,2.19824158875781e-13,2.78550044458171e-13,0.95222707653315,0,0,4.44089209850063e-16,0.390922746718983,0.39092274671001,2,1,0,4.44089209850063e-16
274,-0.202853049063164,0.951575130982841,2.7196503934078,-0.173515210619593,2.22488694134881e-13,2.78737865617236e-13,0.951575130982841,-4.44089209850063e-15,-4.40237699281287e-15,1.11022302462516e-15,0.403101309452041,0.403101309442945,2,1,0,1.11022302462516e-15
275,-0.206808400062006,0.95090532823006,2.71163412710614,-0.177476745378697,2.25375273998907e-13,2.79628923187106e-13,0.95090532823006,-2.22044604925031e-15,-2.20011039805002e-15,7.7715611723761e-16,0.41591364498975,0.415913644980539,2,1,0,7.7715611723761e-16
276,-0.210758020806767,0.95021677065603,2.7037333431868,-0.181443425982592,2.27040608535845e-13,2.8084262749305e-13,0.95021677065603,0,0,3.33066907387547e-16,0.42938911929006,0.429389119280781,2,1,0,3.33066907387547e-16
277,-0.21470266693692,0.949508559165135,2.69595717722624,-0.185415976880554,2.30038210702332e-13,2.80859095249871e-13,0.949508559165135,0,0,3.88578058618805e-16,0.443557191249375,0.443557191239976,2,1,0,3.88578058618805e-16
278,-0.218642916637897,0.94877980187447,2.68831441952545,-0.189394954716861,2.3125945602942e-13,2.80416542249705e-13,0.94877980187447,-2.22044604925031e-15,-2.1967194741022e-15,4.44089209850063e-16,0.458447165426251,0.458447165416792,2,1,0,4.44089209850063e-16
279,-0.222579162419749,0.948029623473748,2.68081347618761,-0.193380739613336,2.33368879776208e-13,2.80134212414708e-13,0.948029623473748,-6.66133814775094e-15,-6.58660506256061e-15,2.77555756156289e-17,0.474087918852778,0.474087918843247,2,1,0,2.77555756156289e-17
280,-0.226511604844731,0.947257175119856,2.67346232291577,-0.197373528139917,2.34257058195908e-13,2.79530674940542e-13,0.947257175119856,-4.44089209850063e-15,-4.32519701990603e-15,2.22044604925031e-16,0.490507605960962,0.490507605951398,2,1,0,2.22044604925031e-16
281,-0.230440248614125,0.946461644679146,2.66626845279123,-0.201373328406801,2.34923192010683e-13,2.7840350941389e-13,0.946461644679146,-4.44089209850063e-15,-4.32248937466559e-15,3.33066907387547e-16,0.507733347315198,0.507733347305594,2,1,0,3.33066907387547e-16
282,-0.234364901404025,0.945642267081686,2.65923881970228,-0.205379957698298,2.39031017201796e-13,2.80183828799685e-13,0.945642267081686,-4.44089209850063e-15,-4.31976131627192e-15,4.44089209850063e-16,0.5257909094752,0.525790909465436,2,1,0,4.44089209850063e-16
283,-0.238285175785036,0.944798334509464,2.65237977948209,-0.209393043021189,2.42916797787984e-13,2.82766955577472e-13,0.944798334509464,-4.44089209850063e-15,-4.38101818978114e-15,4.44089209850063e-16,0.544704384773862,0.544704384763938,2,1,0,4.44089209850063e-16
284,-0.242200494471173,0.943929206109908,2.64569703114415,-0.21341202485741,2.42028619368284e-13,2.79943735112077e-13,0.943929206109908,0,0,8.88178419700125e-16,0.564495880925876,0.564495880915985,2,1,0,8.88178419700125e-16
285,-0.246110099019331,0.943034316911696,2.63919556083886,-0.217436164292568,2.42361686275672e-13,2.78464906230699e-13,0.943034316911696,-2.22044604925031e-15,-2.18781383409184e-15,3.33066907387547e-16,0.585185231026828,0.585185231016929,2,1,0,3.33066907387547e-16
286,-0.250013061950442,0.9421131856255,2.6328795912523,-0.221464553544818,2.43582931602759e-13,2.7816296031954e-13,0.9421131856255,-2.22044604925031e-15,-2.18641837270824e-15,3.33066907387547e-16,0.606789734522259,0.606789734512309,2,1,0,3.33066907387547e-16
287,-0.253908302097209,0.941165421039381,2.62675253910238,-0.225496129752952,2.46136444559397e-13,2.79935092519421e-13,0.941165421039381,-4.44089209850063e-15,-4.30579180285626e-15,5.55111512312578e-16,0.629323939061444,0.629323939051382,2,1,0,5.55111512312578e-16
288,-0.257794602814332,0.94019072676784,2.62081698314194,-0.229529691711156,2.4802382370126e-13,2.79212424144955e-13,0.94019072676784,-6.66133814775094e-15,-6.55058681989433e-15,2.22044604925031e-16,0.65279947175674,0.652799471746599,2,1,0,2.22044604925031e-16
289,-0.261670632531633,0.939188904181483,2.61507464465661,-0.233563919076581,2.46136444559397e-13,2.76711547410551e-13,0.939188904181483,-6.66133814775094e-15,-6.45006729096945e-15,8.88178419700125e-16,0.677224926336854,0.677224926326808,2,1,0,8.88178419700125e-16
290,-0.265534967003484,0.938159853426479,2.6095263818706,-0.237597393440452,2.47357689886485e-13,2.76021864807346e-13,0.938159853426479,-2.22044604925031e-15,-2.14856883804722e-15,9.99200722162641e-16,0.702605810135358,0.702605810125254,2,1,0,9.99200722162641e-16
291,-0.269386112522316,0.93710357253246,2.60417219898897,-0.241628620557041,2.49134046725885e-13,2.76065350609258e-13,0.93710357253246,-6.66133814775094e-15,-6.44131300395824e-15,0,0.728944552011769,0.728944552001603,2,1,0,0
292,-0.273222529327679,0.936020154696518,2.59901126986741,-0.245656052976733,2.47690756793872e-13,2.73634812419859e-13,0.936020154696518,-2.22044604925031e-15,-2.17734335349909e-15,6.66133814775094e-16,0.756240569399793,0.756240569389686,2,1,0,6.66133814775094e-16
293,-0.277042654459434,0.934909783911763,2.59404197557094,-0.24967811233438,2.49467113633273e-13,2.74465842274288e-13,0.934909783911763,0,0,4.44089209850063e-16,0.784490389970173,0.784490389959981,2,1,0,4.44089209850063e-16
294,-0.280844923367761,0.933772729175541,2.58926195442825,-0.253693210597091,2.52131648892373e-13,2.75444999313287e-13,0.933772729175541,-2.22044604925031e-15,-2.17404211483079e-15,8.88178419700125e-16,0.813687821094379,0.813687821084081,2,1,0,8.88178419700125e-16
295,-0.284627789700171,0.932609337559034,2.58466816265247,-0.257699769673645,2.50466314355435e-13,2.73033230713605e-13,0.932609337559034,0,0,4.44089209850063e-16,0.843824158593032,0.843824158582795,2,1,0,4.44089209850063e-16
296,-0.288389742818959,0.931420026445906,2.58025694322576,-0.261696238913843,2.50577336657898e-13,2.71667065124833e-13,0.931420026445906,-2.22044604925031e-15,-2.17060016227937e-15,4.44089209850063e-16,0.874888425205403,0.874888425195168,2,1,0,4.44089209850063e-16
297,-0.292129322751375,0.930205275251949,2.57602410054441,-0.265681110170469,2.52686760404686e-13,2.72675405642189e-13,0.930205275251949,-8.88178419700125e-15,-8.6753053304107e-15,2.22044604925031e-16,0.906867628864191,0.906867628853877,2,1,0,2.22044604925031e-16
298,-0.295845132424112,0.928965616923017,2.57196497829231,-0.269652930243971,2.51021425867748e-13,2.69924756517697e-13,0.928965616923017,-6.66133814775094e-15,-6.50105196980485e-15,8.88178419700125e-16,0.939747031141421,0.939747031131163,2,1,0,8.88178419700125e-16
299,-0.299535847170828,0.927701629478954,2.56807453813521,-0.273610310667512,2.55573340268711e-13,2.74132076658553e-13,0.927701629478954,0,0,1.33226762955019e-15,0.973510417024658,0.973510417014225,2,1,0,1.33226762955019e-15
300,-0.303200221619383,0.926413927830951,2.56434743707263,-0.277551934910341,2.53130849614536e-13,2.70769770447737e-13,0.926413927830951,-2.22044604925031e-15,-2.13351198747985e-15,8.88178419700125e-16,1.008140358361,1.00814035835069,2,1,0,8.88178419700125e-16
301,-0.306837094156956,0.925103156053784,2.5607781016134,-0.281476563172507,2.53352894219461e-13,2.7015253761326e-13,0.925103156053784,-4.44089209850063e-15,-4.26393540007747e-15,3.05311331771918e-16,1.04361846471451,1.04361846470417,2,1,0,3.05311331771918e-16
302,-0.310445389236202,0.92376998024705,2.55736079731669,-0.285383035013307,2.53574938824386e-13,2.70022866235963e-13,0.92376998024705,-6.66133814775094e-15,-6.39125800999017e-15,8.88178419700125e-16,1.07992561686795,1.07992561685761,2,1,0,8.88178419700125e-16
303,-0.314024117823554,0.922415082074035,2.55408969262731,-0.289270270098542,2.5157653738006e-13,2.67036619525537e-13,0.922415082074035,-8.88178419700125e-15,-8.62979720056557e-15,4.44089209850063e-16,1.11704217966898,1.11704217965869,2,1,0,4.44089209850063e-16
304,-0.317572376305752,0.921039153026206,2.5509589163058,-0.293137267371028,2.54130050336698e-13,2.68565098717653e-13,0.921039153026206,-4.44089209850063e-15,-4.31086500275931e-15,1.33226762955019e-15,1.15494819225196,1.15494819224158,2,1,0,1.33226762955019e-15
305,-0.321089344166519,0.9196428894267,2.54796260808928,-0.296983102948945,2.53352894219461e-13,2.67142496331074e-13,0.9196428894267,-4.44089209850063e-15,-4.25151559688161e-15,1.11022302462516e-15,1.19362353482977,1.19362353481943,2,1,0,1.11022302462516e-15
306,-0.324574280726704,0.918226988158378,2.54509496250487,-0.300806927041367,2.57571741713036e-13,2.70962131671347e-13,0.918226988158378,0,0,8.88178419700125e-16,1.23304807220017,1.23304807218966,2,1,0,8.88178419700125e-16
307,-0.328026521213103,0.916792143081252,2.542350265989,-0.304607960145221,2.54574139546548e-13,2.66980306217132e-13,0.916792143081252,0,0,2.22044604925031e-15,1.27320177484161,1.2732017748312,2,1,0,2.22044604925031e-15
308,-0.331445472387399,0.915339042089293,2.53972292764242,-0.308385488756274,2.54241072639161e-13,2.67514152693074e-13,0.915339042089293,0,0,1.33226762955019e-15,1.31406481901034,1.31406481899993,2,1,0,1.33226762955019e-15
309,-0.334830607930509,0.913868364747847,2.53720750407382,-0.312138860792321,2.56128451781024e-13,2.67996344118702e-13,0.913868364747847,0,0,8.88178419700125e-16,1.35561766759025,1.35561766757978,2,1,0,8.88178419700125e-16
310,-0.338181463742389,0.912380780448055,2.53479871886597,-0.315867480892332,2.55795384873636e-13,2.66820785937047e-13,0.912380780448055,0,0,8.88178419700125e-16,1.39784113365012,1.39784113363967,2,1,0,8.88178419700125e-16
311,-0.341497633283748,0.910876947013981,2.53249147723784,-0.319570805722501,2.57682764015499e-13,2.68739489189098e-13,0.910876947013981,0,0,1.11022302462516e-15,1.44071642872903,1.4407164287185,2,1,0,1.11022302462516e-15
312,-0.344778763055841,0.909357509699781,2.53028087648582,-0.32324833939018,2.56905607898261e-13,2.67701456844072e-13,0.909357509699781,0,0,1.77635683940025e-15,1.48422519785258,1.48422519784208,2,1,0,1.77635683940025e-15
313,-0.348024548288873,0.907823100517758,2.52816221277686,-0.326899629040744,2.60902410786912e-13,2.71762221950402e-13,0.907823100517758,-4.44089209850063e-15,-4.27159480869624e-15,5.55111512312578e-16,1.52834954319288,1.52834954318222,2,1,0,5.55111512312578e-16
314,-0.351234728886861,0.906274337843057,2.52613098483527,-0.33052426068985,2.58904009342587e-13,2.69093676109614e-13,0.906274337843057,-0.00723009123714924,-0.00722970238707615,6.66133814775094e-16,1.57307203814939,1.57307203813881,2,1,0,6.66133814775094e-16
315,-0.35440908565914,0.904711826245863,2.52418289502576,-0.334121855325446,2.60236276972137e-13,2.70551859833038e-13,0.904711826245863,-0.0243233250700703,-0.0243221139519065,4.44089209850063e-16,1.61837573347503,1.6183757334644,2,1,0,4.44089209850063e-16
316,-0.357547436853658,0.903136156508038,2.52231384828943,-0.33769206529841,2.57793786317961e-13,2.67938425648197e-13,0.903136156508038,-0.0416614442179752,-0.0416595890561545,1.11022302462516e-15,1.66424415688497,1.66424415687442,2,1,0,1.11022302462516e-15
317,-0.360649634996609,0.901547905786056,2.52051994933941,-0.341234571009872,2.61346499996762e-13,2.70683165855499e-13,0.901547905786056,-0.059237875305731,-0.0592355095312485,1.33226762955019e-15,1.71066130743176,1.71066130742109,2,1,0,1.33226762955019e-15
318,-0.363715564033714,0.89994763788809,2.51879749847485,-0.344749077893404,2.62123656113999e-13,2.71138924793317e-13,0.89994763788809,-0.0770473699220964,-0.0770445563735982,1.13797860024079e-15,1.75761164573851,1.75761164572781,2,1,0,1.13797860024079e-15
319,-0.366745136762951,0.898335903637381,2.51714298632352,-0.34823531368449,2.62678767626312e-13,2.71861418142797e-13,0.898335903637381,-0.0950835687045748,-0.0950804704644204,1.11022302462516e-15,1.80508008104282,1.80508008103208,2,1,0,1.11022302462516e-15
320,-0.369738292543874,0.896713241298894,2.51555308777937,-0.35169302596465,2.64566146768175e-13,2.73519539235409e-13,0.896713241298894,-0.113344170008094,-0.113340997186608,5.55111512312578e-17,1.85305195584585,1.85305195583505,2,1,0,5.55111512312578e-17
321,-0.372694995266135,0.895080177049934,2.5140246553604,-0.355121979964673,2.6345592374355e-13,2.71801393949558e-13,0.895080177049934,-0.131820842056305,-0.13181763316202,8.60422844084496e-16,1.90151302883758,1.90151302882681,2,1,0,8.60422844084496e-16
322,-0.3756152315582,0.893437225478986,2.51255471217532,-0.358521956609536,2.66453525910038e-13,2.75565115806996e-13,0.893437225478986,-0.15050945876997,-0.150506447917264,8.60422844084496e-16,1.95044945665141,1.95044945664052,2,1,0,8.60422844084496e-16
323,-0.378499009216608,0.891784890100026,2.51114044465533,-0.361892750786727,2.64566146768175e-13,2.73164431998498e-13,0.891784890100026,-0.169406096428948,-0.16940319783856,5.55111512312578e-16,1.99984777489886,1.99984777488804,2,1,0,5.55111512312578e-16
324,-0.381346355836233,0.890123663871981,2.50977919517827,-0.365234169819476,2.692290834716e-13,2.77182747312845e-13,0.890123663871981,-0.188504996384311,-0.18850234988874,1.33226762955019e-15,2.04969487885417,2.04969487884318,2,1,0,1.33226762955019e-15
325,-0.384157317622445,0.888454029715358,2.50846845468831,-0.36854603212678,2.665645482125e-13,2.74138901503937e-13,0.888454029715358,-0.207801488318848,-0.207799273955976,5.27355936696949e-16,2.09997800407655,2.09997800406566,2,1,0,5.27355936696949e-16
326,-0.386931958366907,0.886776461019681,2.50720585539266,-0.3718281660527,2.68229882749438e-13,2.7612520556848e-13,0.886776461019681,-0.227292290735412,-0.227290377482678,8.88178419700125e-16,2.15068470720482,2.15068470719384,2,1,0,8.88178419700125e-16
327,-0.389670358569894,0.885091422137063,2.5059891635995,-0.375080408848484,2.6700863742235e-13,2.74817415300968e-13,0.885091422137063,-0.246971626475858,-0.246970067218633,1.77635683940025e-15,2.20180284709642,2.20180284708549,2,1,0,1.77635683940025e-15
328,-0.392372614693038,0.883399368858302,2.50481627274546,-0.378302605792,2.6700863742235e-13,2.74604499186708e-13,0.883399368858302,-0.266835788724795,-0.266834706281383,4.44089209850063e-16,2.25332056645031,2.25332056643938,2,1,0,4.44089209850063e-16
329,-0.395038838527815,0.881700748869041,2.50368519664922,-0.381494609430198,2.74336109384876e-13,2.82517974760117e-13,0.881700748869041,-0.286880516673227,-0.28687979258753,4.44089209850063e-16,2.30522627400808,2.30522627399685,2,1,0,4.44089209850063e-16
330,-0.397669156666176,0.879996002184286,2.50259406301702,-0.384656278931522,2.74780198594726e-13,2.82066261252049e-13,0.879996002184286,-0.307100687716617,-0.307100221063957,5.55111512312578e-16,2.35750862740383,2.3575086273926,2,1,0,5.55111512312578e-16
331,-0.40026371006094,0.878285561560165,2.50154110721691,-0.387787479536201,2.79110068390764e-13,2.86133559012821e-13,0.878285561560165,-0.327494482668205,-0.327494312151951,0,2.41015651671158,2.41015651670017,2,1,0,0
332,-0.402822653664886,0.876569852882525,2.50052466633305,-0.390888082093681,2.73225886360251e-13,2.8014015140423e-13,0.876569852882525,-0.348055816171464,-0.348055801563709,0,2.46315904871068,2.46315904869951,2,1,0,0
333,-0.405346156138272,0.874849295532083,2.49954317350389,-0.393957962677307,2.75113265502114e-13,2.81697522984086e-13,0.874524695293222,-0.368780754683617,-0.368780717646147,1.11022302462516e-16,2.51650553188981,2.51650553187857,2,1,0,1.11022302462516e-16
334,-0.407834399615825,0.873124302726476,2.49859515254561,-0.396997002267546,2.74558153989801e-13,2.81516190492809e-13,0.872167628063945,-0.389666653000433,-0.389666468535174,0,2.57018546218115,2.57018546216992,2,1,0,0
335,-0.410287579524899,0.871395281839475,2.49767921285712,-0.400005086495753,2.74669176292264e-13,2.81248238487215e-13,0.869788565468982,-0.410708675083533,-0.410708023055762,9.71445146547012e-16,2.62418850942443,2.62418850941318,2,1,0,9.71445146547012e-16
336,-0.412705904447512,0.869662634698057,2.49679404460143,-0.402982105441518,2.76334510829201e-13,2.83015874160622e-13,0.867387809439035,-0.431903012497561,-0.431901797202532,0,2.67850450454074,2.67850450452943,2,1,0,0
337,-0.415089596019691,0.86792675785798,2.49593841415551,-0.405927953477272,2.74447131687339e-13,2.80897252647537e-13,0.864965657173405,-0.453246257425428,-0.453244029554,1.33226762955019e-15,2.73312342739813,2.7331234273869,2,1,0,1.33226762955019e-15
338,-0.417438888862154,0.866188042858658,2.49511115981951,-0.408842529154531,2.76778600039052e-13,2.8340281996942e-13,0.86252233280767,-0.474734049412935,-0.474730434067385,6.66133814775094e-16,2.78803539534675,2.78803539533541,2,1,0,6.66133814775094e-16
339,-0.419754030537165,0.864446876458209,2.49431118777553,-0.411725735126861,2.75557354711964e-13,2.82528287617045e-13,0.860058042416281,-0.496362681742655,-0.496357253086466,2.22044604925031e-16,2.8432306523951,2.84323065238381,2,1,0,2.22044604925031e-16
340,-0.422035281526671,0.862703640849429,2.49353746828458,-0.414577478105075,2.75668377014426e-13,2.83018874940365e-13,0.857573247475918,-0.518129284735998,-0.518121910625214,8.32667268468867e-16,2.89869955900585,2.89869955899455,2,1,0,8.32667268468867e-16
341,-0.424282915227619,0.860958713857667,2.49278903211112,-0.417397668840807,2.77444733853827e-13,2.83264330409753e-13,0.855068244319981,-0.54002830146398,-0.54001789492395,8.04911692853238e-16,2.95443258247859,2.95443258246724,2,1,0,8.04911692853238e-16
342,-0.42649721796051,0.859212469121345,2.49206496716329,-0.420186222134957,2.77555756156289e-13,2.86572487475155e-13,0.852543331837902,-0.562058212567262,-0.562045349164751,4.44089209850063e-16,3.01042028789716,3.01042028788582,2,1,0,4.44089209850063e-16
343,-0.428678488987805,0.857465276255975,2.49136441533786,-0.422943056867889,2.8066438062524e-13,2.87587739147956e-13,0.849998722465045,-0.584214609257416,-0.584197472166715,3.33066907387547e-16,3.06665332961322,3.06665332960171,2,1,0,3.33066907387547e-16
344,-0.430827040539142,0.855717501002462,2.49068656955852,-0.425668096048747,2.78999046088302e-13,2.85474396279822e-13,0.847434645664106,-0.606492173425004,-0.606471255095748,6.66133814775094e-16,3.12312244323959,3.12312244322816,2,1,0,6.66133814775094e-16
345,-0.432943197840328,0.853969505360377,2.49003067099637,-0.428361266881316,2.8110846983509e-13,2.87118468608711e-13,0.844851555435463,-0.628889848606549,-0.628863518551898,4.9960036108132e-16,3.17981843813383,3.17981843812235,2,1,0,4.9960036108132e-16
346,-0.435027299143896,0.852221647706974,2.48939600646251,-0.431022500844467,2.79665179903077e-13,2.85672138433434e-13,0.842249752189058,-0.651401821545718,-0.651369677056885,4.44089209850063e-16,3.23673219034213,3.23673219033069,2,1,0,4.44089209850063e-16
347,-0.437079695758555,0.850474282902534,2.48878190596175,-0.43365173378503,2.78110867668602e-13,2.86200643006079e-13,0.839629540822697,-0.674025376226215,-0.673986465766014,6.93889390390723e-16,3.2938546359888,3.29385463597739,2,1,0,6.93889390390723e-16
348,-0.439100752075663,0.848727762382627,2.48818774039826,-0.436248906021635,2.81663581347402e-13,2.87635707895261e-13,0.83699122109376,-0.696756917200183,-0.696709995692272,4.44089209850063e-16,3.35117676508845,3.35117676507694,2,1,0,4.44089209850063e-16
349,-0.441090845590623,0.846982434237926,2.48761291942323,-0.438813962457806,2.81330514440015e-13,2.87041428329222e-13,0.834334867729457,-0.719591781724311,-0.719536501599831,1.11022302462516e-15,3.40868961576241,3.40868961575088,2,1,0,1.11022302462516e-15
350,-0.443050366917474,0.84523864328194,2.48705688941601,-0.441346852703037,2.83217893581877e-13,2.89406651995448e-13,0.831661020961172,-0.742527206582468,-0.742462219147255,3.33066907387547e-16,3.46638426884589,3.4663842688343,2,1,0,3.33066907387547e-16
351,-0.444979719795015,0.843496731107268,2.48651913159006,-0.443847531200658,2.81774603649865e-13,2.87733654946141e-13,0.828969988978835,-0.765559364384836,-0.765483353833451,3.88578058618805e-16,3.52425184286656,3.52425184285502,2,1,0,3.88578058618805e-16
352,-0.446879321082796,0.841757036130667,2.48599916021545,-0.446315957361222,2.8199664825479e-13,2.87310918857575e-13,0.826262082996405,-0.788683767193823,-0.788596100027667,6.66133814775094e-16,3.58228348938702,3.58228348937548,2,1,0,6.66133814775094e-16
353,-0.448749600745757,0.840019893627382,2.4854965209509,-0.448752095700676,2.82995848976952e-13,2.89659474001163e-13,0.823537616930196,-0.811898246891627,-0.811796620841515,6.66133814775094e-16,3.64047038869385,3.64047038868224,2,1,0,6.66133814775094e-16
354,-0.450591001825955,0.838285635755015,2.48501078927768,-0.451155915982157,2.83106871279415e-13,2.89210221240511e-13,0.820796880123609,-0.835196604656807,-0.835081067014081,2.22044604925031e-16,3.69880374582786,3.69880374581628,2,1,0,2.22044604925031e-16
355,-0.452403980400219,0.836554591567263,2.48454156902892,-0.453527393360768,2.85882428840978e-13,2.90284959356122e-13,0.81804000854574,-0.858577702907872,-0.858445811807726,6.66133814775094e-16,3.7572747869442,3.7572747869326,2,1,0,6.66133814775094e-16
356,-0.454189005522253,0.83482708701781,2.48408849100741,-0.45586650853026,2.84994250421278e-13,2.91542039981144e-13,0.815267524209747,-0.882036814851836,-0.881886169053149,5.55111512312578e-16,3.81587475599834,3.81587475598668,2,1,0,5.55111512312578e-16
357,-0.455946559149051,0.833103444954498,2.48365121168804,-0.458173247871678,2.84550161211428e-13,2.89927491515687e-13,0.81247974659054,-0.905568609995251,-0.905399770183752,1.11022302462516e-15,3.87459491174271,3.87459491173105,2,1,0,1.11022302462516e-15
358,-0.457677136048783,0.831383985104148,2.48322941199558,-0.460447603602052,2.84883228118815e-13,2.90184178290125e-13,0.809676997390578,-0.929172296119816,-0.928980971583435,6.66133814775094e-16,3.93342652504644,3.93342652503478,2,1,0,6.66133814775094e-16
359,-0.459381243690891,0.829669024048073,2.48282279615631,-0.462689573923716,2.88769008705003e-13,2.93434778725505e-13,0.806859602295311,-0.952841440064236,-0.952627121745268,7.7715611723761e-16,3.99236087651737,3.99236087650556,2,1,0,7.7715611723761e-16
360,-0.46105940211657,0.827958875188548,2.48243109061679,-0.464899163173026,2.85771406538515e-13,2.90681114873421e-13,0.804027886469181,-0.976573108874441,-0.976334641166068,2.22044604925031e-16,4.05138925443161,4.0513892544199,2,1,0,2.22044604925031e-16
361,-0.462712143788677,0.826253848706312,2.48205404302493,-0.46707638196793,2.88769008705003e-13,2.9488192238788e-13,0.80118210528414,-1.00036330724133,-1.00009798336837,5.55111512312578e-16,4.11050295297239,4.11050295296057,2,1,0,5.55111512312578e-16
362,-0.464340013420685,0.824554251509332,2.4816914212705,-0.469221247354102,2.86104473445903e-13,2.9240901036468e-13,0.798322518549085,-1.02420704449455,-1.02391445742741,6.66133814775094e-16,4.1696932707682,4.16969327075645,2,1,0,6.66133814775094e-16
363,-0.465943567783379,0.822860387172893,2.48134301257939,-0.471333782948739,2.86770607260678e-13,2.91783344933468e-13,0.795449597958057,-1.04810448373172,-1.04777913542814,1.11022302462516e-15,4.22895150974016,4.22895150972842,2,1,0,1.11022302462516e-15
364,-0.467523375488997,0.821172555871183,2.48100862265944,-0.473414019081873,2.91322521661641e-13,2.9617843392771e-13,0.792563674607883,-1.07204708379891,-1.07168854169575,1.99840144432528e-15,4.28826897425106,4.28826897423916,2,1,0,1.99840144432528e-15
365,-0.469080016751725,0.819491054300526,2.48068807489319,-0.475461992934279,2.89657187124703e-13,2.94550337935211e-13,0.789665084325943,-1.09603343247756,-1.09563820650401,6.66133814775094e-16,4.34763697056257,4.3476369705507,2,1,0,6.66133814775094e-16
366,-0.470614083124297,0.81781617559434,2.48038120957506,-0.477477748671791,2.92987856198579e-13,2.98038372920767e-13,0.786754161280731,-1.12005826891818,-1.11962478621526,9.99200722162641e-16,4.40704680659955,4.40704680658756,2,1,0,9.99200722162641e-16
367,-0.472126177209758,0.816148209230056,2.48008788318942,-0.479461337575212,2.96762614482304e-13,3.02628197250649e-13,0.783831240739455,-1.14411693892192,-1.14364467297828,8.88178419700125e-16,4.46648979202419,4.46648979201207,2,1,0,8.88178419700125e-16
368,-0.473616912348177,0.814487440928114,2.47980796772705,-0.481412818165496,2.93209900803504e-13,2.98966583806241e-13,0.780896658937523,-1.16821013955023,-1.16769199484859,5.55111512312578e-16,4.52595723862127,4.52595723860925,2,1,0,5.55111512312578e-16
369,-0.475086912277674,0.812834152543206,2.47954135003705,-0.483332256323455,2.93209900803504e-13,2.98209617591182e-13,0.777950715001016,-1.19232872438853,-1.19176417033704,1.31838984174237e-15,4.58544046099791,4.58544046098592,2,1,0,1.31838984174237e-15
370,-0.476536810769409,0.811188621948028,2.47928793121179,-0.485219725403569,2.95652391457679e-13,3.01146078781597e-13,0.77499364206775,-1.21647008821476,-1.21585524700121,3.33066907387547e-16,4.64493077759906,4.64493077758696,2,1,0,3.33066907387547e-16
371,-0.477967251236472,0.809551122909696,2.47904762600309,-0.487075306341369,2.93431945408429e-13,2.96909112884273e-13,0.772025924475845,-1.24063111817404,-1.23996438374126,4.44089209850063e-16,4.70441951203841,4.70441951202645,2,1,0,4.44089209850063e-16
372,-0.479378886312301,0.807921924959702,2.47882036225903,-0.488899087750703,2.94875235340442e-13,2.99386461949701e-13,0.769047900838392,-1.26480764980024,-1.26408382523088,8.88178419700125e-16,4.76389799478072,4.76389799476865,2,1,0,8.88178419700125e-16
373,-0.480772377282504,0.806301293276638,2.4786060801518,-0.490691165918864,2.94986257642904e-13,3.00808180078779e-13,0.766059909924004,-1.28899499295209,-1.28821166735575,1.33226762955019e-15,4.82335756604759,4.82335756603554,2,1,0,1.33226762955019e-15
374,-0.482148394357006,0.804689488421881,2.47840473313434,-0.492451645475611,2.94986257642904e-13,3.00923409707286e-13,0.763062290304486,-1.31318813946546,-1.31234371431105,5.27355936696949e-16,4.88278957249566,4.88278957248359,2,1,0,5.27355936696949e-16
375,-0.483507614528894,0.803086766455825,2.4782162842282,-0.494180638175748,2.92654789291191e-13,2.99167657025206e-13,0.760055380164349,-1.33738702004165,-1.33647435244722,8.88178419700125e-16,4.9421853822561,4.94218538224407,2,1,0,8.88178419700125e-16
376,-0.484850722844283,0.80149337849216,2.47804070909138,-0.495878264376074,2.94542168433054e-13,3.0141793455578e-13,0.757039517868853,-1.36158311072451,-1.36060112005625,8.32667268468867e-16,5.00153637428066,5.00153637426859,2,1,0,8.32667268468867e-16
377,-0.486178410866292,0.799909570695596,2.47787799363838,-0.497544652316318,2.92099677778879e-13,2.97504841185665e-13,0.754015040524344,-1.38577482504717,-1.38471855092546,7.7715611723761e-16,5.06083394909533,5.06083394908335,2,1,0,7.7715611723761e-16
378,-0.487491376328566,0.798335584079639,2.47772813407149,-0.499179938344517,2.94764213037979e-13,2.99428895001837e-13,0.750982283536684,-1.40995808190932,-1.40882300550777,1.33226762955019e-15,5.12006953059515,5.12006953058309,2,1,0,1.33226762955019e-15
379,-0.488790322530046,0.796771654336908,2.47759113646808,-0.500784266947923,2.96540569877379e-13,3.0312515496589e-13,0.747941580985812,-1.43412605864224,-1.43290930143635,8.88178419700125e-16,5.17923456996461,5.1792345699525,2,1,0,8.88178419700125e-16
380,-0.490075957710105,0.795218011665044,2.47746701639421,-0.502357790775818,2.91766610871491e-13,3.0144930184705e-13,0.744893265308435,-1.45828059123939,-1.45697633573109,9.15933995315754e-16,5.23832054985706,5.23832054984498,2,1,0,9.15933995315754e-16
381,-0.491348994399501,0.793674880589533,2.4773557985325,-0.503900670649502,2.94764213037979e-13,3.00751017264449e-13,0.741837666960901,-1.48241169872532,-1.48101645508774,1.11022302462516e-15,5.29731898887606,5.29731898886394,2,1,0,1.11022302462516e-15
382,-0.492610148750569,0.792142479783508,2.47725751632814,-0.505413075561069,2.97206703692154e-13,3.01760093095763e-13,0.738775056961231,-1.50651906176036,-1.50502790220347,1.74860126378462e-15,5.35622144633548,5.35622144632332,2,1,0,1.74860126378462e-15
383,-0.493860139843741,0.790621021886005,2.47717221164453,-0.506895182657034,2.93876034618279e-13,3.01790347193119e-13,0.735705779669836,-1.53059698598227,-1.52900527796508,8.88178419700125e-16,5.41501952731513,5.41501952730304,2,1,0,8.88178419700125e-16
384,-0.495099688974617,0.789110713318743,2.47709993443374,-0.508347177208866,2.95541369155217e-13,3.01560625165989e-13,0.732630205837937,-1.55464173526216,-1.55294439573768,1.55431223447522e-15,5.47370488798124,5.47370488796913,2,1,0,1.55431223447522e-15
385,-0.496329518921817,0.787611754102368,2.47704074241888,-0.509769252569101,2.97761815204467e-13,3.03211997838054e-13,0.729548655403917,-1.57864991205264,-1.57684272337353,8.32667268468867e-16,5.53226924116762,5.53226924115541,2,1,0,8.32667268468867e-16
386,-0.497550353196694,0.786124337673035,2.47699470078716,-0.51116161011212,2.96207502969992e-13,3.01182872516465e-13,0.726461442823592,-1.60261738967398,-1.60069361631154,8.88178419700125e-16,5.5907043622047,5.59070436219255,2,1,0,8.88178419700125e-16
387,-0.49876291527701,0.784648650699922,2.47696188189408,-0.512524459159769,2.98538971321705e-13,3.03129703468818e-13,0.723368880930398,-1.62653931184444,-1.62449643188869,4.44089209850063e-16,5.64900209498106,5.64900209496885,2,1,0,4.44089209850063e-16
388,-0.499967927825954,0.783184872904652,2.47694236497774,-0.51385801689107,2.97872837506929e-13,3.02874072254395e-13,0.720271280826893,-1.65041529655785,-1.64824440367923,6.66133814775094e-16,5.70715435821959,5.70715435820738,2,1,0,6.66133814775094e-16
389,-0.501166111898349,0.781733176883386,2.47693623588277,-0.51516250823573,2.98538971321705e-13,3.03188222005629e-13,0.717168945272291,-1.67423588521651,-1.67193521079685,2.22044604925031e-15,5.76515315195245,5.76515315194023,2,1,0,2.22044604925031e-15
390,-0.502358186136013,0.780293727932428,2.47694358679388,-0.516438165751264,2.98649993624167e-13,3.04772010027348e-13,0.714062171906649,-1.69800433270073,-1.69556425425453,8.88178419700125e-16,5.82299056417501,5.82299056416277,2,1,0,8.88178419700125e-16
391,-0.503544865954148,0.778866683878258,2.47696451597816,-0.517685229483251,3.01314528883267e-13,3.09236646294963e-13,0.710951257683495,-1.72171096698365,-1.71912720978764,1.11022302462516e-15,5.88065877765823,5.88065877764592,2,1,0,1.11022302462516e-15
392,-0.504726862720937,0.77745219491282,2.4769991275363,-0.518903946808737,2.99538172043867e-13,3.04005025566559e-13,0.70783649731857,-1.74535506246533,-1.74262157365338,8.88178419700125e-16,5.93815007689815,5.9381500768859,2,1,0,8.88178419700125e-16
393,-0.505904882932496,0.77605040343493,2.47704753116219,-0.52009457226252,3.0098146197588e-13,3.0777687174871e-13,0.704718179136249,-1.76893206587492,-1.76604172120779,1.33226762955019e-15,5.99545685517941,5.99545685516716,2,1,0,1.33226762955019e-15
394,-0.507079627385426,0.77466144389867,2.47710984191089,-0.521257367346302,3.01203506580805e-13,3.05713091755835e-13,0.701596585304179,-1.7924378725939,-1.78938646932709,4.44089209850063e-16,6.05257162172993,6.0525716217176,2,1,0,4.44089209850063e-16
395,-0.508251790349195,0.773285442669666,2.47718617997458,-0.522392600320616,3.00204305858642e-13,3.04755670212674e-13,0.69847199716912,-1.81587123538997,-1.81265027362987,1.77635683940025e-15,6.10948700893941,6.10948700892711,2,1,0,1.77635683940025e-15
396,-0.509422058740842,0.771922517889918,2.47727667046669,-0.523500545979775,3.02535774210355e-13,3.07561552430104e-13,0.695344692894763,-1.83922690919638,-1.83583052079045,8.88178419700125e-16,6.16619577962105,6.16619577960866,2,1,0,8.88178419700125e-16
397,-0.510591111304226,0.770572779352164,2.47738144321382,-0.524581485409792,3.01647595790655e-13,3.07269517417076e-13,0.692214664245044,-1.8625017843756,-1.8589229841082,1.11022302462516e-15,6.22269083428475,6.2226908342724,2,1,0,1.11022302462516e-15
398,-0.511759617796367,0.769236328384369,2.47750063255574,-0.525635705729692,2.95985458365067e-13,3.10220723921585e-13,0.689082358944554,-1.8856926562138,-1.88192421775889,6.66133814775094e-16,6.27896521839978,6.27896521838747,2,1,0,6.66133814775094e-16
399,-0.512928238182747,0.767913257745321,2.47763437715232,-0.526663499815884,3.03423952630055e-13,3.07993616039092e-13,0.685948088673828,-1.9087966447757,-1.90483154965307,1.11022302462516e-15,6.33501212961893,6.33501212960653,2,1,0,1.11022302462516e-15
400,-0.514097621845413,0.76660365153139,2.47778281980041,-0.527665166011712,3.0364599723498e-13,3.09602170884007e-13,0.682812112250095,-1.9318109477019,-1.92764131622152,2.22044604925031e-16,6.39082492493434,6.39082492492194,2,1,0,2.22044604925031e-16
401,-0.515268406803783,0.765307585096035,2.47794610725579,-0.528641007819771,3.04978264864531e-13,3.10584340512521e-13,0.679674683043728,-1.9547316510838,-1.95035116732555,7.7715611723761e-16,6.44639712774559,6.4463971277331,2,1,0,7.7715611723761e-16
402,-0.516441218952875,0.764025124981682,2.47812439006504,-0.52959133358033,3.02979863420205e-13,3.13009085472915e-13,0.676535846876669,-1.97755535790769,-1.97295671086174,1.22124532708767e-15,6.50172243480528,6.50172243479284,2,1,0,1.22124532708767e-15
403,-0.517616671319608,0.762756328865007,2.47831782240427,-0.530516456134681,3.04423153352218e-13,3.09880877310004e-13,0.673395706132882,-2.00028177526567,-1.99545401366591,1.33226762955019e-15,6.55679472302427,6.5567947230118,2,1,0,1.33226762955019e-15
404,-0.51879536334025,0.761501245515772,2.47852656192668,-0.531416692475126,3.03868041839905e-13,3.09895580170558e-13,0.670254566412898,-2.02290585097425,-2.01784458867853,9.99200722162641e-16,6.61160805610426,6.61160805609179,2,1,0,9.99200722162641e-16
405,-0.519977880160088,0.760259914769869,2.47875076961697,-0.532292363381203,3.05533376376843e-13,3.10226660864596e-13,0.667112707671829,-2.04542384191843,-2.04012066733411,8.88178419700125e-16,6.66615669098068,6.66615669096818,2,1,0,8.88178419700125e-16
406,-0.521164791958326,0.759032367516413,2.478990609655,-0.533143793044305,3.07420755518706e-13,3.11836616872073e-13,0.663970398441613,-2.06783688843783,-2.06228085014704,1.66533453693773e-15,6.72043508404809,6.72043508403553,2,1,0,1.66533453693773e-15
407,-0.522356653299112,0.75781862569949,2.47924624928673,-0.533971308680338,3.06310532494081e-13,3.11807671630951e-13,0.660827757024001,-2.09014096516977,-2.08432625419561,4.44089209850063e-16,6.77443789714858,6.77443789713605,2,1,0,4.44089209850063e-16
408,-0.523554002510873,0.756618702334358,2.47951785870379,-0.534775240132093,3.07087688611318e-13,3.16003594461875e-13,0.657684422897682,-2.11233154542337,-2.10624889440703,2.22044604925031e-15,6.8281600033033,6.82816000329071,2,1,0,2.22044604925031e-15
409,-0.524757361095216,0.755432601538305,2.47980561093118,-0.53555591946191,3.06199510191618e-13,3.15373058894238e-13,0.654541513662721,-2.13440853729241,-2.1280493459825,1.33226762955019e-15,6.88159649216764,6.88159649215508,2,1,0,1.33226762955019e-15
410,-0.525967233166889,0.754260318575983,2.48010968172336,-0.536313680535839,3.09308134660569e-13,3.13902538640095e-13,0.651397997364136,-2.15637060206099,-2.14972551985497,1.55431223447522e-15,6.93474267519399,6.93474267518139,2,1,0,1.55431223447522e-15
411,-0.527184104925773,0.753101839919163,2.48043024946843,-0.53704885860007,3.07753822426093e-13,3.12600623641743e-13,0.648255209746856,-2.17821345520042,-2.17127413923534,1.11022302462516e-15,6.98759409048848,6.98759409047589,2,1,0,1.11022302462516e-15
412,-0.528408444162074,0.751957143320609,2.48076749510099,-0.537761789850946,3.08642000845794e-13,3.13740487347212e-13,0.645112097636877,-2.19993601685023,-2.19269317322123,1.33226762955019e-15,7.04014650734603,7.0401465073334,2,1,0,1.33226762955019e-15
413,-0.529640699795408,0.750826197901775,2.48112160202317,-0.538452810999439,3.09974268475344e-13,3.13817614593596e-13,0.64196964397207,-2.22153702747511,-2.21398047684799,8.88178419700125e-16,7.09239593045701,7.09239593044435,2,1,0,8.88178419700125e-16
414,-0.530881301448402,0.749708964253957,2.48149275603406,-0.53912225883125,3.08530978543331e-13,3.13872289050072e-13,0.638827737547515,-2.24301232503157,-2.23513565820302,1.11022302462516e-15,7.14433860377356,7.14433860376093,2,1,0,1.11022302462516e-15
415,-0.532130659055231,0.748605394552379,2.4818811452676,-0.539770469763582,3.10751424592581e-13,3.15078900599841e-13,0.635685916712671,-2.26436499093369,-2.25615664978561,2.4980018054066e-16,7.19597101403219,7.19597101401952,2,1,0,2.4980018054066e-16
416,-0.533389162505304,0.747515432682717,2.48228696013863,-0.540397779399672,3.10307335382731e-13,3.13931078382219e-13,0.632544989595854,-2.28559150443791,-2.27704015806069,4.44089209850063e-16,7.24728989392668,7.24728989391403,2,1,0,4.44089209850063e-16
417,-0.534657181322105,0.746439014379437,2.48271039329734,-0.54100452208211,3.09419156963031e-13,3.15790016857926e-13,0.629404878698456,-2.30668882409756,-2.29778580076831,1.77635683940025e-15,7.29829222493104,7.29829222491839,2,1,0,1.77635683940025e-15
418,-0.53593506437704,0.745376067375242,2.48315163959185,-0.54159103044602,3.13971071363994e-13,3.17995753853371e-13,0.626264877042667,-2.32765670099369,-2.318393930139,2.1094237467878e-15,7.34897523977259,7.3489752397598,2,1,0,2.1094237467878e-15
419,-0.537223139637927,0.744326511560948,2.48361089603892,-0.542157634973141,3.09308134660569e-13,3.1510162610323e-13,0.623125822624175,-2.34849470403472,-2.33885977167483,1.11022302462516e-16,7.39933642455765,7.39933642454499,2,1,0,1.11022302462516e-16
420,-0.538521713951541,0.743290259154972,2.48408836180257,-0.542704663547619,3.12305736827057e-13,3.16162971193815e-13,0.619987713822865,-2.36920022997468,-2.35918601964505,5.55111512312578e-16,7.44937352055672,7.44937352054401,2,1,0,5.55111512312578e-16
421,-0.539831072859593,0.742267214881601,2.48458423818066,-0.543232441014751,3.10751424592581e-13,3.15617247112558e-13,0.61685026694088,-2.3897731064939,-2.37936920456753,1.33226762955019e-15,7.49908452565327,7.49908452564058,2,1,0,1.33226762955019e-15
422,-0.541151480447145,0.741257276157212,2.48509872859908,-0.543741288743206,3.10862446895044e-13,3.14645766212457e-13,0.613713176109112,-2.41021689902114,-2.39940859514987,0,7.54846769546851,7.54846769545583,2,1,0,0
423,-0.542483179222487,0.740260333283498,2.48563203861352,-0.544231524191855,3.10973469197506e-13,3.14883783893862e-13,0.610577087794577,-2.43052467086703,-2.41930436691269,2.22044604925031e-16,7.5975215441713,7.59752154415861,2,1,0,2.22044604925031e-16
424,-0.54382639002726,0.739276269646806,2.4861843759185,-0.544703460481818,3.12416759129519e-13,3.17910247766974e-13,0.607442008222316,-2.45069790600231,-2.43905557639272,3.33066907387547e-16,7.6462448449872,7.64624484497443,2,1,0,3.33066907387547e-16
425,-0.54518131197548,0.738304961922626,2.48675595036363,-0.545157405974517,3.13526982154144e-13,3.17084461475015e-13,0.604306855966278,-2.47073803189272,-2.45865879780307,3.33066907387547e-16,7.69463663042067,7.69463663040791,2,1,0,3.33066907387547e-16
426,-0.546548122420019,0.737346280284277,2.48734697397658,-0.545593663856361,3.12860848339369e-13,3.17561596225746e-13,0.60117281044716,-2.49064378377964,-2.47812261072456,1.11022302462516e-15,7.74269619220787,7.74269619219515,2,1,0,1.11022302462516e-15
427,-0.547926976944946,0.736400088614833,2.48795766099283,-0.546012531730629,3.13304937549219e-13,3.18635344430055e-13,0.59803926627488,-2.51041379200785,-2.49743759275386,6.66133814775094e-16,7.79042308101677,7.790423081004,2,1,0,6.66133814775094e-16
428,-0.549318009382069,0.735466244721326,2.48858822789172,-0.546414301217095,3.1641356201817e-13,3.20534265620673e-13,0.594905936691033,-2.53004939863484,-2.51660667477651,8.88178419700125e-16,7.83781710591382,7.83781710590099,2,1,0,8.88178419700125e-16
429,-0.550721331849885,0.73454460055022,2.48923889343849,-0.546799257559844,3.13415959851682e-13,3.19778858839828e-13,0.591773669890707,-2.54955025184956,-2.53563067049398,6.10622663543836e-16,7.88487833361877,7.884878333606,2,1,0,6.10622663543836e-16
430,-0.552137034813118,0.733635002403282,2.48990987873225,-0.547167679243568,3.14526182876307e-13,3.18921057899575e-13,0.588640774063137,-2.56891657936488,-2.55450885367184,1.77635683940025e-15,7.93160708756727,7.93160708755444,2,1,0,1.77635683940025e-15
431,-0.553565187160879,0.732737291152871,2.49060140725914,-0.547519837618705,3.13971071363994e-13,3.1868015451396e-13,0.585508912012247,-2.58814871103055,-2.57324151376981,1.4432899320127e-15,7.97800394680437,7.97800394679157,2,1,0,1.4432899320127e-15
432,-0.555005836301552,0.731851302455706,2.4913137049508,-0.547855996535634,3.17079695832945e-13,3.2126496904507e-13,0.582376490965926,-2.60724707892846,-2.59182903072504,6.66133814775094e-16,8.02406974473237,8.02406974471947,2,1,0,6.66133814775094e-16
433,-0.556459008272331,0.730976866964294,2.4920470002474,-0.548176411987993,3.14637205178769e-13,3.20900016851224e-13,0.579244626158769,-2.62621228818587,-2.6102719114865,9.99200722162641e-16,8.06980556773528,8.06980556772244,2,1,0,9.99200722162641e-16
434,-0.557924707861402,0.730113810535086,2.49280152416513,-0.548481331765275,3.17967874252645e-13,3.22543494092794e-13,0.576112124214385,-2.64504477952847,-2.62857074098734,1.55431223447522e-15,8.11521275370573,8.11521275369282,2,1,0,1.55431223447522e-15
435,-0.559402918740717,0.729261954432559,2.49357751036754,-0.548770995114684,3.15747428203395e-13,3.20587854085731e-13,0.572979805878622,-2.66374550622758,-2.6467262457573,1.11022302462516e-15,8.16029289049728,8.16029289048444,2,1,0,1.11022302462516e-15
436,-0.560893603607246,0.728421115528462,2.49437519524044,-0.549045632412048,3.15747428203395e-13,3.219247688669e-13,0.569846788190866,-2.68231528206818,-2.66473939698974,1.77635683940025e-15,8.20504781432775,8.20504781431492,2,1,0,1.77635683940025e-15
437,-0.562396704330728,0.727591106495373,2.49519481796995,-0.549305464841917,3.16302539715707e-13,3.19693596219153e-13,0.566713041331291,-2.70075526697881,-2.68261050016819,9.43689570931383e-16,8.249479608158,8.24947960814515,2,1,0,9.43689570931383e-16
438,-0.563912142105762,0.726771735993972,2.49603662062312,-0.549550704086298,3.17634807345257e-13,3.23444574103616e-13,0.563578708197801,-2.7190659110307,-2.70034119236879,1.33226762955019e-15,8.29359060007096,8.2935906000581,2,1,0,1.33226762955019e-15
439,-0.56543981760629,0.725962808853207,2.49690084823073,-0.549781552022095,3.14304138271382e-13,3.18293908272834e-13,0.560443502333747,-2.73724901837178,-2.71793318931251,7.7715611723761e-16,8.33738336167639,8.33738336166364,2,1,0,7.7715611723761e-16
440,-0.566979611140411,0.725164126242842,2.4977877488718,-0.549998200426639,3.11084491499969e-13,3.16677986231039e-13,0.557307328211719,-2.75530584322943,-2.73538519873776,9.99200722162641e-16,8.3808607065648,8.38086070655212,2,1,0,9.99200722162641e-16
441,-0.568531382803566,0.724375485837683,2.49869757375921,-0.550200830691127,3.11639603012281e-13,3.14903771069375e-13,0.554169942760092,-2.7732375500362,-2.75270109414612,2.22044604925031e-16,8.42402568883587,8.42402568882324,2,1,0,2.22044604925031e-16
442,-0.570094972628156,0.723596681972998,2.49963057732595,-0.550389613541447,3.10640402290119e-13,3.15844847797429e-13,0.551030479990066,-2.79104494947118,-2.76988310478214,5.55111512312578e-16,8.46688160172516,8.46688160171256,2,1,0,5.55111512312578e-16
443,-0.571670200727711,0.722827505790556,2.50058701731136,-0.550564708765889,3.06976666308856e-13,3.1091895421646e-13,0.547889693392288,-2.80873066622441,-2.78692919970873,8.88178419700125e-16,8.50943197635236,8.50943197633986,2,1,0,8.88178419700125e-16
444,-0.573256867433757,0.722067745374824,2.50156715484692,-0.550726264949284,3.10085290777806e-13,3.1437779705739e-13,0.544747374526808,-2.8262964232222,-2.80384150604243,1.33226762955019e-15,8.55168058061568,8.55168058060305,2,1,0,1.33226762955019e-15
445,-0.574854753423593,0.721317185878944,2.50257125454065,-0.550874419212903,3.07087688611318e-13,3.10227433116611e-13,0.541602277258968,-2.84374317066499,-2.82062744547912,2.22044604925031e-16,8.59363141825246,8.59363141823998,2,1,0,2.22044604925031e-16
446,-0.576463619837273,0.720575609639943,2.50359958455979,-0.551009296959635,3.04867242562068e-13,3.1561657015727e-13,0.53845500534609,-2.86107209900637,-2.83728271489496,4.44089209850063e-16,8.63528872809289,8.63528872808041,2,1,0,4.44089209850063e-16
447,-0.578083208382104,0.71984279628301,2.50465241671085,-0.551131011623648,3.03979064142368e-13,3.07669028541144e-13,0.535305498160821,-2.87828679945718,-2.85380841541989,4.44089209850063e-16,8.67665698352275,8.67665698351039,2,1,0,4.44089209850063e-16
448,-0.579713241423068,0.719118522814319,2.50573002651632,-0.551239664424038,3.03090885722668e-13,3.0998807408876e-13,0.532153046065014,-2.89538910474578,-2.87021247966675,1.77635683940025e-15,8.7177408921822,8.71774089216993,2,1,0,1.77635683940025e-15
449,-0.581353422057646,0.718402563702275,2.50683269328721,-0.551335344121588,3.03090885722668e-13,3.05944790073185e-13,0.52899722094164,-2.91238030469749,-2.88649418972295,8.88178419700125e-16,8.75854539591695,8.75854539590465,2,1,0,8.88178419700125e-16
450,-0.583003434173558,0.717694690946812,2.50796070019063,-0.551418126778068,3.03868041839905e-13,3.08332339800029e-13,0.525838421727795,-2.92926152682814,-2.90265266210067,2.22044604925031e-16,8.79907567100378,8.79907567099145,2,1,0,2.22044604925031e-16
451,-0.584662942488057,0.716994674136558,2.50911433431151,-0.551488075517261,3.00204305858642e-13,3.06793097935957e-13,0.522676349416204,-2.9460372765067,-2.91869402214129,1.22124532708767e-15,8.83933712867043,8.83933712865823,2,1,0,1.22124532708767e-15
452,-0.586331592567416,0.716302280493687,2.51029388670734,-0.551545240286954,2.97872837506929e-13,3.01756509017192e-13,0.519509878214925,-2.96270941889766,-2.93462001770253,1.33226762955019e-15,8.87933541592671,8.87933541591462,2,1,0,1.33226762955019e-15
453,-0.588009010825439,0.715617274906254,2.51149965245509,-0.551589657621228,2.9876101592663e-13,3.06391399890439e-13,0.516339487344703,-2.97928013153425,-2.95043183656146,3.10862446895044e-15,8.91907641672741,8.91907641671526,2,1,0,3.10862446895044e-15
454,-0.589694804499738,0.714939419947928,2.51273193068903,-0.551621350402133,2.97983859809392e-13,3.01905890233703e-13,0.513165058621958,-2.99575003270774,-2.96613270376168,1.11022302462516e-15,8.95856625348181,8.95856625346975,2,1,0,1.11022302462516e-15
455,-0.591388561604795,0.714268475884945,2.51399102462833,-0.551640327620089,2.96096480667529e-13,2.99305871672434e-13,0.509986095975929,-3.01212455719822,-2.98172528111642,8.88178419700125e-16,8.9978112889296,8.9978112889176,2,1,0,8.88178419700125e-16
456,-0.593089850860726,0.71360420067024,2.51527724159309,-0.551646584132218,2.93987056920741e-13,2.97998965030761e-13,0.506801746656676,-3.02840530662114,-2.99721214859688,6.66133814775094e-16,9.03681812839715,9.0368181283852,2,1,0,6.66133814775094e-16
457,-0.594798221596908,0.712946349924696,2.51659089300748,-0.551640100417815,2.94320123828129e-13,2.97945661780517e-13,0.503612468381258,-3.0445959639371,-3.01259612110217,1.33226762955019e-15,9.07559362245013,9.07559362243821,2,1,0,1.33226762955019e-15
458,-0.596513203629627,0.712294676905434,2.51793229438839,-0.551620842330216,2.92654789291191e-13,2.95641686218953e-13,0.500417981518246,-3.06069680150246,-3.02788008784737,1.11022302462516e-15,9.11414486995811,9.11414486994622,2,1,0,1.11022302462516e-15
459,-0.598234307113011,0.71164893246117,2.519301765318,-0.551588760844343,2.92765811593654e-13,2.96630177698254e-13,0.49721797861794,-3.07671299231341,-3.04306713709545,4.44089209850063e-16,9.15247922158293,9.15247922157107,2,1,0,4.44089209850063e-16
460,-0.59996102236269,0.711008864974629,2.52069962939857,-0.551543791799168,2.89879231729628e-13,2.99147854789462e-13,0.49401135743146,-3.09264721706741,-3.05816068286912,8.88178419700125e-16,9.19060428370563,9.19060428369386,2,1,0,8.88178419700125e-16
461,-0.601692819651645,0.710374220292027,2.52212621418748,-0.551485855634451,2.88546964100078e-13,2.9455172959227e-13,0.490798630985355,-3.10850299588769,-3.07316240240921,8.88178419700125e-16,9.22852792280312,9.22852792279138,2,1,0,8.88178419700125e-16
462,-0.603429148977905,0.709744741639765,2.52358185111042,-0.551414857120995,2.89213097914853e-13,2.92163793092937e-13,0.48757947654217,-3.12428208436972,-3.08807774857924,2.66453525910038e-15,9.26625827028383,9.26625827027213,2,1,0,2.66453525910038e-15
463,-0.605169439803825,0.709120169528263,2.5250668753507,-0.551330685083957,2.88546964100078e-13,2.95130473954558e-13,0.484353578273817,-3.13998870828855,-3.10291071331174,8.88178419700125e-16,9.30380372779535,9.30380372778361,2,1,0,8.88178419700125e-16
464,-0.606913100766903,0.708500241643274,2.52658162571204,-0.551233212118384,2.89435142519778e-13,2.92366738429502e-13,0.481120637462408,-3.15562642657988,-3.11766057795367,4.44089209850063e-16,9.34117297300707,9.34117297299533,2,1,0,4.44089209850063e-16
465,-0.60865951936216,0.707884692724587,2.52812644445242,-0.551122294296707,2.87103674168065e-13,2.92387523511891e-13,0.477879999740614,-3.17119865916762,-3.13233251377164,1.11022302462516e-15,9.37837496587958,9.37837496586793,2,1,0,1.11022302462516e-15
466,-0.610408061596379,0.707273254432487,2.52970167708612,-0.550997770867533,2.86992651865603e-13,2.94392549611513e-13,0.474631511477027,-3.18670891042035,-3.14693613849572,1.55431223447522e-15,9.4154189554215,9.41541895540981,2,1,0,1.55431223447522e-15
467,-0.612158071614669,0.706665655202149,2.53130767215081,-0.550859463945375,2.87103674168065e-13,2.92169930771719e-13,0.471375085113849,-3.20216021047002,-3.16146762803136,2.44249065417534e-15,9.45231448693667,9.45231448692508,2,1,0,2.44249065417534e-15
468,-0.613908871300009,0.706061620086158,2.53294478093666,-0.55070717819111,2.85882428840978e-13,2.90176206332639e-13,0.468110401258502,-3.21755739760165,-3.1759318113943,1.55431223447522e-15,9.48907140976471,9.48907140975312,2,1,0,1.55431223447522e-15
469,-0.615659759846773,0.705460870585657,2.53461335717363,-0.550540700482735,2.84994250421278e-13,2.88511986510947e-13,0.464837150785146,-3.23290390473611,-3.19033642948256,2.44249065417534e-15,9.52569988550657,9.52569988549503,2,1,0,2.44249065417534e-15
470,-0.617410013309416,0.704863124470323,2.53631375667335,-0.550359799576533,2.8421709430404e-13,2.86990480759667e-13,0.461555027273977,-3.24820402918003,-3.20468409092885,4.44089209850063e-16,9.5622103967348,9.56221039672327,2,1,0,4.44089209850063e-16
471,-0.619158884127974,0.704268095587811,2.53804633692129,-0.550164225758458,2.85771406538515e-13,2.87840997954764e-13,0.458263726491492,-3.2634610135123,-3.21897695996879,8.88178419700125e-16,9.59861375617362,9.59861375616208,2,1,0,8.88178419700125e-16
472,-0.620905600632194,0.703675493663081,2.53981145661492,-0.54995371048604,2.83884027396653e-13,2.88114085959212e-13,0.454962957888801,-3.27867990236446,-3.23322132728542,1.55431223447522e-15,9.6349211163376,9.63492111632611,2,1,0,1.55431223447522e-15
473,-0.622649366526754,0.703085024088316,2.54160947514294,-0.549727966021057,2.8421709430404e-13,2.87322816502346e-13,0.451652433747146,-3.29386472484844,-3.24742093164464,4.44089209850063e-16,9.67114397960805,9.67114397959657,2,1,0,4.44089209850063e-16
474,-0.624389360360376,0.702496387704236,2.54344075200049,-0.549486685053431,2.8155255904494e-13,2.84024873626357e-13,0.44833188372749,-3.30901990563037,-3.26158031977711,2.66453525910038e-15,9.70729420872081,9.70729420870941,2,1,0,2.66453525910038e-15
475,-0.626124734982105,0.701909280573541,2.54530564613491,-0.549229540317211,2.80109269112927e-13,2.83336260738701e-13,0.445001022780826,-3.32415000873681,-3.27570413274891,1.77635683940025e-15,9.74338403763651,9.74338403762515,2,1,0,1.77635683940025e-15
476,-0.627854616988827,0.701323393747691,2.54720451521591,-0.548956184199439,2.81219492137552e-13,2.84874729866385e-13,0.441659592712538,-3.33925970080669,-3.2897975110785,1.77635683940025e-15,9.77942608274906,9.77942608273768,2,1,0,1.77635683940025e-15
477,-0.62957810616864,0.700738413028065,2.54913771482401,-0.54866624834324,2.78665979180914e-13,2.8181706911273e-13,0.438307342602669,-3.35435377129552,-3.30386639864036,1.33226762955019e-15,9.81543335438838,9.81543335437709,2,1,0,1.33226762955019e-15
478,-0.631294274945373,0.700154018723009,2.55110559755032,-0.548359343246679,2.80886425230165e-13,2.85167882617252e-13,0.434944029841933,-3.3694374195233,-3.31791168361439,8.88178419700125e-16,9.85141926855344,9.85141926854206,2,1,0,8.88178419700125e-16
479,-0.633002167830718,0.699569885402286,2.55310851200066,-0.548035057859229,2.77888823063677e-13,2.81635587365121e-13,0.431569415376953,-3.38451495555162,-3.33194499939465,1.55431223447522e-15,9.88739765880946,9.88739765879821,2,1,0,1.55431223447522e-15
480,-0.634700800890973,0.69898568165085,2.55514680169597,-0.547692959178277,2.77000644643977e-13,2.87849676606021e-13,0.428183282196245,-3.39959229205407,-3.34596908654482,1.99840144432528e-15,9.92338278826178,9.92338278825056,2,1,0,1.99840144432528e-15
481,-0.636389161236935,0.698401069824029,2.55722080386136,-0.547332591848343,2.78332912273527e-13,2.81317509407667e-13,0.424785362769894,-3.41467591223944,-3.35998633879897,1.33226762955019e-15,9.95938936150985,9.95938936149861,2,1,0,1.33226762955019e-15
482,-0.638066206546318,0.697815705806612,2.55933084809469,-0.546953477766368,2.77333711551364e-13,2.80285830138753e-13,0.42137545277099,-3.42976928778094,-3.37400651873314,1.33226762955019e-15,9.99543253646364,9.99543253645244,2,1,0,1.33226762955019e-15
483,-0.639730864629655,0.697229238778638,2.56147725490602,-0.546555115696919,2.76778600039052e-13,2.8139919266634e-13,0.417953016894772,-3.44487628322051,-3.38803342994144,1.33226762955019e-15,10.0315279358868,10.0315279358756,2,1,0,1.33226762955019e-15
484,-0.641382033052004,0.696641310991126,2.56366033411811,-0.546136980901936,2.74336109384876e-13,2.78368117717314e-13,0.414518169755002,-3.46000975920897,-3.40207304991244,4.55191440096314e-15,10.0676916585084,10.0676916584973,2,1,0,4.55191440096314e-15
485,-0.643018578824701,0.696051557555371,2.56588038311831,-0.545698524790116,2.76778600039052e-13,2.79500629724024e-13,0.411070742233577,-3.47517105184008,-3.41613148628067,1.33226762955019e-15,10.1039402895231,10.103940289512,2,1,0,1.33226762955019e-15
486,-0.644639338182885,0.69545960625007,2.56813768495129,-0.545239174592295,2.74780198594726e-13,2.9780739841205e-13,0.407610561742395,-3.49036364982917,-3.4302170675841,1.11022302462516e-15,10.1402909102662,10.1402909102551,2,1,0,1.11022302462516e-15
487,-0.646243116466909,0.694865077350991,2.57043250624203,-0.544758333069633,2.71782596428238e-13,2.78178935667936e-13,0.404137440162179,-3.50559883455595,-3.44433225943803,1.77635683940025e-15,10.1767611068222,10.1767611068112,2,1,0,1.77635683940025e-15
488,-0.647828688127779,0.694267583488504,2.5727650949382,-0.544255378262871,2.76334510829201e-13,2.87133316047515e-13,0.400651302339596,-3.52088128768989,-3.45848760058564,2.88657986402541e-15,10.2133689772943,10.2133689772832,2,1,0,2.88657986402541e-15
489,-0.649394796879437,0.693666729539134,2.57513567786089,-0.543729663291731,2.72892819452863e-13,2.75071481248289e-13,0.397151953657109,-3.53621671413452,-3.47269080246751,4.44089209850063e-15,10.2501331374165,10.2501331374055,2,1,0,4.44089209850063e-15
490,-0.650940156023101,0.693062112557941,2.5775444580522,-0.543180516215059,2.72226685638088e-13,2.77341191521126e-13,0.393639460208432,-3.55161257000225,-3.48694440661597,3.10862446895044e-15,10.2870727241502,10.2870727241392,2,1,0,3.10862446895044e-15
491,-0.652463448972142,0.692453321759325,2.57999161190917,-0.542607239963544,2.71338507218388e-13,2.76242940635529e-13,0.390113600676873,-3.56707557788241,-3.50125835857244,4.44089209850063e-15,10.3242073968647,10.3242073968538,2,1,0,4.44089209850063e-15
492,-0.653963330008667,0.69183993855482,2.58247728609283,-0.542009112358516,2.71560551823313e-13,2.74244091219931e-13,0.386573949417999,-3.58261326212969,-3.51563902210202,1.99840144432528e-15,10.361557335645,10.3615573356341,2,1,0,1.99840144432528e-15
493,-0.655438425306852,0.691221536657482,2.58500159420232,-0.541385386231889,2.683409050519e-13,2.72874743207444e-13,0.383021026018679,-3.5982317296449,-3.53009318813813,3.77475828372553e-15,10.3991432362121,10.3991432362012,2,1,0,3.77475828372553e-15
494,-0.656887334260978,0.690597682263318,2.58756461320438,-0.540735289664262,2.72004641033163e-13,2.93603218162021e-13,0.379454885905493,-3.61394301856157,-3.54463242418939,1.77635683940025e-15,10.4369863008883,10.4369863008773,2,1,0,1.77635683940025e-15
495,-0.658308631160425,0.689967934321372,2.59016637961014,-0.540058026360032,2.66897615119888e-13,2.7113662086267e-13,0.375875734496412,-3.62974907512654,-3.55925981142865,6.66133814775094e-16,10.4751082249735,10.4751082249626,2,1,0,6.66133814775094e-16
496,-0.659700867257267,0.689331844905378,2.59280688539181,-0.539352776180645,2.68562949656825e-13,2.71173796697847e-13,0.372282722201095,-3.64565994382383,-3.57398644094156,1.55431223447522e-15,10.5135311778222,10.5135311778113,2,1,0,1.55431223447522e-15
497,-0.661062573276145,0.68868895970071,2.59548607363462,-0.538618695859167,2.665645482125e-13,2.71534858198568e-13,0.368676918031273,-3.66168616644201,-3.58882032010678,5.55111512312578e-15,10.5522777778551,10.5522777778443,2,1,0,5.55111512312578e-15
498,-0.66239226242004,0.688038818621935,2.59820383392127,-0.537854919921855,2.63233879138625e-13,2.72851807199847e-13,0.36505831171105,-3.6778318294448,-3.60376795372113,1.55431223447522e-15,10.5913710606497,10.5913710606391,2,1,0,1.55431223447522e-15
499,-0.663688433929211,0.687380956577056,2.60095999744949,-0.537060561844661,2.64455124465712e-13,2.79300489596381e-13,0.361426630509554,-3.69410682575284,-3.618838684449,1.11022302462516e-15,10.6308344391947,10.630834439184,2,1,0,1.11022302462516e-15
500,-0.664949577253892,0.686714904395889,2.60375433188685,-0.536234715475278,2.61679566904149e-13,2.78840091826426e-13,0.357782749176823,-3.71051931423163,-3.63403951342744,3.5527136788005e-15,10.6706916553079,10.6706916552973,2,1,0,3.5527136788005e-15
501,-0.666174176904837,0.686040189940841,2.60658653597182,-0.535376456753449,2.64677169070637e-13,2.6715761597208e-13,0.354126939391528,-3.72707637896575,-3.64938317031515,3.10862446895044e-15,10.7109667211598,10.7109667211491,2,1,0,3.10862446895044e-15
502,-0.667360718047701,0.685356339419288,2.60945623387514,-0.53448484576486,2.630118345337e-13,2.68776486957756e-13,0.350459040593568,-3.74379162141476,-3.66487505376839,2.22044604925031e-15,10.75168384977,10.7516838497594,2,1,0,2.22044604925031e-15
503,-0.668507692908989,0.684662878917199,2.61236296934216,-0.533558929165918,2.63122856836162e-13,2.67164393264423e-13,0.346780161328057,-3.76066565291505,-3.68052498962936,3.99680288865056e-15,10.7928673733022,10.7928673732916,2,1,0,3.99680288865056e-15
504,-0.669613608061611,0.683959336173933,2.61530619964454,-0.532597743018484,2.61235477694299e-13,2.66800048802851e-13,0.343090432137015,-3.77771560368767,-3.69634067894004,2.66453525910038e-15,10.8345416479414,10.8345416479309,2,1,0,2.66453525910038e-15
505,-0.670676992656714,0.683245242617992,2.61828528937774,-0.53160031607498,2.59126053947512e-13,2.65936796521574e-13,0.339390369770185,-3.79494431294456,-3.71233022948499,4.44089209850063e-15,10.8767309441199,10.8767309441094,2,1,0,4.44089209850063e-15
506,-0.671696407665012,0.682520135682564,2.62129950415115,-0.53056567355504,2.61346499996762e-13,2.63132100330069e-13,0.335681086932055,-3.81236130737275,-3.72850512294352,2.44249065417534e-15,10.9194593208749,10.9194593208643,2,1,0,2.44249065417534e-15
507,-0.672670456185545,0.681783561418416,2.62434800422851,-0.529492841454382,2.60680366181987e-13,2.66822174000265e-13,0.331962758654045,-3.82997439597978,-3.74486827583172,4.44089209850063e-15,10.9627504831632,10.9627504831527,2,1,0,4.44089209850063e-15
508,-0.673597794870472,0.681035077419161,2.62742983818871,-0.528380851425455,2.60902410786912e-13,2.6685721461912e-13,0.328236902058107,-3.84779192084179,-3.76143686452753,5.55111512312578e-15,11.0066276210539,11.0066276210434,2,1,0,5.55111512312578e-15
509,-0.674477146502404,0.680274256070604,2.63054393669059,-0.527228746266516,2.58681964737661e-13,2.61516126360417e-13,0.324503725343778,-3.86582486459257,-3.77821092277354,2.66453525910038e-15,11.0511132298646,11.0511132298542,2,1,0,2.66453525910038e-15
510,-0.675307313744676,0.679500688131386,2.63368910643991,-0.52603558605115,2.58348897830274e-13,2.61744369109712e-13,0.32076460780861,-3.88407567241595,-3.79520014064739,1.33226762955019e-15,11.096228910516,11.0962289105056,2,1,0,1.33226762955019e-15
511,-0.676087194063154,0.678713986645982,2.63686402447231,-0.524800454923649,2.60014232367212e-13,2.61714325037943e-13,0.317020540918266,-3.90255666101325,-3.8124110484996,7.54951656745106e-15,11.1419951496706,11.1419951496601,2,1,0,7.54951656745106e-15
512,-0.676815795792002,0.67791379118374,2.64006723288166,-0.523522468576622,2.57904808620424e-13,2.68667463974368e-13,0.313272678516628,-3.92127133900533,-3.82985338341369,2.88657986402541e-15,11.1884310795894,11.188431079579,2,1,0,2.88657986402541e-15
513,-0.677492255284057,0.677099772388478,2.64329713413967,-0.522200782415051,2.58015830922886e-13,2.62613549810235e-13,0.30952279571059,-3.94022560326477,-3.84753122649322,8.88178419700125e-16,11.2355542181102,11.2355542180998,2,1,0,8.88178419700125e-16
514,-0.678115855047599,0.676271636812065,2.64655198716788,-0.520834600396104,2.59126053947512e-13,2.63281192695724e-13,0.305771900189895,-3.95942637876253,-3.86544980393499,3.5527136788005e-15,11.2833801897252,11.2833801897148,2,1,0,3.5527136788005e-15
515,-0.678686042727679,0.67542913199281,2.64982990433734,-0.519423184515484,2.58792987040124e-13,2.7467546147996e-13,0.302021955484989,-3.97887495801016,-3.88361422351483,1.77635683940025e-15,11.3319224294146,11.3319224294042,2,1,0,1.77635683940025e-15
516,-0.679202450740285,0.674572051725142,2.65312884958339,-0.517965864889099,2.55462317966249e-13,2.91477030332931e-13,0.298273982296254,-3.99858477571897,-3.90202707168203,1.33226762955019e-15,11.3811918716725,11.3811918716622,2,1,0,1.33226762955019e-15
517,-0.679664916312145,0.673700241450987,2.65644663783104,-0.516462050353448,2.58570942435199e-13,2.63814998133885e-13,0.2945303372766,-4.0185477719867,-3.92069242784028,2.99760216648792e-15,11.4311966280579,11.4311966280474,2,1,0,2.99760216648792e-15
518,-0.680073501620673,0.67281360368631,2.65978093593137,-0.514911239479059,2.57904808620424e-13,2.61479598154965e-13,0.290792823387987,-4.03877243439072,-3.93961180299462,1.99840144432528e-15,11.4819416575698,11.4819416575594,2,1,0,1.99840144432528e-15
519,-0.68042851366784,0.671912103379051,2.66312926530573,-0.513313031860517,2.57904808620424e-13,2.95258950158081e-13,0.287063494836994,-4.05925686135994,-3.95878239619001,1.33226762955019e-15,11.5334284351613,11.5334284351509,2,1,0,1.33226762955019e-15
520,-0.680730523460811,0.670995773076702,2.66648900648664,-0.511667139512312,2.58126853225349e-13,2.62988386818549e-13,0.283344614606528,-4.08000059654538,-3.9782119357484,1.15463194561016e-14,11.5856546247851,11.5856546247747,2,1,0,1.15463194561016e-14
521,-0.680980384016405,0.670064717766286,2.6698574057246,-0.509973398166871,2.58904009342587e-13,2.66207187965711e-13,0.279637732993661,-4.10100192524667,-3.99788832640831,1.04360964314765e-14,11.6386137643507,11.6386137643403,2,1,0,1.04360964314765e-14
522,-0.681179246657167,0.669119119235135,2.67323158380226,-0.508231778237156,2.61790589206612e-13,3.00837779874579e-13,0.275946266963978,-4.12225780076511,-4.01781265297067,4.88498130835069e-15,11.6922949709326,11.6922949709222,2,1,0,4.88498130835069e-15
523,-0.68132857502963,0.668159239790786,2.67660854715824,-0.506442395176984,2.61790589206612e-13,2.78086305236482e-13,0.272271962428682,-4.14376166030765,-4.03797776658645,6.43929354282591e-15,11.7466826753263,11.7466826753158,2,1,0,6.43929354282591e-15
524,-0.681430156255486,0.667185425173268,2.67998520137131,-0.504605518947598,2.63233879138625e-13,2.72661903465985e-13,0.268617479836066,-4.16551058522019,-4.05837642131984,6.88338275267597e-15,11.8017563955715,11.801756395561,2,1,0,6.88338275267597e-15
525,-0.681486108627227,0.666198106493844,2.68335836699583,-0.502721582281911,2.59570143157362e-13,2.64428147588553e-13,0.264985620566041,-4.18749266032942,-4.07899957537833,1.02140518265514e-14,11.857490559288,11.8574905592776,2,1,0,1.02140518265514e-14
526,-0.681498885286855,0.665197801043558,2.68672479766611,-0.500791187432493,2.56794585595799e-13,2.76037412811358e-13,0.261379040324749,-4.20969551061204,-4.09983634993161,3.10862446895044e-15,11.9138543844484,11.913854384438,2,1,0,3.10862446895044e-15
527,-0.681471273382258,0.664185111832095,2.69008120030976,-0.49881511109594,2.61790589206612e-13,2.7629451724779e-13,0.257800460065983,-4.23211447403109,-4.12087401237206,8.65973959207622e-15,11.9708118275636,11.9708118275531,2,1,0,8.65973959207622e-15
528,-0.681406388282492,0.663160725743973,2.69342425722579,-0.49679430722791,2.61457522299224e-13,2.75824328396718e-13,0.25425264674319,-4.25473196097417,-4.14209798473267,8.21565038222616e-15,12.0283216070839,12.0283216070734,2,1,0,8.21565038222616e-15
529,-0.681307662551706,0.662125410234772,2.69675064969934,-0.494729907501643,2.61346499996762e-13,2.7554592635061e-13,0.250738382007998,-4.27752946859485,-4.16349188572304,2.66453525910038e-15,12.0863373081075,12.086337308097,2,1,0,2.66453525910038e-15
530,-0.681178829526978,0.66108000853332,2.70005708274512,-0.492623219216044,2.62012633811537e-13,2.72271757675278e-13,0.247259994407944,-4.30049408368814,-4.18503824116222,3.5527136788005e-15,12.144807572316,12.1448075723055,2,1,0,3.5527136788005e-15
531,-0.681023901515616,0.660025433366051,2.70334031050185,-0.490475720529401,2.63233879138625e-13,2.64487499883553e-13,0.243820650229077,-4.32360675093036,-4.20671613311553,3.99680288865056e-15,12.2036763744174,12.2036763744069,2,1,0,3.99680288865056e-15
532,-0.680847142812825,0.658962659273829,2.70659716174444,-0.48828905297635,2.67341704329738e-13,2.97885968709319e-13,0.240423081100178,-4.34684666238482,-4.22850399064039,9.99200722162641e-16,12.2628833834468,12.2628833834361,2,1,0,9.99200722162641e-16
533,-0.680653037931578,0.657892713646494,2.70982456494592,-0.486065011316361,2.67341704329738e-13,3.03006138814086e-13,0.237069435859228,-4.3701922125276,-4.25038522347069,6.43929354282591e-15,12.3223644041854,12.3223644041746,2,1,0,6.43929354282591e-15
534,-0.680446255623196,0.656816666653658,2.71301957230935,-0.483805530857064,2.68673971959288e-13,2.70908821140343e-13,0.2337626751804,-4.39362098173145,-4.2723323425411,1.57651669496772e-14,12.3820518908647,12.3820518908539,2,1,0,1.57651669496772e-14
535,-0.680231609435279,0.655735620296835,2.71617938220488,-0.481512672488277,2.68673971959288e-13,2.74745948874333e-13,0.230504534311377,-4.41711071971022,-4.29431967038204,9.54791801177635e-15,12.4418755224783,12.4418755224675,2,1,0,9.54791801177635e-15
536,-0.680014015693739,0.654650696846111,2.71930135948774,-0.479188605748306,2.68896016564213e-13,2.73166255923062e-13,0.227297503608517,-4.44064064758351,-4.3163236932936,5.77315972805081e-15,12.5017628265551,12.5017628265443,2,1,0,5.77315972805081e-15
537,-0.679798449897221,0.653563026950242,2.72238305323963,-0.476835590315824,2.68118860446975e-13,2.83736728594167e-13,0.224143661852776,-4.46418209888498,-4.33831758364088,1.57651669496772e-14,12.5616398363815,12.5616398363708,2,1,0,1.57651669496772e-14
538,-0.679589902568146,0.652473737721276,2.72542221156319,-0.474455956375048,2.74114064779951e-13,2.77295459819384e-13,0.221044782257015,-4.48771236193678,-4.36028225148068,3.59712259978551e-14,12.621431765483,12.621431765472,2,1,0,3.59712259978551e-14
539,-0.679393335611924,0.651383941092219,2.72841679316311,-0.472052084333998,2.74225087082414e-13,2.79782710831424e-13,0.218002489637211,-4.51120478781823,-4.38218610207281,2.26485497023532e-14,12.6810636827853,12.6810636827743,2,1,0,2.26485497023532e-14
540,-0.679213640194184,0.650294722729691,2.7313649755607,-0.469626384385963,2.76667577736589e-13,2.87880078148271e-13,0.215018263017583,-4.53464192418888,-4.40400393464179,1.08801856413265e-14,12.7404611722717,12.7404611722606,2,1,0,1.08801856413265e-14
541,-0.679055597059356,0.649207131753899,2.73426515990489,-0.467181276390214,2.75002243199651e-13,2.88632376982812e-13,0.212093282408214,-4.5579973555178,-4.42571390343493,5.55111512312578e-15,12.7995509620928,12.7995509620818,2,1,0,5.55111512312578e-15
542,-0.678923840090419,0.648122171478563,2.73711597245447,-0.46471917051401,2.77222689248902e-13,2.79829778062953e-13,0.209228584903774,-4.58124559116663,-4.44729530778799,3.77475828372553e-14,12.858261509861,12.8582615098499,2,1,0,3.77475828372553e-14
543,-0.678822823757258,0.647040791336252,2.73991626290718,-0.462242449025884,2.79110068390764e-13,2.86351671885033e-13,0.206424884249269,-4.6043656872368,-4.46871894990329,6.26165785888588e-14,12.916523533123,12.9165235331118,2,1,0,6.26165785888588e-14
544,-0.678756794932428,0.645963880103466,2.74266509983731,-0.459753449564724,2.85216295026203e-13,3.86665248483967e-13,0.203682901717525,-4.62734071751647,-4.48996506281464,1.99840144432528e-15,12.9742704765905,12.9742704765791,2,1,0,1.99840144432528e-15
545,-0.678729769377114,0.644892260487774,2.74536176357016,-0.457254450135536,2.80775402927702e-13,2.93646795717222e-13,0.201003030973416,-4.6501456252052,-4.51101394433603,9.2148511043888e-15,13.0314389104407,13.0314389104295,2,1,0,9.2148511043888e-15
546,-0.678745513030521,0.64382668509034,2.74800573686784,-0.454747656006175,2.84439138908965e-13,3.00039097137703e-13,0.198385569762442,-4.67276805302948,-4.53184622948207,8.88178419700125e-16,13.0879688566782,13.0879688566668,2,1,0,8.88178419700125e-16
547,-0.678807528076131,0.642767833711912,2.75059669382653,-0.452235188603293,2.86770607260678e-13,2.96041701146681e-13,0.195830291365302,-4.69518574199558,-4.5524458357071,2.50910403565285e-14,13.1438040430968,13.1438040430853,2,1,0,2.50910403565285e-14
548,-0.678919043621944,0.641716311932933,2.75313448739175,-0.449719076435772,2.89879231729628e-13,3.19450402350674e-13,0.193337206722057,-4.71738535690939,-4.57279294672034,1.08801856413265e-14,13.1988920865975,13.198892086586,2,1,0,1.08801856413265e-14
549,-0.67908301071639,0.640672650867868,2.75561913588746,-0.44720124801164,2.88324919495153e-13,3.04550849795963e-13,0.190905964938016,-4.73935090315556,-4.59287426339092,5.6621374255883e-14,13.2531846094984,13.2531846094868,2,1,0,5.6621374255883e-14
550,-0.679302101334108,0.639637307971588,2.7580508089309,-0.444683526662031,2.93876034618279e-13,3.81113287458443e-13,0.188536200352186,-4.76107408061349,-4.61267381949384,4.44089209850063e-15,13.3066372939498,13.306637293938,2,1,0,4.44089209850063e-15
551,-0.679578710905401,0.638610668762142,2.76042981307005,-0.442167627145441,2.91877633173954e-13,2.93840599648814e-13,0.186227013036127,-4.78254029357644,-4.63218684488106,1.11022302462516e-15,13.359209880592,13.3592098805803,2,1,0,1.11022302462516e-15
552,-0.679914963924714,0.637593049316303,2.76275657743994,-0.439655153874657,2.94875235340442e-13,3.3029220536941e-13,0.183977987887515,-4.80373840824135,-4.65139526526765,7.99360577730113e-14,13.4108661183,13.4108661182882,2,1,0,7.99360577730113e-14
553,-0.680312722161884,0.636584699395133,2.76503163968831,-0.43714760059043,2.90545365544403e-13,4.00635447177849e-13,0.181788212777904,-4.82466059422256,-4.67029202660307,2.30926389122033e-14,13.4615736721067,13.4615736720951,2,1,0,2.30926389122033e-14
554,-0.680773595001772,0.635585806060054,2.76725563237573,-0.434646351295176,3.0098146197588e-13,4.4563885386619e-13,0.179656764408073,-4.84530411755808,-4.68887136583646,1.55431223447522e-15,13.5113039964599,13.5113039964479,2,1,0,1.55431223447522e-15
555,-0.681298951459948,0.6345964976499,2.76942927001039,-0.432152682258835,2.97872837506929e-13,3.7282313776207e-13,0.17758265631841,-4.86565735536943,-4.70712528555111,1.90958360235527e-14,13.5600321806734,13.5600321806615,2,1,0,1.90958360235527e-14
556,-0.681889933451115,0.633616847999917,2.77155333683645,-0.42966776491351,3.0009328355618e-13,3.3161023626517e-13,0.175564861414989,-4.88571703606255,-4.72504788405008,6.66133814775094e-15,13.6077367730472,13.6077367730352,2,1,0,6.66133814775094e-15
557,-0.682547469927114,0.632646880797806,2.77362867545681,-0.427192669462965,3.03757019537443e-13,3.11965027992044e-13,0.173601978161347,-4.90547643154851,-4.7426326334651,9.2370555648813e-14,13.6543995895415,13.6543995895293,2,1,0,9.2370555648813e-14
558,-0.683272291542496,0.631686573985029,2.77565617633901,-0.424728369046598,3.02424751907893e-13,4.55563150330195e-13,0.171693330156946,-4.92494187495282,-4.75988500055015,9.32587340685131e-15,13.7000055122969,13.7000055122848,2,1,0,9.32587340685131e-15
559,-0.684064945553358,0.630735864127057,2.77763676822477,-0.422275744313065,3.06754621703931e-13,3.89222737059591e-13,0.169837156265874,-4.94410311057994,-4.77679462077733,3.10862446895044e-14,13.7445422825705,13.7445422825583,2,1,0,3.10862446895044e-14
560,-0.684925810697292,0.629794650688809,2.77957140944102,-0.419835588274721,3.04423153352218e-13,3.19308751073119e-13,0.16803265032391,-4.962958184936,-4.79335869316792,1.46549439250521e-14,13.7880002920309,13.7880002920187,2,1,0,1.46549439250521e-14
561,-0.685855111847568,0.628862800165266,2.78146108009233,-0.417408611332028,3.08308933938406e-13,3.27568250858848e-13,0.166278463446826,-4.98151739858052,-4.80958888818795,2.66453525910038e-14,13.8303723756708,13.8303723756585,2,1,0,2.66453525910038e-14
562,-0.686852934273482,0.627940150028493,2.78330677510061,-0.414995446372383,3.07642800123631e-13,3.28503322236735e-13,0.164573276583288,-4.99977094370454,-4.82547403680033,1.33226762955019e-15,13.8716536090034,13.8716536089911,2,1,0,1.33226762955019e-15
563,-0.687919237376714,0.627026512463181,2.78510949804821,-0.412596653864722,3.06865644006393e-13,3.52557951162975e-13,0.162915816233859,-5.01772064982344,-4.84101452313878,1.66533453693773e-15,13.9118411116307,13.9118411116185,2,1,0,1.66533453693773e-15
564,-0.68905386780392,0.626121677871008,2.78687025577343,-0.41021272688455,3.13304937549219e-13,3.24817667927127e-13,0.161304884058797,-5.03537635348545,-4.8562240603969,1.98951966012828e-13,13.9509338588138,13.9509338588013,2,1,0,1.98951966012828e-13
565,-0.690256571867576,0.625225418133264,2.78859005366369,-0.407844096018222,3.10418357685194e-13,3.31305764789084e-13,0.15973931664123,-5.05273247523291,-4.87109320139531,4.35207425653061e-14,13.9889325021761,13.9889325021637,2,1,0,4.35207425653061e-14
566,-0.691527007227581,0.624337489625924,2.79026989158952,-0.405491134105913,3.08419956240868e-13,4.2068219786789e-13,0.15821760079455,-5.06979150195048,-4.88562510720398,6.52811138479592e-14,14.0258392003692,14.0258392003568,2,1,0,6.52811138479592e-14
567,-0.692864753809183,0.623457635987802,2.79191076042227,-0.403154160793531,3.06643599401468e-13,4.56554677245741e-13,0.156738829046945,-5.08656488824624,-4.89983163376967,5.41788836017076e-14,14.0616574601627,14.0616574601504,2,1,0,5.41788836017076e-14
568,-0.694269323949547,0.622585590646357,2.79351363908007,-0.400833446872161,3.10529379987656e-13,3.18748702496194e-13,0.155301474370009,-5.10304797213773,-4.91370754463255,4.48530101948563e-14,14.0963919881708,14.0963919881583,2,1,0,4.48530101948563e-14
569,-0.695740171776802,0.621721079108244,2.79507949204809,-0.398529218390815,3.11084491499969e-13,3.15740791129146e-13,0.15390463093876,-5.1192433168712,-4.92725825161964,3.81916720471054e-14,14.1300485532419,14.1300485532294,2,1,0,3.81916720471054e-14
570,-0.697276701838431,0.620863821024901,2.79660926732235,-0.39624166053486,3.15747428203395e-13,3.87112474543829e-13,0.152547054590087,-5.13516613928784,-4.94049105274914,6.3504757008559e-14,14.1626338593397,14.1626338593271,2,1,0,6.3504757008559e-14
571,-0.698878277002851,0.62001353204475,2.79810389472959,-0.393970921266739,3.12638803734444e-13,3.75342116410074e-13,0.151227590711207,-5.15081005411582,-4.9534064666647,3.13082892944294e-13,14.19415542863,14.1941554286175,2,1,0,3.13082892944294e-13
572,-0.700544225664517,0.619169925464744,2.79956428457908,-0.391717114730095,3.13415959851682e-13,3.47197335012588e-13,0.149945048490387,-5.16617899815811,-4.96601193985739,1.06581410364015e-14,14.2246214943888,14.2246214943763,2,1,0,1.06581410364015e-14
573,-0.702273848287119,0.618332713694746,2.80099132660606,-0.389480324421626,3.12860848339369e-13,3.15077143820104e-13,0.148698419254735,-5.18128917522725,-4.97830751003243,3.89022147828655e-13,14.2540409032742,14.2540409032616,2,1,0,3.89022147828655e-13
574,-0.704066423321828,0.617501609548168,2.8023858891697,-0.387260606136753,3.12083692222132e-13,3.39571632011122e-13,0.147486624426925,-5.19613354538103,-4.99030377388997,2.22932783344731e-13,14.2824230264688,14.2824230264563,2,1,0,2.22932783344731e-13
575,-0.70592121254012,0.61667632737277,2.80374881867265,-0.385057990697751,3.2085445411667e-13,6.47944814713074e-13,0.146308658304562,-5.2107188520447,-5.002002869294,5.50670620214078e-14,14.3097776791534,14.3097776791405,2,1,0,5.50670620214078e-14
576,-0.707837465820045,0.615856584034695,2.80508093917195,-0.382872486473783,3.12638803734444e-13,3.39342162143406e-13,0.145163598422116,-5.22505546570168,-5.01340852375337,6.17284001691587e-14,14.3361150477783,14.3361150477658,2,1,0,6.17284001691587e-14
577,-0.709814425425653,0.615042099768711,2.80638305215462,-0.380704081703333,3.10307335382731e-13,3.6923181074249e-13,0.144050367759755,-5.23914292023674,-5.0245265308787,3.17523785042795e-13,14.3614456245861,14.3614456245737,2,1,0,3.17523785042795e-13
578,-0.711851329818074,0.614232598907001,2.8076559364541,-0.378552746629889,3.12416759129519e-13,3.20355920848417e-13,0.142968033733629,-5.25298830106208,-5.03535854917687,4.10782519111308e-13,14.3857801488503,14.3857801488378,2,1,0,4.10782519111308e-13
579,-0.713947417035239,0.613427810497996,2.8089003482863,-0.376418435462091,3.11084491499969e-13,3.1793362182366e-13,0.141915748402183,-5.2665941901971,-5.04591835150083,2.71782596428238e-13,14.4091295543136,14.4091295543011,2,1,0,2.71782596428238e-13
580,-0.71610192767627,0.612627468826194,2.81011702138675,-0.374301088169559,3.11417558407356e-13,3.20865584589857e-13,0.140892634605341,-5.2799695004545,-5.05620249272835,8.43769498715119e-15,14.4315049223269,14.4315049223145,2,1,0,8.43769498715119e-15
581,-0.71831410752485,0.61183131384347,2.81130666723239,-0.372200632125513,3.09641201567956e-13,3.72651881564964e-13,0.139897678831867,-5.2931189348805,-5.06621714223474,1.16795462190566e-13,14.4529174402007,14.4529174401883,2,1,0,1.16795462190566e-13
582,-0.720583209842413,0.611039091520522,2.81246997533361,-0.370116983606529,3.13638004456607e-13,3.16565674952056e-13,0.138930248000855,-5.30604220214042,-5.07597204412753,3.88133969408955e-13,14.4733783643478,14.4733783643353,2,1,0,3.88133969408955e-13
583,-0.722908497363024,0.610250554128262,2.81360761358409,-0.368050049160395,3.12416759129519e-13,4.84743744344824e-13,0.137989487125046,-5.31875033185094,-5.0854670819357,5.03597163969971e-13,14.4928989877544,14.4928989877419,2,1,0,5.03597163969971e-13
584,-0.725289244016185,0.609465460456,2.81472022865743,-0.365999726851461,3.13304937549219e-13,3.19333779717324e-13,0.137074606787171,-5.33124353275067,-5.09470888180859,4.60076421404665e-13,14.5114906114253,14.5114906114128,2,1,0,4.60076421404665e-13
585,-0.727724736404903,0.608683575974573,2.81580844644125,-0.363965907393052,3.10307335382731e-13,5.9881734409576e-13,0.136184862355193,-5.34352938837547,-5.10369843279914,1.11022302462516e-15,14.5291645194054,14.5291645193931,2,1,0,1.11022302462516e-15
586,-0.730214275062037,0.607904672950388,2.8168728725004,-0.361948475176025,3.63709062867201e-13,8.11048219417259e-13,0.135319548448114,-5.35561094683892,-5.11245026003741,1.91846538655227e-13,14.5459319570621,14.5459319570493,2,1,0,1.91846538655227e-13
587,-0.732757175508736,0.607128530517306,2.81791409256267,-0.359947309201507,3.13193915246757e-13,3.23087309404937e-13,0.134478030791013,-5.36749107770936,-5.1209604713513,6.21724893790088e-15,14.5618041122797,14.5618041122672,2,1,0,6.21724893790088e-15
588,-0.735352769132652,0.606354934710427,2.81893267302028,-0.357962283926028,3.16524584320632e-13,5.22463202419766e-13,0.13365946040922,-5.37918169264854,-5.12923510790829,2.08277839419679e-13,14.5767920993314,14.5767920993187,2,1,0,2.08277839419679e-13
589,-0.738000403907349,0.605583678468145,2.81992916144278,-0.35599327002581,3.12638803734444e-13,4.89748089878091e-13,0.132863312005674,-5.39067861335526,-5.13728024259881,3.89910326248355e-13,14.5909069451078,14.5909069450952,2,1,0,3.89910326248355e-13
590,-0.740699444968189,0.60481456160582,2.82090408709641,-0.354040135087583,3.48610029732299e-13,7.91629500339219e-13,0.13208901825257,-5.40199053430877,-5.14509753897405,6.21724893790088e-15,14.6041595774994,14.6041595774872,2,1,0,6.21724893790088e-15
591,-0.743449275060954,0.604047390765793,2.82185796146659,-0.352102744232062,3.08753023148256e-13,3.80852367182295e-13,0.13133584258997,-5.41312252736385,-5.15269738302792,8.38440428196918e-13,14.616560815686,14.6165608156737,2,1,0,8.38440428196918e-13
592,-0.746249294876204,0.603281979346236,2.82279127878003,-0.350180960675257,5.83311177138057e-13,1.23858821098782e-12,0.130603258033152,-5.42407681308044,-5.1600770817908,1.28785870856518e-14,14.6281213621678,14.6281213621548,2,1,0,1.28785870856518e-14
593,-0.749098923284332,0.602518147413634,2.82370451652448,-0.348274646234186,3.13304937549219e-13,3.17295003364174e-13,0.129890774380811,-5.43485793332,-5.1672451929432,2.43804976207684e-13,14.6388517962958,14.6388517962833,2,1,0,2.43804976207684e-13
594,-0.751997597479984,0.601755721599676,2.82459813596316,-0.346383661781071,3.08086889333481e-13,3.53066623604843e-13,0.129197770775258,-5.44546764222772,-5.17420285599919,1.77635683940025e-14,14.6487625692106,14.6487625691983,2,1,0,1.77635683940025e-14
595,-0.754944773049149,0.600994534987137,2.82547258264293,-0.344507867650734,3.09086090055644e-13,4.37386258089035e-13,0.128523751815865,-5.45591755433112,-5.1809584109769,5.77315972805081e-15,14.6578639999622,14.6578639999498,2,1,0,5.77315972805081e-15
596,-0.757939923965496,0.600234426984886,2.82632828689395,-0.342647124005416,3.04867242562068e-13,5.41204839764589e-13,0.127868160427558,-5.4662032829687,-5.18751091452806,4.75619543749417e-13,14.6661662727503,14.6661662727381,2,1,0,4.75619543749417e-13
597,-0.760982542527264,0.599475243195895,2.82716566432042,-0.340801291161153,3.12638803734444e-13,6.50875323079888e-13,0.127230496625252,-5.47633021629799,-5.19386474929591,8.97060203897126e-14,14.6736794350918,14.6736794350791,2,1,0,8.97060203897126e-14
598,-0.764072139239894,0.598716835278511,2.82798511628094,-0.338970229878602,3.07420755518706e-13,4.95238247699368e-13,0.126610378357548,-5.48631004723276,-5.20003094510511,1.64313007644523e-14,14.6804133968582,14.6804133968459,2,1,0,1.64313007644523e-14
599,-0.767208242652842,0.597959060803287,2.82878703035806,-0.337153801622424,3.12083692222132e-13,4.15821051607201e-13,0.126007339653173,-5.4961362832968,-5.20600454824595,4.78284079008517e-13,14.6863779300528,14.6863779300402,2,1,0,4.78284079008517e-13
600,-0.770390399155593,0.597201783106329,2.82957178081631,-0.335351868790961,3.67927910360777e-13,7.72584890898731e-13,0.125420969293175,-5.5058171278938,-5.21179254587862,2.1271873151818e-13,14.6915826692521,14.6915826692394,2,1,0,2.1271873151818e-13
601,-0.773618172739557,0.596444871140771,2.83033972904874,-0.333564294920252,3.07864844728556e-13,3.18789684006127e-13,0.124850685979717,-5.51535531479253,-5.21739577465567,5.38236122338276e-13,14.6960371126128,14.6960371126004,2,1,0,5.38236122338276e-13
602,-0.776891144729123,0.595688199326457,2.8310912240111,-0.33179094486374,3.09308134660569e-13,4.37917770637548e-13,0.124296288659754,-5.5247559076295,-5.2228253507726,3.00204305858642e-13,14.6997506234049,14.6997506233926,2,1,0,3.00204305858642e-13
603,-0.780208913487456,0.594931647399746,2.83182660264408,-0.330031684950448,3.07420755518706e-13,3.95147809238483e-13,0.123757238850357,-5.53402035536323,-5.22807614812043,2.29594121492482e-13,14.7027324319684,14.702732431956,2,1,0,2.29594121492482e-13
604,-0.783571094101149,0.594175100263801,2.83254619028346,-0.328286383123603,3.05089287166993e-13,4.45459809693631e-13,0.123233172626532,-5.54315087356669,-5.23315455950243,1.70086167372574e-13,14.704991638047,14.7049916380348,2,1,0,1.70086167372574e-13
605,-0.786977318045391,0.593418447839494,2.8332503010579,-0.326554909061554,3.06199510191618e-13,3.14572180149066e-13,0.122723785648228,-5.55215578908758,-5.23806804138832,2.66453525910038e-15,14.7065372134671,14.7065372134548,2,1,0,2.66453525910038e-15
606,-0.790427232834504,0.592661584918181,2.83393923827486,-0.324837134282367,3.07198710913781e-13,4.49165095023147e-13,0.122228692413104,-5.56103218461697,-5.24281378755978,8.88178419700125e-15,14.7073780050871,14.7073780050749,2,1,0,8.88178419700125e-15
607,-0.793920501659819,0.591904411016521,2.83461329479458,-0.323132932234307,3.45945494473199e-13,8.24459577576524e-13,0.121747537815332,-5.56978683985743,-5.24739747879115,1.37001521238744e-12,14.7075227379862,14.7075227379735,2,1,0,1.37001521238744e-12
608,-0.797456803017196,0.591146830233744,2.8352727533925,-0.32144217837276,3.03979064142368e-13,5.61919432642196e-13,0.121280008806407,-5.5784243993307,-5.25181991329535,2.93542967710891e-13,14.7069800188545,14.7069800188425,2,1,0,2.93542967710891e-13
609,-0.801035830326258,0.590388751111533,2.8359178871101,-0.319764750225765,3.93463039927155e-13,7.8331593102885e-13,0.120825808128913,-5.58694034314316,-5.25609005351343,2.48245868306185e-13,14.7057583395559,14.7057583395437,2,1,0,2.48245868306185e-13
610,-0.804657291543803,0.589630086497415,2.83654895959483,-0.318100527448553,3.08197911635943e-13,3.14510807891579e-13,0.12038455118148,-5.59534873705526,-5.26020400577355,1.33226762955019e-15,14.7038660808114,14.703866080799,2,1,0,1.33226762955019e-15
611,-0.808320908771522,0.588870753410693,2.8371662254288,-0.316449391868347,3.0453417565468e-13,6.19795686198675e-13,0.119955991130167,-5.6036447538709,-5.26416695390646,3.45057316053499e-13,14.7013115160181,14.7013115160062,2,1,0,3.45057316053499e-13
612,-0.812026417860293,0.588110672911643,2.83776993044705,-0.314811227520539,3.02646796512818e-13,5.78566455393947e-13,0.119539765888905,-5.61182836337964,-5.26798702036008,9.41469124882133e-14,14.6981028151579,14.6981028151461,2,1,0,9.41469124882133e-14
613,-0.815773568014251,0.587349769975873,2.83836031204588,-0.313185920677423,3.01203506580805e-13,6.41670374883184e-13,0.119135763149524,-5.61991503226651,-5.2716583076015,6.21724893790088e-15,14.694248048717,14.6942480487054,2,1,0,6.21724893790088e-15
614,-0.819562121390531,0.586587973369815,2.83893759948057,-0.311573359869055,3.06199510191618e-13,3.40554158694728e-13,0.118743476228903,-5.62789510482062,-5.27519031708755,4.2632564145606e-14,14.6897551917363,14.6897551917239,2,1,0,4.2632564145606e-14
615,-0.823391852703352,0.585825215533401,2.83950201415462,-0.309973435899059,3.06754621703931e-13,6.0554005148517e-13,0.11836282238317,-5.63577453023514,-5.27858202578636,8.20232770593066e-13,14.6846321277719,14.6846321277597,2,1,0,8.20232770593066e-13
616,-0.827262548822119,0.585061432461553,2.84005376989799,-0.308386041852808,3.03312930327593e-13,4.03433741607499e-13,0.117993511461186,-5.64356028013656,-5.28183613748409,7.32747196252603e-14,14.6788866530371,14.6788866530248,2,1,0,7.32747196252603e-14
617,-0.831174008377017,0.584296563594106,2.84059307323811,-0.30681107310213,3.04201108747293e-13,6.22841765517572e-13,0.117635296035683,-5.65124905385495,-5.28495822440857,1.46993528460371e-13,14.6725264803839,14.6725264803717,2,1,0,1.46993528460371e-13
618,-0.835126041362729,0.583530551706905,2.84112012366124,-0.305248427304855,4.9826809345177e-13,1.01794869029104e-12,0.117287890237883,-5.65884742689871,-5.28794807577388,4.52526904837214e-13,14.665559243362,14.6655592433493,2,1,0,4.52526904837214e-13
619,-0.839118468745393,0.582763342807268,2.84163511386585,-0.303698004399698,3.18411963462495e-13,7.1901456118023e-13,0.116951125252417,-5.66635695885998,-5.29080902341795,2.18935980456081e-13,14.6579925002315,14.6579925002196,2,1,0,2.18935980456081e-13
620,-0.843151122072245,0.581994886033273,2.84213823000808,-0.302159706598456,3.03534974932518e-13,3.79141481577178e-13,0.116624684628896,-5.67377597771153,-5.29354175152341,4.77395900588817e-15,14.6498337379392,14.6498337379271,2,1,0,4.77395900588817e-15
621,-0.847223843083918,0.581225133556427,2.84262965193932,-0.300633438373741,4.2543746303636e-13,8.33563939858518e-13,0.116308444400097,-5.68111626912456,-5.29615422062502,9.10382880192628e-14,14.6410903760625,14.6410903760505,2,1,0,9.10382880192628e-14
622,-0.851336483329889,0.580454040487992,2.84310955343665,-0.299119106444599,3.02868841117743e-13,5.48988777483554e-13,0.116002135616162,-5.68837180324182,-5.29864317573792,2.44249065417534e-15,14.6317697707013,14.6317697706888,2,1,0,2.44249065417534e-15
623,-0.855488903787296,0.579681564788768,2.84357810242598,-0.297616619758734,3.21076498721595e-13,6.54181529158304e-13,0.115705572965526,-5.6955440883428,-5.30101023890621,8.68194405256872e-13,14.6218792183168,14.6218792183044,2,1,0,8.68194405256872e-13
624,-0.859680974483253,0.578907667182295,2.84403546119856,-0.296125889472916,3.02868841117743e-13,3.06803014134138e-13,0.115418576090882,-5.70264677976672,-5.30326599588776,1.21813670261872e-12,14.6114259595075,14.6114259594953,2,1,0,1.21813670261872e-12
625,-0.863912574120869,0.578132311071424,2.84448178662092,-0.294646828930844,3.0186964039558e-13,5.01975834308012e-13,0.115140893212725,-5.70966901502471,-5.30540318190061,1.55342405605552e-12,14.6004171827179,14.6004171827058,2,1,0,1.55342405605552e-12
626,-0.868183589709208,0.577355462458251,2.84491723033865,-0.293179353639216,3.0009328355618e-13,3.25534188894107e-13,0.114872380477249,-5.7166197815942,-5.30742861738205,7.0654593287145e-13,14.5888600278695,14.5888600278573,2,1,0,7.0654593287145e-13
627,-0.872493916196223,0.576577089866732,2.84534193897399,-0.29172338124186,3.0098146197588e-13,3.44401689873454e-13,0.114612855763902,-5.72350138746394,-5.30934599736399,1.06137321154165e-13,14.5767615899321,14.5767615899199,2,1,0,1.06137321154165e-13
628,-0.87684345610669,0.575797164269049,2.84575605431799,-0.290278831492616,3.0142555118573e-13,4.42792284738563e-13,0.114362150178691,-5.7303120295669,-5.31115147452414,7.105427357601e-13,14.5641289223894,14.5641289223772,2,1,0,7.105427357601e-13
629,-0.881232119182415,0.575015659013956,2.84615971351676,-0.28884562622641,3.00648395068492e-13,3.66857559585247e-13,0.114120084700326,-5.73705886494221,-5.3128555615584,2.37143638059933e-13,14.5509690406522,14.5509690406401,2,1,0,2.37143638059933e-13
630,-0.885659822028269,0.574232549759177,2.84655304925298,-0.287423689329527,2.99427149741405e-13,5.09800676271165e-13,0.113886501132835,-5.74373983047233,-5.31445443310557,4.44089209850063e-13,14.5372889253428,14.5372889253303,2,1,0,4.44089209850063e-13
631,-0.890126487760365,0.573447814405462,2.84693618992186,-0.286012946708185,3.01758618093118e-13,3.69868492889061e-13,0.113661145098748,-5.75035906582806,-5.31594841281998,5.73319169916431e-13,14.5230955255232,14.5230955255112,2,1,0,5.73319169916431e-13
632,-0.894632045658605,0.572661433033699,2.84730925980255,-0.284613326256531,2.9831692671678e-13,3.56376785843612e-13,0.113443960096233,-5.75691685603864,-5.31734901063908,9.2148511043888e-15,14.5083957618148,14.5083957618027,2,1,0,9.2148511043888e-15
633,-0.89917643082365,0.571873387844744,2.84767237922483,-0.283224757823396,2.98872038229092e-13,3.05849527407006e-13,0.113234817027798,-5.76341914065802,-5.31864904708927,4.88498130835069e-15,14.4931965294126,14.4931965294006,2,1,0,4.88498130835069e-15
634,-0.903759583836715,0.571083663101213,2.84802566473127,-0.281847173178335,3.02868841117743e-13,5.97663659178958e-13,0.113033393698984,-5.76986575022408,-5.3198534841463,4.16555678839359e-13,14.4775047010146,14.4775047010022,2,1,0,4.16555678839359e-13
635,-0.908381450423662,0.570292245071796,2.84836922923516,-0.280480505976717,5.40012479177676e-13,1.02274006885632e-12,0.112839711565944,-5.77625456495468,-5.32096461326906,4.57411886145564e-14,14.4613271296405,14.4613271296288,2,1,0,4.57411886145564e-14
636,-0.913041981123148,0.569499121977937,2.84870318217442,-0.279124691724447,7.16537940093076e-13,1.33011275512998e-12,0.112653557342717,-5.78259693636399,-5.32198596207747,1.97175609173428e-13,14.4446706513383,14.4446706513268,2,1,0,1.97175609173428e-13
637,-0.917741130958192,0.568704283942407,2.84902762966145,-0.277779667741558,2.96984659087229e-13,3.0257713418717e-13,0.112474772825046,-5.78888672683534,-5.32291716244587,1.64313007644523e-14,14.4275420877905,14.4275420877784,2,1,0,1.64313007644523e-14
638,-0.922478859111004,0.567907722939478,2.84934267462898,-0.276445373125292,3.41726646979623e-13,7.0850421526684e-13,0.11230327988302,-5.79512864858404,-5.32375942329972,1.06137321154165e-13,14.4099482488197,14.4099482488074,2,1,0,1.06137321154165e-13
639,-0.92725512860273,0.567109432747742,2.84964841697269,-0.275121748712875,2.94542168433054e-13,3.2476983036319e-13,0.112138860929991,-5.8013198451005,-5.32451939380613,2.1005419625908e-13,14.3918959347587,14.3918959347468,2,1,0,2.1005419625908e-13
640,-0.932069905976074,0.566309408904,2.84994495368984,-0.273808737043545,2.94764213037979e-13,3.13180927284252e-13,0.111981494382832,-5.80747581191548,-5.32519199133745,2.66453525910038e-15,14.3733919387256,14.3733919387135,2,1,0,2.66453525910038e-15
641,-0.936923160982538,0.565507648659363,2.85023237901485,-0.272506282319992,2.98427949019242e-13,3.52145490337479e-13,0.111830899385038,-5.81358492794536,-5.32578680789423,7.49178497017056e-13,14.3544430487651,14.354443048753,2,1,0,7.49178497017056e-13
642,-0.941814866272289,0.56470415093614,2.85051078455112,-0.271214330369271,4.66071625737641e-13,9.08614072610382e-13,0.1116870755577,-5.81965377605504,-5.32630182186106,1.04360964314765e-14,14.3350560498948,14.3350560498832,2,1,0,1.04360964314765e-14
643,-0.946744997089567,0.563898916287025,2.85078025940013,-0.269932828603619,2.96651592179842e-13,4.0345958655965e-13,0.11154987893837,-5.82567981778102,-5.32673692470564,9.77440350879988e-13,14.315237726001,14.3152377259888,2,1,0,9.77440350879988e-13
644,-0.951713530970835,0.563091946855093,2.85104089028699,-0.268661725980203,2.96096480667529e-13,4.22503450492431e-13,0.111419093296743,-5.83167754873194,-5.32709831924645,2.22044604925031e-15,14.2949948616312,14.2949948616193,2,1,0,2.22044604925031e-15
645,-0.956720447447721,0.562283246335133,2.85129276168323,-0.267400972961078,2.92321722383804e-13,4.38716283869793e-13,0.111294703217539,-5.83763586911652,-5.32738419106395,7.8204109854596e-13,14.2743342436541,14.2743342436422,2,1,0,7.8204109854596e-13
646,-0.961765727753553,0.561472819936034,2.85153595592643,-0.266150521472076,2.90323320939478e-13,4.00311213726373e-13,0.111176587211572,-5.84356182670379,-5.32759950858473,4.39648317751562e-13,14.2532626627977,14.2532626627857,2,1,0,4.39648317751562e-13
647,-0.96684935453508,0.560660674344615,2.85177055333708,-0.26491032486187,5.34239319449625e-13,9.85062004846739e-13,0.111064554834635,-5.84945391987625,-5.32774120106532,8.87290241280425e-13,14.2317869150441,14.2317869150325,2,1,0,8.87290241280425e-13
648,-0.971971311567394,0.559846817689614,2.85199663233247,-0.263680337860224,2.92321722383804e-13,3.00438504121858e-13,0.110958517704241,-5.85532102229944,-5.32781952629542,9.76996261670138e-15,14.2099138029168,14.2099138029049,2,1,0,9.76996261670138e-15
649,-0.977131583475079,0.55903125950764,2.85221426953798,-0.262460516535914,2.91655588569029e-13,3.2304075389493e-13,0.110858393493277,-5.86115628838502,-5.32782835780646,3.72279984617307e-12,14.1876501366026,14.1876501365909,2,1,0,3.72279984617307e-12
650,-0.982330155456187,0.558214010708474,2.8524235398953,-0.261250818254384,2.85882428840978e-13,6.22343274053858e-13,0.110764058526385,-5.86696938022316,-5.32777324223231,1.54543045027822e-13,14.1650027349781,14.1650027349662,2,1,0,1.54543045027822e-13
651,-0.987567013012938,0.557395083542377,2.8526245167683,-0.260051201634853,2.87658785680378e-13,3.34861236424075e-13,0.110675401839176,-5.87275664118535,-5.3276523880117,1.77635683940025e-15,14.1419784264622,14.1419784264507,2,1,0,1.77635683940025e-15
652,-0.992842141686605,0.556574491567195,2.85281727204597,-0.258861626507309,3.88578058618805e-13,7.74536998808989e-13,0.110592313042499,-5.87852031831933,-5.3274752663666,2.06945571790129e-13,14.1185840497519,14.1185840497399,2,1,0,2.06945571790129e-13
653,-0.998155526797754,0.555752249616088,2.85300187624275,-0.257682053868728,1.21636034577932e-12,2.39073722456071e-12,0.110514685876875,-5.88426464349415,-5.32723579601392,3.10862446895044e-14,14.0948264544159,14.094826454403,2,1,0,3.10862446895044e-14
654,-1.00350715319221,0.554928373765434,2.85317839859612,-0.256512445839033,2.87547763377916e-13,2.93388149715725e-13,0.11044242912062,-5.88998788431155,-5.32694018125378,4.49418280368263e-13,14.0707125013507,14.0707125013389,2,1,0,4.49418280368263e-13
655,-1.00889700499341,0.554102881303884,2.85334690716186,-0.255352765617395,2.85660384236053e-13,2.98123065657569e-13,0.110375425354487,-5.89569873902492,-5.326586667036,2.09166017839379e-13,14.0462490630743,14.0462490630625,2,1,0,2.09166017839379e-13
656,-1.01432506535997,0.553275790700594,2.85350746890627,-0.254202977436943,3.09974268475344e-13,6.39755909253684e-13,0.1103135696207,-5.9013910454944,-5.32618179882055,1.48991929904696e-12,14.021443023905,14.0214430238931,2,1,0,1.48991929904696e-12
657,-1.0197913162501,0.552447121574178,2.853660149796,-0.253063046520095,4.2588155224621e-13,9.41237815256884e-13,0.110256728366885,-5.90706997238286,-5.32572094201567,3.43280959214098e-13,13.9963012799793,13.9963012799671,2,1,0,3.43280959214098e-13
658,-1.02529573819267,0.551616894661623,2.85380501488512,-0.251932939033253,2.91877633173954e-13,3.23251573926242e-13,0.110204852505125,-5.91273593018484,-5.32521458808427,3.5527136788005e-15,13.9708307391305,13.9708307391187,2,1,0,3.5527136788005e-15
659,-1.03083831006525,0.550785131787401,2.85394212839962,-0.250812622041366,2.83995049699115e-13,3.96624192054058e-13,0.110157820859668,-5.91839073428175,-5.32465692635127,2.12052597703405e-14,13.9450383206154,13.9450383206038,2,1,0,2.12052597703405e-14
660,-1.03641900887939,0.549951855832022,2.85407155381915,-0.249702063461795,4.13447054370408e-13,8.48181329264114e-13,0.110115538632264,-5.92403982166043,-5.3240522042421,3.69926311805102e-13,13.9189309547085,13.9189309546965,2,1,0,3.69926311805102e-13
661,-1.04203780957345,0.549117090700979,2.85419335395606,-0.248601232018364,2.87436741075453e-13,3.60891819643261e-13,0.110077914919607,-5.92967486498205,-5.3233995042845,2.8510527272374e-13,13.8925155821383,13.8925155821262,2,1,0,2.8510527272374e-13
662,-1.0476946848138,0.548280861293503,2.85430759103187,-0.247510097195139,2.88324919495153e-13,4.99399492172376e-13,0.110044842806838,-5.93531453175425,-5.32270826479842,1.99840144432528e-14,13.8657991533769,13.8657991533654,2,1,0,1.99840144432528e-14
663,-1.05338960480335,0.547443193470111,2.85441432675069,-0.24642862918957,2.8554936193359e-13,3.20705566363989e-13,0.110016221585442,-5.94094499097819,-5.32197250882673,2.60680366181987e-13,13.8387886278087,13.8387886277971,2,1,0,2.60680366181987e-13
664,-1.05912253709979,0.546604114021384,2.85451362237014,-0.245356798865964,2.86548562655753e-13,5.38491346880381e-13,0.109991984322667,-5.94657381770311,-5.32119817897575,9.41469124882133e-13,13.8114909727178,13.8114909727066,2,1,0,9.41469124882133e-13
665,-1.06489344644218,0.545763650634977,2.85460553876931,-0.244294577708532,4.69402294811516e-13,1.06143191094176e-12,0.109971989853762,-5.95220315560998,-5.3203847095539,1.83852932877926e-13,13.7839131621639,13.7839131621518,2,1,0,1.83852932877926e-13
666,-1.07070229458712,0.544921831863126,2.85469013651397,-0.243241937774268,2.8022029141539e-13,4.81930090851975e-13,0.109956178869452,-5.95783254143834,-5.31953363245124,4.04121180963557e-13,13.7560621756973,13.7560621756855,2,1,0,4.04121180963557e-13
667,-1.07654904015444,0.544078687089384,2.85476747591879,-0.242198851646123,2.85438339631128e-13,4.4260391519522e-13,0.109944431359688,-5.96346475320979,-5.31864865486766,1.15463194561016e-14,13.7279449969398,13.7279449969281,2,1,0,1.15463194561016e-14
668,-1.08243363848315,0.543234246494712,2.85483761710673,-0.241165292385718,2.84883228118815e-13,3.88225371417204e-13,0.109936661182523,-5.96910108851687,-5.31772753445664,7.93587418002062e-13,13.6995686120299,13.6995686120185,2,1,0,7.93587418002062e-13
669,-1.08835604149731,0.54238854102312,2.85490062006536,-0.240141233486101,7.15427717068451e-13,1.27317463553215e-12,0.109932778069562,-5.97474320665358,-5.31677768799713,4.61852778244065e-14,13.6709400079318,13.6709400079211,2,1,0,4.61852778244065e-14
670,-1.094316197583,0.541541602346715,2.8549565447003,-0.239126648824917,5.18696197104873e-13,1.01159457589701e-12,0.109932698085621,-5.98039273422433,-5.31579857388748,4.82280881897168e-13,13.6420661706097,13.6420661705986,2,1,0,4.82280881897168e-13
671,-1.10031405147675,0.540693462830863,2.85500545088576,-0.238121512617367,2.80886425230165e-13,3.69605438964413e-13,0.109936327335193,-5.98605149931054,-5.31478869240078,1.98818739249873e-12,13.6129540830582,13.6129540830467,2,1,0,1.98818739249873e-12
672,-1.10634954416422,0.539844155497324,2.85504739851158,-0.237125799369267,2.82662782069565e-13,4.42892953506909e-13,0.109943577764077,-5.99172049096781,-5.31375382453045,1.87760917924606e-12,13.5836107232353,13.5836107232239,2,1,0,1.87760917924606e-12
673,-1.11242261279158,0.538993713988072,2.85508244752773,-0.236139483830674,2.79443135298152e-13,4.49870670244982e-13,0.109954354103276,-5.99740181161466,-5.31269339630707,1.66977542903624e-13,13.5540430618448,13.554043061834,2,1,0,1.66977542903624e-13
674,-1.11853319058799,0.538142172527371,2.85511065798517,-0.23516254094927,2.87325718772991e-13,5.3170310237181e-13,0.109968523400268,-6.0030969564748,-5.31160914434039,1.63380420303838e-12,13.5242580600228,13.5242580600118,2,1,0,1.63380420303838e-12
675,-1.12468120680161,0.537289565884619,2.8551320900741,-0.234194945824678,2.78443934575989e-13,5.51656786167304e-13,0.109986029923097,-6.00880820948071,-5.31050290289512,1.59872115546023e-14,13.4942626668792,13.4942626668681,2,1,0,1.59872115546023e-14
676,-1.13086658664655,0.536435929334989,2.85514680415852,-0.233236673662466,7.68274333040608e-13,1.33975533518248e-12,0.110006797086571,-6.01453457669724,-5.30937589129885,4.50306458787963e-13,13.4640638169644,13.4640638169543,2,1,0,4.50306458787963e-13
677,-1.13708925126364,0.535581298620387,2.85515486080794,-0.2322876997294,2.73114864057789e-13,3.0239150216604e-13,0.110030736652566,-6.0202800421302,-5.30823016336851,3.84492437888184e-12,13.4336684276093,13.4336684275982,2,1,0,3.84492437888184e-12
678,-1.14334911769406,0.534725709909899,2.8551563208259,-0.231347999308392,2.78554956878452e-13,3.30593544836698e-13,0.110057711731805,-6.02604528419777,-5.3070690160778,1.72128977737884e-12,13.4030833961665,13.4030833961554,2,1,0,1.72128977737884e-12
679,-1.14964609886524,0.533869199758488,2.85515124527492,-0.230417547654657,3.15303338993544e-13,6.95813262245795e-13,0.110087644970716,-6.03183192052502,-5.30588991716046,6.31494856406789e-13,13.3723155971799,13.3723155971682,2,1,0,6.31494856406789e-13
680,-1.15598010359129,0.533011805066527,2.85513969549871,-0.22949631995219,3.92130772297605e-13,7.90645097440864e-13,0.110120485419193,-6.037640795377,-5.30469617632639,1.06581410364015e-14,13.3413718794406,13.3413718794292,2,1,0,1.06581410364015e-14
681,-1.16235103658571,0.53215356303763,2.85512173314078,-0.228584291271051,6.75903777391795e-13,1.36372904140421e-12,0.110156128371152,-6.04347390024604,-5.30349445198496,6.86561918428197e-13,13.3102590629856,13.3102590629752,2,1,0,6.86561918428197e-13
682,-1.16875879848859,0.531294511136799,2.85509742016012,-0.22768143652576,2.60458321577062e-13,2.92555439584204e-13,0.110194421898351,-6.04933242796286,-5.30227898089633,7.99360577730113e-15,13.2789839360064,13.2789839359952,2,1,0,7.99360577730113e-15
683,-1.17520328590683,0.530434687047579,2.85506681884354,-0.226787730433771,2.62456723021387e-13,3.40227146221414e-13,0.110235354625383,-6.05521770761852,-5.30105050225082,8.62865334738672e-13,13.2475532517029,13.2475532516916,2,1,0,8.62865334738672e-13
684,-1.18168439146766,0.529574128628575,2.85502999181479,-0.225903147475743,5.59108315201229e-13,1.07430579522907e-12,0.110278829177768,-6.0611322012847,-5.29981954094654,3.01048075357357e-12,13.2159737250833,13.2159737250721,2,1,0,3.01048075357357e-12
685,-1.18820200388653,0.528712873869883,2.85498700204063,-0.225027661856186,2.59459120854899e-13,4.44114066644313e-13,0.11032467775729,-6.06707514458479,-5.29858191859895,7.88702436693711e-13,13.1842520297056,13.1842520296953,2,1,0,7.88702436693711e-13
686,-1.19475600804793,0.527850960849275,2.85493791283381,-0.224161247465744,7.096545573404e-13,1.39359332252719e-12,0.110372905622621,-6.07304790668226,-5.29733618139156,4.10338429901458e-13,13.1523947943789,13.1523947943673,2,1,0,4.10338429901458e-13
687,-1.20134628510037,0.5269884276882,2.85488278785299,-0.223303877844034,2.57460719410574e-13,3.59837281728249e-13,0.110423378595519,-6.07905310661574,-5.2960842594676,1.98063787593128e-13,13.1204085998266,13.1204085998154,2,1,0,1.98063787593128e-13
688,-1.20797271256353,0.526125312506352,2.85482169109939,-0.222455526144169,4.40092406961412e-13,8.80261456714692e-13,0.110475991756521,-6.08509763621992,-5.29483626787752,9.26370091747231e-13,13.0882999753468,13.0882999753365,2,1,0,9.26370091747231e-13
689,-1.21463516444959,0.525261653377468,2.85475468691082,-0.221616165098306,2.56461518688411e-13,4.29830778459375e-13,0.110530716727414,-6.09117630673192,-5.29358647390182,3.68149954965702e-13,13.0560753954315,13.0560753954204,2,1,0,3.68149954965702e-13
690,-1.22133351139749,0.524397488284592,2.85468183995263,-0.22078576698453,4.05009359383257e-13,7.53210740671665e-13,0.110587369296555,-6.09729062168716,-5.29233492798713,3.13171710786264e-12,13.0237412763854,13.0237412763746,2,1,0,3.13171710786264e-12
691,-1.22806762081916,0.523532855074414,2.85460321520572,-0.219964303595261,2.97095681389692e-13,6.87436757037131e-13,0.110645955194146,-6.1034421283105,-5.29108331916064,1.77635683940025e-15,12.9913039729599,12.9913039729492,2,1,0,1.77635683940025e-15
692,-1.23483735705897,0.522667791413378,2.85451887795215,-0.219151746207206,3.99236199655206e-13,6.97576473179152e-13,0.110706320817086,-6.10963248432704,-5.28983771653658,1.82698300932316e-12,12.9587697749722,12.9587697749616,2,1,0,1.82698300932316e-12
693,-1.24164258156516,0.521802334741882,2.85442889375764,-0.21834806555248,2.65565347490337e-13,4.99430335052574e-13,0.11076841636161,-6.11586244716779,-5.28859663340299,4.72510919280467e-13,12.9261449039695,12.9261449039593,2,1,0,4.72510919280467e-13
694,-1.24848315307273,0.520936522230233,2.85433332845185,-0.217553231791753,4.20552481728009e-13,9.27542590225529e-13,0.110832128142817,-6.1221340742623,-5.28736177924468,1.51212375953946e-12,12.8934355099024,12.8934355098917,2,1,0,1.51212375953946e-12
695,-1.25535892779811,0.52007039073421,2.85423224810601,-0.216767214488481,6.00852700927135e-13,1.23545882183823e-12,0.110897389384684,-6.12844862279787,-5.28613247395386,1.00053298979219e-12,12.8606476678422,12.8606476678308,2,1,0,1.00053298979219e-12
696,-1.26226975964446,0.519203976750698,2.85412571900817,-0.215989982585308,2.4535928844216e-13,4.17474282421877e-13,0.110964093620006,-6.13481073966151,-5.28491158488449,5.57776047571679e-13,12.8277873747476,12.8277873747376,2,1,0,5.57776047571679e-13
697,-1.2692155004178,0.518337316373883,2.85401380763623,-0.215221504381865,4.00124378074906e-13,8.38955996209187e-13,0.111032160307538,-6.14121771911736,-5.28370008454604,3.21520587931445e-13,12.7948605462823,12.7948605462714,2,1,0,3.21520587931445e-13
698,-1.27619600005293,0.517470445253013,2.85389658062894,-0.214461747514316,7.0743411129115e-13,1.23474460281381e-12,0.111101499403466,-6.1476698141544,-5.28249889157386,2.58326693369781e-12,12.7618730136836,12.7618730136749,2,1,0,2.58326693369781e-12
699,-1.28321110684907,0.516603398548504,2.85377410475455,-0.213710678936873,2.40252262528884e-13,4.30197021445654e-13,0.111172038891044,-6.15416788499789,-5.28130906296489,7.89146525903561e-13,12.7288305207261,12.7288305207161,2,1,0,7.89146525903561e-13
700,-1.29026066771432,0.515736210891256,2.85364644687803,-0.21296826490471,3.61932706027801e-13,6.14812106560747e-13,0.111243658283518,-6.16071449535233,-5.28013237243942,1.90647497788632e-12,12.6957387207354,12.6957387207253,2,1,0,1.90647497788632e-12
701,-1.29734452841832,0.514868916340379,2.85351367392602,-0.212234470958994,2.4757973449141e-13,3.3867582122335e-13,0.111316314717222,-6.16731481585579,-5.27897048890861,1.46549439250521e-14,12.6626031737139,12.6626031737038,2,1,0,1.46549439250521e-14
702,-1.30446253385324,0.514001548344116,2.85337585285068,-0.211509261913836,8.31335000839317e-13,1.51154385263483e-12,0.11138987208553,-6.17396714494502,-5.27782310947908,2.26618723786487e-12,12.6294293435328,12.6294293435241,2,1,0,2.26618723786487e-12
703,-1.31161452830139,0.513134139698699,2.85323305059145,-0.210792601844574,2.36699548850083e-13,2.93741982872271e-13,0.111464310949839,-6.18066948064438,-5.27669141571381,7.76267938817909e-13,12.5962225952569,12.5962225952467,2,1,0,7.76267938817909e-13
704,-1.31880035570971,0.512266722511596,2.85308533403606,-0.210084454078165,6.78568312650896e-13,1.16725119535535e-12,0.111539466779042,-6.18742279978447,-5.27557653042855,7.95363774841462e-13,12.5629881925383,12.5629881925296,2,1,0,7.95363774841462e-13
705,-1.3260198599702,0.51139932816247,2.8529327699798,-0.209384781185614,2.37143638059933e-13,3.75340135684116e-13,0.111615325011124,-6.19423063699493,-5.27448021169778,1.31228361510694e-12,12.529731295159,12.5297312951482,2,1,0,1.31228361510694e-12
706,-1.33327288520548,0.510531987268485,2.85277542508424,-0.208693544975776,2.42250663973209e-13,2.8109256941687e-13,0.111691752914061,-6.20110003527145,-5.27340360944884,3.70814490224802e-13,12.4964569566567,12.4964569566469,2,1,0,3.70814490224802e-13
707,-1.34055927605886,0.509664729647847,2.8526133658345,-0.208010706491207,4.87609952415369e-13,8.4301461557228e-13,0.111768683161375,-6.20802309085014,-5.27234625022355,1.72128977737884e-12,12.4631701221067,12.4631701220978,2,1,0,1.72128977737884e-12
708,-1.34787887798892,0.508797584286145,2.85244665849605,-0.20733622600566,2.36255459640233e-13,3.31652286412553e-13,0.111846057076609,-6.21500055131615,-5.27130886473723,1.0742517986273e-12,12.4298756260118,12.4298756260026,2,1,0,1.0742517986273e-12
709,-1.35523153756652,0.507930579304592,2.85227536907094,-0.206670063023427,4.30322444344711e-13,9.11947165460836e-13,0.111923727609518,-6.22203909744823,-5.27029206484013,3.5527136788005e-15,12.396578190324,12.3965781903135,2,1,0,3.5527136788005e-15
710,-1.36261710277534,0.507063741928181,2.8520995632533,-0.206012176280228,3.94795307556706e-13,6.96115138318598e-13,0.112001691319725,-6.22913758026443,-5.2692987133498,1.86028970006191e-12,12.3632824226116,12.3632824226031,2,1,0,1.86028970006191e-12
711,-1.37003542331379,0.506197098455248,2.8519193063845,-0.205362523745909,2.49578135935735e-13,5.65149005548805e-13,0.11207980851164,-6.23629595724385,-5.26833268188379,1.79412040779425e-12,12.3299928143682,12.3299928143588,2,1,0,1.79412040779425e-12
712,-1.37748635089843,0.505330674230795,2.85173466340843,-0.204721062628692,6.43041175862891e-13,1.32148691596727e-12,0.112158018500449,-6.24351529421769,-5.26738968812079,9.9520391927399e-13,12.2967137394411,12.2967137394321,2,1,0,9.9520391927399e-13
713,-1.38496973956838,0.504464493618277,2.85154569882625,-0.204087749381028,2.23154827949656e-13,3.68973733592904e-13,0.112236257486124,-6.25079628340354,-5.26647032895396,5.32907051820075e-13,12.2634494526313,12.2634494526216,2,1,0,5.32907051820075e-13
714,-1.39248544598924,0.503598579974773,2.85135247665143,-0.203462539706613,2.40696351738734e-13,4.87352471560199e-13,0.112314399144608,-6.25814143588689,-5.26557527941987,4.54303261676614e-13,12.230204088424,12.2302040884154,2,1,0,4.54303261676614e-13
715,-1.40003332975738,0.502732955626958,2.85115506036491,-0.202845388569542,2.39808173319034e-13,5.03430448466454e-13,0.112392407582771,-6.26554787902631,-5.26470508500757,1.59872115546023e-14,12.1969816598684,12.1969816598592,2,1,0,1.59872115546023e-14
716,-1.40761325370203,0.501867641850033,2.8509535128707,-0.202236250204386,2.96207502969992e-13,6.43369105137731e-13,0.112470208333459,-6.27301974999212,-5.26386525460158,2.1538326677728e-12,12.1637860575989,12.1637860575906,2,1,0,2.1538326677728e-12
717,-1.41522508418709,0.501002658845539,2.85074789645153,-0.201635078127344,2.24043006369357e-13,4.21043799299689e-13,0.112547670998856,-6.28056275013779,-5.26305483598301,6.97220059464598e-14,12.1306210490201,12.1306210490115,2,1,0,6.97220059464598e-14
718,-1.42286869140933,0.500138025724403,2.85053827272556,-0.201041825149505,6.86561918428197e-13,1.43021175312588e-12,0.112624762929165,-6.2881681048125,-5.26227113347459,5.87219162184738e-12,12.0974902776146,12.0974902776046,2,1,0,5.87219162184738e-12
719,-1.4305439496952,0.499273760488009,2.85032470260314,-0.200456443390066,2.38475905689484e-13,5.2329429432877e-13,0.112701409499138,-6.29584207028965,-5.26151462047942,8.66862137627322e-13,12.0643972624213,12.0643972624123,2,1,0,8.66862137627322e-13
720,-1.43825073779379,0.49840988001395,2.85010724624485,-0.199878884292096,5.15143483426073e-13,1.07943804408534e-12,0.112777494160865,-6.30358301019802,-5.26078734096347,2.22044604925031e-15,12.0313453976358,12.0313453976279,2,1,0,2.22044604925031e-15
721,-1.44598893916626,0.497546400041178,2.84988596301992,-0.199309098637944,4.36983782492462e-13,6.88712354548792e-13,0.112852980758486,-6.3113930184061,-5.26009158306094,1.45172762699985e-12,11.9983379523715,11.9983379523631,2,1,0,1.45172762699985e-12
722,-1.45375844227197,0.496683335157936,2.84966091146587,-0.198747036566203,2.13329354181724e-13,2.53883177609562e-13,0.112927805299368,-6.31926863160008,-5.2594261080886,1.16084919454806e-12,11.9653780705482,11.9653780705394,2,1,0,1.16084919454806e-12
723,-1.46155914084873,0.495820698792053,2.84943214924913,-0.198192647590006,3.29070104498896e-13,7.33318009742241e-13,0.113001839734776,-6.32722398966151,-5.25879142921623,1.37667655053519e-14,11.9324687709197,11.9324687709103,2,1,0,1.37667655053519e-14
724,-1.4693909341903,0.494958503200622,2.8491997331265,-0.197645880614962,2.62456723021387e-13,5.62195190114379e-13,0.113075038047365,-6.33524635815402,-5.25818749843132,1.94955163124177e-13,11.8996129472436,11.8996129472353,2,1,0,1.94955163124177e-13
725,-1.47725372741723,0.494096759463595,2.84896371890806,-0.197106683958925,3.93907129137006e-13,6.35905161915969e-13,0.113147347763928,-6.34333949144603,-5.25761501527031,4.88498130835069e-13,11.8668133685713,11.8668133685638,2,1,0,4.88498130835069e-13
726,-1.48514743174378,0.493235477476631,2.84872416142091,-0.196575005371211,2.10220729712773e-13,4.10143836866439e-13,0.113218683548636,-6.35150606364971,-5.25707411757159,2.22044604925031e-15,11.8340726796756,11.8340726796675,2,1,0,2.22044604925031e-15
727,-1.49307196473737,0.492374665949232,2.84848111447485,-0.196050792053657,4.90274487674469e-13,7.57732400376662e-13,0.113288957230851,-6.35974540607173,-5.25656667132392,2.37543318348798e-12,11.8013934015845,11.8013934015764,2,1,0,2.37543318348798e-12
728,-1.50102725057528,0.491514332398927,2.84823463082837,-0.195533990680597,2.93098878501041e-13,6.09155968250956e-13,0.113358124737932,-6.36805976014883,-5.25609186849652,3.77475828372553e-15,11.7687779322554,11.7687779322461,2,1,0,3.77475828372553e-15
729,-1.50901322029186,0.490654483152966,2.84798476215704,-0.195024547420556,2.03281835808866e-13,2.91160396694535e-13,0.113426111982283,-6.3764483769964,-5.25564801233521,7.096545573404e-13,11.7362285473405,11.7362285473316,2,1,0,7.096545573404e-13
730,-1.51702981202291,0.489795123346511,2.84773155902243,-0.194522407957178,2.61568544601687e-13,5.55102398352914e-13,0.113492818132845,-6.38491119250656,-5.25523871944825,1.4122036873232e-13,11.7037474010774,11.70374740107,2,1,0,1.4122036873232e-13
731,-1.5250769712424,0.488936256924444,2.84747507084292,-0.194027517510716,5.32462962610225e-13,9.26135106093126e-13,0.113558215106576,-6.39344955057652,-5.25486466586469,2.88213897192691e-13,11.6713365272764,11.6713365272701,2,1,0,2.88213897192691e-13
732,-1.53315465099284,0.4880778866451,2.84721534586584,-0.193539820859628,4.56079618516014e-13,9.28424897600654e-13,0.113622239216613,-6.40206902024127,-5.2545233928795,3.41948691584548e-14,11.6389978404032,11.6389978403956,2,1,0,3.41948691584548e-14
733,-1.54126281210954,0.487220014084603,2.84695243114107,-0.193059262362153,2.00950367457153e-13,2.54063251692929e-13,0.113684775005789,-6.41076165402664,-5.25421491333662,5.19584375524573e-14,11.6067331367585,11.6067331367501,2,1,0,5.19584375524573e-14
734,-1.54940142343974,0.486362639641621,2.84668637249597,-0.192585785977429,3.05977465586693e-13,7.10301877994725e-13,0.113745798159515,-6.41953176442871,-5.25393918360165,2.831512802004e-12,11.5745440957452,11.5745440957385,2,1,0,2.831512802004e-12
735,-1.55757046205517,0.485505762543549,2.84641721451171,-0.192119335286755,3.05533376376843e-13,6.04283598157344e-13,0.113805247609043,-6.42838518228604,-5.25369823054602,1.07913677993565e-12,11.542432281216,11.5424322812087,2,1,0,1.07913677993565e-12
736,-1.56576991345617,0.484649380856845,2.84614500050159,-0.191659853514839,3.92574861507455e-13,7.44211206417919e-13,0.11386302352823,-6.43731404982062,-5.25349506553446,2.30526708833168e-12,11.510399142893,11.5103991428845,2,1,0,2.30526708833168e-12
737,-1.57399977177397,0.483793491493499,2.84586977249001,-0.191207283549814,4.2810199829546e-13,9.21968258073168e-13,0.113919087838213,-6.44632204884553,-5.25332403738246,1.67421632113474e-13,11.4784460178648,11.4784460178573,2,1,0,1.67421632113474e-13
738,-1.58226003996385,0.482938090222394,2.84559157119348,-0.190761567963986,1.98285832198053e-13,3.02863080613369e-13,0.113973385336273,-6.45541335850307,-5.25318687230925,7.32747196252603e-14,11.4465741321422,11.4465741321344,2,1,0,7.32747196252603e-14
739,-1.59055072999367,0.48208317168038,2.84531043600283,-0.190322649032963,4.2499337382651e-13,8.49440468206807e-13,0.114025833151985,-6.46458333668049,-5.25308241602245,4.43201031430362e-13,11.4147846022747,11.4147846022685,2,1,0,4.43201031430362e-13
740,-1.59887186302826,0.481228729382899,2.8450264049666,-0.189890468754956,1.89848137210902e-13,2.37440088028612e-13,0.114076369611085,-6.47383516432116,-5.25301438190132,4.55635529306164e-13,11.3830784370202,11.3830784370125,2,1,0,4.55635529306164e-13
741,-1.60722346960437,0.480374755739613,2.84473951477643,-0.189464968869338,2.67341704329738e-13,5.43496677046291e-13,0.114124953602176,-6.48316985504193,-5.25298164245765,6.66133814775094e-15,11.3514565390608,11.3514565390526,2,1,0,6.66133814775094e-15
742,-1.61560558980605,0.479521242065523,2.84444980075302,-0.189046090874084,3.86357612569554e-13,8.26467366475536e-13,0.11417152198989,-6.49258525480588,-5.25298182414834,3.08197911635943e-13,11.3199197067619,11.3199197067533,2,1,0,3.08197911635943e-13
743,-1.62401827343062,0.478668178597068,2.8441572968339,-0.188633776042876,4.80948614267618e-13,9.21490955810367e-13,0.114215978297642,-6.50208671399455,-5.25301521622441,1.18394183346027e-12,11.2884686359662,11.2884686359607,2,1,0,1.18394183346027e-12
744,-1.63246158015446,0.477815554505202,2.84386203556206,-0.188227965441116,1.81077375316363e-13,2.11118543273081e-13,0.114258301413982,-6.51167075535295,-5.25308205973928,7.72715225139109e-14,11.2571039218182,11.2571039218106,2,1,0,7.72715225139109e-14
745,-1.6409355796869,0.476963357915625,2.84356404807674,-0.187828599941278,4.2321701698711e-13,9.5965093617083e-13,0.114298429897962,-6.52133531862833,-5.25318694052537,2.79776202205539e-13,11.2258260606179,11.2258260606127,2,1,0,2.79776202205539e-13
746,-1.6494403519323,0.476111575919268,2.84326336410375,-0.187435620236734,2.8421709430404e-13,6.48503472068435e-13,0.114336286697756,-6.53109202547315,-5.25332375379581,3.66373598126302e-15,11.1946354516873,11.1946354516803,2,1,0,3.66373598126302e-15
747,-1.65797598713393,0.475260194595448,2.84296001194892,-0.187048966855481,1.79800618838044e-13,2.02625130598984e-13,0.114371827070735,-6.54092883263274,-5.25349220683829,4.60964599824365e-13,11.1635323992631,11.1635323992552,2,1,0,4.60964599824365e-13
748,-1.66654258602753,0.474409199025037,2.84265401849095,-0.186668580171736,1.72084568816899e-13,2.06381901075828e-13,0.114405006682708,-6.55085307792366,-5.25369364819019,2.59037236105542e-12,11.132517114389,11.1325171143816,2,1,0,2.59037236105542e-12
749,-1.67514025998411,0.47355857331025,2.84234540917627,-0.186294400417188,1.73194791841524e-13,3.58474685720669e-13,0.114435739430473,-6.56086630717213,-5.25393438256906,2.00106597958438e-12,11.1015897168211,11.1015897168131,2,1,0,2.00106597958438e-12
750,-1.68376913115254,0.472708300592979,2.84203420801468,-0.185926367690728,3.78364006792253e-13,7.32697380762969e-13,0.114463965526608,-6.5709600932535,-5.25420501682282,1.02140518265514e-12,11.0707502369319,11.0707502369241,2,1,0,1.02140518265514e-12
751,-1.69242933260011,0.471858363073343,2.84172043757587,-0.185564421966875,1.74471548319843e-13,2.09965120697706e-13,0.114489661011769,-6.58115095585002,-5.2545074293695,8.01581023779363e-13,11.0399986176118,11.0399986176042,2,1,0,8.01581023779363e-13
752,-1.70112100845065,0.471008742029075,2.84140411898692,-0.185208503103217,3.78364006792253e-13,7.05036036954839e-13,0.114512766090445,-6.59142479911899,-5.25484334779239,7.48734407807206e-13,11.0093347161631,11.0093347161555,2,1,0,7.48734407807206e-13
753,-1.70984431402194,0.470159417834419,2.84108527193062,-0.184858550846035,5.90638649100583e-13,1.27604472470808e-12,0.114533189293651,-6.60178870200752,-5.25521189018539,1.00142116821189e-12,10.9787583061831,10.9787583061741,2,1,0,1.00142116821189e-12
754,-1.71859941596118,0.469310369980303,2.84076391464467,-0.184514504834982,1.69142477801643e-13,2.07011215310741e-13,0.114550910584029,-6.61224104421879,-5.25561219119821,3.14859249783694e-13,10.9482690794316,10.9482690794244,2,1,0,3.14859249783694e-13
755,-1.72738649238069,0.468461577093651,2.84044006392153,-0.184176304606167,5.44897460486027e-13,1.0167833558914e-12,0.114565876361099,-6.62278419464068,-5.25604491244276,9.88986670336089e-13,10.9178666476802,10.9178666476737,2,1,0,9.88986670336089e-13
756,-1.73620573299295,0.467613016957506,2.84011373510909,-0.183843889593679,1.65811808727767e-13,3.22446561338398e-13,0.114577995649462,-6.63341314230215,-5.25650783634953,4.9427129056312e-13,10.8875505445387,10.887550544531,2,1,0,4.9427129056312e-13
757,-1.74505733924566,0.466764666531241,2.83978494211196,-0.183517199129433,1.77358128183869e-13,2.92949930289794e-13,0.114587243686237,-6.64414218292277,-5.25699940467869,8.76632100244024e-13,10.8573202272574,10.8573202272502,2,1,0,8.76632100244024e-13
758,-1.75394152445826,0.465916501970293,2.83945369739334,-0.183196172441939,5.08482145278322e-13,9.22499231718571e-13,0.114593576311648,-6.65495640879664,-5.25752910495043,8.19788681383216e-13,10.827175078498,10.8271750784916,2,1,0,8.19788681383216e-13
759,-1.7628585139585,0.465068498646681,2.83912001197753,-0.18288074865299,4.06785716222657e-13,7.65265957679726e-13,0.114596897040683,-6.6658673269154,-5.25808494965851,4.78284079008517e-13,10.7971144080762,10.7971144080692,2,1,0,4.78284079008517e-13
760,-1.77180854522131,0.464220631169112,2.83878389545288,-0.18257086677279,5.02708985550271e-13,1.00729287537765e-12,0.114597184769973,-6.67686907117108,-5.25867124405256,9.72555369571637e-13,10.7671374546671,10.7671374546587,2,1,0,9.72555369571637e-13
761,-1.78079186800931,0.463372873403047,2.83844535597532,-0.182266465693231,1.65756297576536e-13,2.74358130985873e-13,0.114594380862157,-6.68796413305702,-5.25928682109639,1.50235379692276e-12,10.7372433874757,10.7372433874681,2,1,0,1.50235379692276e-12
762,-1.78980874451585,0.462525198490948,2.8381044002722,-0.181967484179939,1.65645275274073e-13,1.82279100246646e-13,0.114588413428924,-6.69915142470908,-5.25992740892037,5.72875080706581e-14,10.7074313078658,10.7074313078584,2,1,0,5.72875080706581e-14
763,-1.79885944951079,0.461677578872337,2.83776103364663,-0.181673860861709,2.93542967710891e-13,5.79795039637227e-13,0.114579247831621,-6.71043845168781,-5.2606057844659,1.45261580541955e-12,10.6777002509488,10.6777002509419,2,1,0,1.45261580541955e-12
764,-1.80794427048984,0.46082998630376,2.83741525998209,-0.181385534218694,1.73361325295218e-13,3.38012552565762e-13,0.114566832368727,-6.72181752906842,-5.26130753102285,1.51079149190991e-12,10.6480491871276,10.6480491871208,2,1,0,1.51079149190991e-12
765,-1.8170635078276,0.459982391878628,2.83706708174744,-0.181102442568224,1.66644475996236e-13,1.93859574173533e-13,0.114551078026775,-6.73329239558248,-5.26203769028352,1.12709841459946e-12,10.6184770235943,10.6184770235874,2,1,0,1.12709841459946e-12
766,-1.82621747493441,0.459134766047272,2.83671650000213,-0.180824524049009,1.58595359067704e-13,2.28189710135263e-13,0.114531967476391,-6.74486752627137,-5.26279370964251,1.40110145707695e-12,10.5889826057819,10.5889826057747,2,1,0,1.40110145707695e-12
767,-1.83540649841911,0.458287078636146,2.83636351440165,-0.180551716602987,1.66977542903624e-13,2.49133237357913e-13,0.114509426526868,-6.75653409597252,-5.26357759970931,1.90647497788632e-12,10.5595647187622,10.5595647187552,2,1,0,1.90647497788632e-12
768,-1.84463091825593,0.457439298867528,2.83600812320325,-0.18028395795534,2.04725125740879e-13,4.60453683962616e-13,0.114483396728868,-6.76830537760293,-5.2643888684053,2.55573340268711e-12,10.5302220885962,10.5302220885888,2,1,0,2.55573340268711e-12
769,-1.85389108795741,0.456591395378842,2.83565032327179,-0.180021185592006,2.93098878501041e-13,5.44230632889541e-13,0.114453838567489,-6.78017414005688,-5.26522514113864,9.08606523353228e-13,10.5009533836299,10.5009533836228,2,1,0,9.08606523353228e-13
770,-1.86318737475381,0.455743336241758,2.83529011008576,-0.179763336735446,1.52766688188422e-13,3.04566688027029e-13,0.114420672506843,-6.79213756820131,-5.26608760565822,6.85229650798647e-13,10.4717572157358,10.4717572157293,2,1,0,6.85229650798647e-13
771,-1.87252015977941,0.45489508898088,2.83492747774338,-0.179510348317452,5.46673817325427e-13,9.40794019099233e-13,0.114383858434715,-6.80420841256477,-5.26697340067009,1.0795808691455e-12,10.442632141497,10.4426321414901,2,1,0,1.0795808691455e-12
772,-1.88188983826499,0.454046620592865,2.83456241896885,-0.179262156950145,4.90274487674469e-13,9.12912420955788e-13,0.114343340833611,-6.81637745094996,-5.26788388494353,2.77289302630379e-12,10.4135766633383,10.4135766633308,2,1,0,2.77289302630379e-12
773,-1.89129681973939,0.453197897564722,2.8341949251187,-0.179018698894262,2.44693154627385e-13,5.18454751438305e-13,0.114299037523178,-6.82864462165776,-5.26881618090462,1.90958360235527e-14,10.3845892305947,10.3845892305885,2,1,0,1.90958360235527e-14
774,-1.90074152823896,0.452348885891996,2.83382498618807,-0.178779910024982,6.48370246381091e-13,1.18067096135099e-12,0.114250918788213,-6.8410205434134,-5.26977468786192,1.10444986489711e-12,10.3556682405211,10.3556682405152,2,1,0,1.10444986489711e-12
775,-1.91022440252549,0.451499551097006,2.83345259081715,-0.178545725794991,1.5754064719431e-13,2.12650634525851e-13,0.114198897225147,-6.85349745701064,-5.27075424482989,1.11777254119261e-12,10.3268120392437,10.3268120392369,2,1,0,1.11777254119261e-12
776,-1.91974589631387,0.450649858246639,2.83307772629766,-0.178316081194756,1.59927626697254e-13,1.75516167903697e-13,0.114142940272716,-6.8660757456575,-5.27175595675482,9.07274255723678e-13,10.2980189226475,10.2980189226409,2,1,0,9.07274255723678e-13
777,-1.92930648440735,0.449799771149411,2.83270037828328,-0.178090910601761,2.80897305415806e-10,3.30041833970354e-10,0.114082960377065,-6.87876275486201,-5.27277760883164,1.62953941549304e-05,10.2692871192916,10.2692871175982,2,1,0,1.62953941549304e-05
778,-1.93741747926797,0.449080984867954,2.83237951407696,-0.177904046677793,1.49769086021934e-13,1.94285751569898e-13,0.11402909977231,-6.88956694227606,-5.27365757221895,3.73034936274053e-13,10.2450508413486,10.2450508413419,2,1,0,3.73034936274053e-13
779,-1.9470056753294,0.448234115757084,2.83199936090971,-0.177687977352325,1.78967951569575e-13,3.56113226640182e-13,0.113961892346433,-6.90238840031657,-5.27471169052368,2.08721928629529e-14,10.2165630940524,10.2165630940466,2,1,0,2.08721928629529e-14
780,-1.95667997902645,0.447382715441388,2.83161487152756,-0.177475152834064,4.05897537802957e-13,8.02104575897763e-13,0.113890183925527,-6.91537533489321,-5.27578654753667,4.82280881897168e-13,10.1879955249521,10.1879955249463,2,1,0,4.82280881897168e-13
781,-1.96639531781496,0.446530782096303,2.83122783262752,-0.177266545280327,1.62259095048967e-13,3.4100614522686e-13,0.113814218889502,-6.92847456938812,-5.27688718802858,8.84625706021325e-13,10.1594821061883,10.1594821061822,2,1,0,8.84625706021325e-13
782,-1.97615223780177,0.445678278476802,2.83083822375616,-0.177062086038341,6.29274410357539e-13,1.12572984388911e-12,0.113733929305687,-6.94168103861566,-5.27799983882082,5.59552404411079e-13,10.1310208547648,10.1310208547589,2,1,0,5.59552404411079e-13
783,-1.98595130196083,0.444825166993152,2.83044602315343,-0.176861705639482,1.57374113740616e-13,1.91325822272101e-13,0.113649253842293,-6.95499697483684,-5.27913266150089,1.60316204755873e-13,10.102609741619,10.1026097416121,2,1,0,1.60316204755873e-13
784,-1.99579309040405,0.443971409731238,2.8300512077612,-0.176665333734983,3.81916720471054e-13,8.17756580062932e-13,0.11356011459904,-6.96842397431729,-5.28028082220848,8.81961170762224e-13,10.0742466921461,10.0742466921408,2,1,0,8.81961170762224e-13
785,-2.00567820072039,0.443116968468193,2.82965375322968,-0.176472899027578,1.57429624891847e-13,2.25342052115819e-13,0.113466455853836,-6.98196669667882,-5.2814436828761,1.34825484110479e-12,10.0459295864954,10.0459295864883,2,1,0,1.34825484110479e-12
786,-2.01560724833168,0.442261804687834,2.82925363392398,-0.176284329198058,3.05089287166993e-13,6.30861081474428e-13,0.11336818561103,-6.99562055996633,-5.28262145182511,6.28830321147689e-13,10.017656259794,10.0176562597865,2,1,0,6.28830321147689e-13
787,-2.02558086686587,0.441405879595521,2.82885082293057,-0.176099550828305,1.6064927166326e-13,2.15478642975377e-13,0.113265251434992,-7.009386164217,-5.28381227173764,5.72875080706581e-14,9.98942450229416,9.9894245022872,2,1,0,5.72875080706581e-14
788,-2.0355997085484,0.440549154132865,2.8284452920639,-0.175918489319697,2.66009436700188e-13,5.08472781591185e-13,0.113157561144573,-7.02326883039341,-5.28501424914399,3.50208750887759e-12,9.96123205944642,9.96123205944102,2,1,0,3.50208750887759e-12
789,-2.04566444461442,0.43969158899161,2.82803701187287,-0.175741068806741,2.48245868306185e-13,4.51298316318634e-13,0.113045052402791,-7.03727228944897,-5.28623485724708,1.048494624456e-12,9.93307663188923,9.93307663188292,2,1,0,1.048494624456e-12
790,-2.0557757657358,0.438833144628751,2.82762595164802,-0.175567212065949,1.92734717074927e-13,4.29060493921047e-13,0.112927642952968,-7.05138949423133,-5.28746218159841,4.88942220044919e-13,9.90495587537865,9.90495587537174,2,1,0,4.88942220044919e-13
791,-2.0659343824772,0.437973781279091,2.82721207942808,-0.175396840419564,1.42830192118026e-13,2.589932327394e-13,0.112805240766191,-7.06562679648143,-5.28870141703141,5.77315972805081e-15,9.87686740061019,9.87686740060386,2,1,0,5.77315972805081e-15
792,-2.07614102576792,0.43711345896931,2.82679536200729,-0.175229873634091,3.29403171406284e-13,6.14520602881033e-13,0.112677785280069,-7.07998290770439,-5.28995018368395,5.3534954247425e-12,9.84880877298169,9.84880877297802,2,1,0,5.3534954247425e-12
793,-2.08639644740772,0.43625213752898,2.82637576494219,-0.175066229813105,2.98872038229092e-13,5.31024779582493e-13,0.112545177534577,-7.09446110607296,-5.29120709483672,3.74811293113453e-13,9.82077751223566,9.82077751222953,2,1,0,3.74811293113453e-13
794,-2.09670142057672,0.435389776606648,2.82595325256027,-0.174905825283912,2.67341704329738e-13,5.02521585859625e-13,0.112407328621931,-7.10905980646491,-5.29247126873677,5.75095526755831e-13,9.7927710920867,9.79277109208045,2,1,0,5.75095526755831e-13
795,-2.10705674040027,0.434526335678041,2.82552778796665,-0.174748574478534,1.63424829224823e-13,3.62779547143726e-13,0.112264163726816,-7.12377889123686,-5.2937418075794,5.35127497869325e-13,9.76478693966125,9.76478693965461,2,1,0,5.35127497869325e-13
796,-2.11746322452059,0.433661774059385,2.82509933305289,-0.174594389807574,2.39364084109184e-13,4.64099069256016e-13,0.112115594127585,-7.13863261652988,-5.29502013632831,4.49862369578113e-13,9.73682243491761,9.73682243491239,2,1,0,4.49862369578113e-13
797,-2.12792171370756,0.432796050917736,2.82466784850531,-0.174443181527869,3.10862446895044e-13,6.09323507039991e-13,0.111961502644231,-7.15360989220528,-5.29630161247505,5.71098723867181e-13,9.70887490993781,9.70887490993019,2,1,0,5.71098723867181e-13
798,-2.13843307249821,0.431929125281482,2.82423329381421,-0.174294857602166,3.65485419706602e-13,7.45604050299065e-13,0.111801817532894,-7.16871166144172,-5.29758442226024,3.13660208917099e-12,9.68094164812923,9.68094164812228,2,1,0,3.13660208917099e-12
799,-2.14899818987206,0.431060956049609,2.82379562728318,-0.174149323552021,1.46938017309139e-13,2.27984485233136e-13,0.111636437422433,-7.18394462105049,-5.29887306542905,1.23412391417332e-12,9.65301988331518,9.65301988330838,2,1,0,1.23412391417332e-12
800,-2.15961797996057,0.430191502000607,2.82335480603924,-0.17400648230174,1.64757096854373e-13,4.02739786878416e-13,0.111465260054922,-7.19930834855075,-5.30016549669566,4.74731365329717e-13,9.62510679872239,9.62510679871588,2,1,0,4.74731365329717e-13
801,-2.1702933827953,0.429320721800358,2.82291078604354,-0.173866234014838,1.52600154734728e-13,1.85976984758586e-13,0.111288174094746,-7.21480439935602,-5.30145660118115,4.30500080028651e-12,9.59719952585307,9.59719952584663,2,1,0,4.30500080028651e-12
802,-2.18102536509616,0.428448574009194,2.82246352210271,-0.173728475920794,2.38031816479634e-13,4.52101066578993e-13,0.111105083581849,-7.23043345987204,-5.30274584160178,4.06341627012807e-13,9.56929514324029,9.56929514323404,2,1,0,4.06341627012807e-13
803,-2.19181492110363,0.427575017087714,2.822012967881,-0.173593102132833,5.37347943918576e-13,9.88030212670028e-13,0.11091587145444,-7.24619810330917,-5.30403438087816,1.94155802546447e-12,9.54139067507697,9.5413906750698,2,1,0,1.94155802546447e-12
804,-2.20266307345542,0.426700009401756,2.82155907591329,-0.173460003455625,1.5359935545689e-13,1.9153135132341e-13,0.110720433138558,-7.26209969003516,-5.3053197750423,1.69309011255336e-15,9.51348308971923,9.51348308971296,2,1,0,1.69309011255336e-15
805,-2.21357087411399,0.425823509225668,2.82110179761892,-0.173329067182771,3.36619621066347e-13,6.06214326286527e-13,0.110518649527747,-7.27813985218505,-5.30660084253354,2.68540745196333e-12,9.48556929804819,9.48556929804156,2,1,0,2.68540745196333e-12
806,-2.22453940534465,0.424945474744569,2.82064108331664,-0.173200176882547,2.1049828546893e-13,4.05210630114161e-13,0.110310402691936,-7.29432052120163,-5.30787639744383,2.42961206708969e-12,9.45764615169334,9.45764615168721,2,1,0,2.42961206708969e-12
807,-2.23556978075135,0.424065864054579,2.82017688224052,-0.173073212172945,5.42677014436777e-13,9.30800752701234e-13,0.110095572598718,-7.31064280354597,-5.30914551267415,4.19841938992249e-12,9.42971044109908,9.42971044109233,2,1,0,4.19841938992249e-12
808,-2.24666314637104,0.423184635161602,2.81970914255716,-0.172948048483264,1.90514271025677e-13,3.60252056407965e-13,0.109874026098448,-7.32710911774549,-5.31040651661524,2.47091236360575e-12,9.40175889343528,9.40175889342882,2,1,0,2.47091236360575e-12
809,-2.25782068183342,0.422301745977799,2.81923781138404,-0.172824556803688,2.22932783344731e-13,4.09532128260963e-13,0.109645636379307,-7.3437209542143,-5.31165778407137,2.57571741713036e-14,9.37378817033404,9.37378817032743,2,1,0,2.57571741713036e-14
810,-2.26904360158935,0.421417154315966,2.81876283480922,-0.172702603420173,1.42497125210639e-13,1.91116906047398e-13,0.109410272961286,-7.36048298224302,-5.31289816127461,9.76996261670138e-15,9.34579486544765,9.34579486544132,2,1,0,9.76996261670138e-15
811,-2.28033315621293,0.420530817881411,2.81828415791263,-0.172582049635248,2.19824158875781e-13,4.97620113327211e-13,0.109167797290023,-7.37739312116068,-5.3141265730474,7.33191285462453e-13,9.31777550181565,9.31777550180993,2,1,0,7.33191285462453e-13
812,-2.29169063378438,0.419642694260832,2.81780172478866,-0.172462751473095,1.34503519433338e-13,2.40547464122964e-13,0.108918064765312,-7.39445293736113,-5.31534171848307,1.96065386148803e-12,9.28972652902388,9.28972652901795,2,1,0,1.96065386148803e-12
813,-2.30311736135738,0.418752740908361,2.81731547857058,-0.172344559368182,1.86073378927176e-13,3.64682359657079e-13,0.108660933720787,-7.41166768720895,-5.31654191475568,2.47180054202545e-12,9.2616443201501,9.26164432014406,2,1,0,2.47180054202545e-12
814,-2.31461470652018,0.417860915127819,2.81682536145658,-0.172227317836686,1.59872115546023e-13,2.9959608175606e-13,0.108396247908166,-7.42904205829707,-5.31772557400035,3.10418357685194e-12,9.23352516847209,9.23352516846658,2,1,0,3.10418357685194e-12
815,-2.32618407905578,0.4169671740512,2.8163313147376,-0.172110865129409,3.64153152077051e-13,6.45000858409146e-13,0.108123857309971,-7.44657380820282,-5.31889128288447,5.36015676289026e-13,9.20536528392836,9.20536528392264,2,1,0,5.36015676289026e-13
816,-2.33782693271021,0.416071474612823,2.81583327882713,-0.171995032865117,3.4423332240241e-13,7.81936057435154e-13,0.107843597711892,-7.46426505385173,-5.32003741196613,3.79252185211953e-13,9.17716078931084,9.17716078930562,2,1,0,3.79252185211953e-13
817,-2.34954476707724,0.41517377351863,2.81533119329292,-0.171879645642978,7.24413395967027e-13,1.52026082647725e-12,0.10755529966589,-7.48211777781394,-5.32116233850938,2.49755771619675e-12,9.14890771617021,9.1489077161648,2,1,0,2.49755771619675e-12
818,-2.36133912960962,0.414274027210018,2.81482499689074,-0.171764520633197,5.09814412907872e-13,9.87335334865317e-13,0.107258806857329,-7.50013416693197,-5.32226507455036,2.43272069155864e-12,9.12060200041142,9.12060200040559,2,1,0,2.43272069155864e-12
819,-2.3732116177668,0.4133721918218,2.81431462760035,-0.171649467144639,3.04791755518391e-13,6.82962226937602e-13,0.106953930306206,-7.51832272699289,-5.32334342007793,2.75335310107039e-13,9.09223947755736,9.09223947755173,2,1,0,2.75335310107039e-13
820,-2.38516388131109,0.412468223133419,2.81380002266354,-0.171534286166126,3.12638803734444e-13,6.20736107078213e-13,0.106640491969227,-7.53668423942621,-5.32439543107169,3.62376795237651e-13,9.06381587765397,9.06381587764717,2,1,0,3.62376795237651e-13
821,-2.39719762476516,0.411562076512793,2.8132811186245,-0.171418769883064,5.18194121076716e-13,1.09421553561177e-12,0.106318313763475,-7.55521632412989,-5.32541930316959,9.00612917575927e-13,9.03532681978687,9.0353268197806,2,1,0,9.00612917575927e-13
822,-2.40931461004439,0.410653706852014,2.81275785137238,-0.171302701164439,3.03312930327593e-13,5.82677361953334e-13,0.105987187491895,-7.57392414079912,-5.32641291854208,3.60511620556281e-12,9.00676780618101,9.00676780617599,2,1,0,3.60511620556281e-12
823,-2.42151665927873,0.409743068494016,2.81223015618637,-0.171185853020675,5.88751269958721e-13,1.02191380419345e-12,0.105646926780033,-7.59280944109716,-5.32737410062271,7.4620309931106e-12,8.97813421585078,8.97813421584883,2,1,0,7.4620309931106e-12
824,-2.43380565785426,0.408830115147647,2.81169796778188,-0.171067988028855,2.65565347490337e-13,4.9977063720883e-13,0.105297325560197,-7.61187940966282,-5.32830071748566,3.99680288865056e-15,8.94942129772138,8.94942129771569,2,1,0,3.99680288865056e-15
825,-2.44618355764885,0.407914799795829,2.8111612203619,-0.170948857723626,1.42719169815564e-13,1.89850056940769e-13,0.10493816278403,-7.63113277467756,-5.32919043994917,3.99236199655206e-13,8.92062416331976,8.92062416331401,2,1,0,3.99236199655206e-13
826,-2.45865238056104,0.406997074585199,2.81061984766658,-0.170828201952049,4.2721381987576e-13,7.95533091937409e-13,0.104569224864742,-7.65057317445165,-5.33004084681975,5.23225907045344e-12,8.89173777874297,8.89173777873541,2,1,0,5.23225907045344e-12
827,-2.47121422227192,0.406076890707097,2.81007378302814,-0.170705748188656,2.66009436700188e-13,6.14322691718232e-13,0.104190294144559,-7.67020888572282,-5.33084953531885,3.46389583683049e-12,8.86275695611437,8.86275695610884,2,1,0,3.46389583683049e-12
828,-2.48387125632306,0.405154198260526,2.80952295942604,-0.170581210808824,4.43201031430362e-13,8.3832436284176e-13,0.103801123119937,-7.69003833501087,-5.33162063730418,7.7760020644746e-13,8.83367634429191,8.83367634428564,2,1,0,7.7760020644746e-13
829,-2.49662573850996,0.404228946099628,2.80896730954473,-0.170454290317026,5.6799009939823e-13,1.21602674511102e-12,0.103401482424922,-7.71006524165426,-5.33234655584563,2.02948768901479e-13,8.80449041885555,8.80449041884878,2,1,0,2.02948768901479e-13
830,-2.50948001163494,0.403301081661905,2.80840676583266,-0.170324672526426,2.0226268576673e-13,4.14266386590228e-13,0.10299112195567,-7.73029533278005,-5.33302257793103,1.4210854715202e-14,8.77519347126749,8.77519347126087,2,1,0,1.4210854715202e-14
831,-2.52243651064979,0.402370550775959,2.80784126056269,-0.170192027686472,4.015258866943e-13,8.00299616604706e-13,0.102569785223998,-7.75072631323765,-5.33364652003077,2.47801779096335e-12,8.74577959714235,8.74577959713613,2,1,0,2.47801779096335e-12
832,-2.53549776822657,0.401437297446647,2.80727072589347,-0.170056009554219,1.76303416310475e-13,3.94987655926797e-13,0.102137211484496,-7.77137705261825,-5.33422294816455,2.53841392350296e-12,8.71624268354484,8.71624268353893,2,1,0,2.53841392350296e-12
833,-2.54866642080145,0.400501263614887,2.80669509393144,-0.169916254405256,3.04645197957143e-13,6.3633633872716e-13,0.101693121486395,-7.79223394030109,-5.33474214904425,2.33901786828028e-12,8.68657639521613,8.68657639521058,2,1,0,2.33901786828028e-12
834,-2.56194521513825,0.39956238888973,2.80611429679278,-0.169772379978342,4.9960036108132e-13,1.03265862408881e-12,0.101237237066838,-7.81331588206832,-5.3352027579476,2.40518716054794e-12,8.65677415962898,8.65677415962441,2,1,0,2.40518716054794e-12
835,-2.57533701546554,0.39862061024963,2.80552826666495,-0.169623984349003,3.7398839526565e-13,7.85783522260736e-13,0.100769264938819,-7.83461807550771,-5.33560469550148,1.97272753688083e-14,8.62682915075619,8.62682915075026,2,1,0,1.97272753688083e-14
836,-2.58884481124658,0.397675861709839,2.80493693586695,-0.169470644726137,5.61201093667132e-13,1.10578821229333e-12,0.100288910735732,-7.85614821469053,-5.33594183668542,4.07673894642357e-13,8.59673427142497,8.59673427141905,2,1,0,4.07673894642357e-13
837,-2.60247172564957,0.396728073952155,2.80434023690755,-0.16931191616367,3.5260683262095e-13,6.02304091775941e-13,0.0997958626411206,-7.87791064118164,-5.33621315717958,5.08304509594382e-12,8.56648213411257,8.5664821341066,2,1,0,5.08304509594382e-12
838,-2.61622102479337,0.395777173913008,2.80373810254056,-0.169147330181018,2.40696351738734e-13,4.18014444688316e-13,0.0992898007018832,-7.89990963100066,-5.33641487051009,3.43280959214098e-12,8.53606504002298,8.53606504001636,2,1,0,3.43280959214098e-12
839,-2.63009612785008,0.394823084325873,2.80313046581601,-0.168976393281809,2.90434343241941e-13,5.6695451599487e-13,0.0987703893779022,-7.92215532378902,-5.33654378774091,1.37667655053519e-14,8.5054749562729,8.50547495626551,2,1,0,1.37667655053519e-14
840,-2.64410061810178,0.393865723212653,2.80251726012607,-0.168798585363385,5.04041253179821e-13,1.02226662783242e-12,0.0982372976513729,-7.94464877895964,-5.33659658896232,5.06350517071041e-12,8.47470349097734,8.47470349097086,2,1,0,5.06350517071041e-12
841,-2.65823825505686,0.392905003318651,2.80189841924406,-0.168613358004277,2.39808173319034e-13,5.40200110244961e-13,0.0976901612221786,-7.96739346282278,-5.33656986310699,1.22124532708767e-12,8.44374186601418,8.44374186600689,2,1,0,1.22124532708767e-12
842,-2.67251298774255,0.391940831485525,2.80127387735526,-0.168420132617659,1.52378110129803e-13,2.06598536522346e-13,0.0971286240208894,-7.99040540643987,-5.33646044048734,4.88498130835069e-15,8.41258088722023,8.41258088721367,2,1,0,4.88498130835069e-15
843,-2.68692896931378,0.390973107954702,2.80064356907722,-0.16821829845734,3.72590847064203e-13,7.10859344031262e-13,0.0965523082867537,-8.01368513637053,-5.33626505025479,4.39204228541712e-13,8.38121091172148,8.38121091171549,2,1,0,4.39204228541712e-13
844,-2.70149057312619,0.390001725594325,2.80000742946779,-0.168007210459403,6.49713457184268e-13,1.36770348245439e-12,0.0959608200485223,-8.03723746920189,-5.33597695725744,1.82120984959511e-12,8.3496218120875,8.34962181208261,2,1,0,1.82120984959511e-12
845,-2.71620241045018,0.389026569040779,2.79936539401833,-0.167786186900813,5.87085935421783e-13,1.19580965534243e-12,0.0953537585546427,-8.0610721599522,-5.33559983081274,3.69482222595252e-12,8.31780293693673,8.31780293693225,2,1,0,3.69482222595252e-12
846,-2.73106935002187,0.388047513745365,2.79871739862922,-0.16755450685543,8.5220719370227e-13,1.54769371808935e-12,0.09473070980059,-8.08519617568178,-5.33511844184455,1.11022302462516e-14,8.28574306757965,8.28574306757584,2,1,0,1.11022302462516e-14
847,-2.74609653965388,0.387064424915454,2.79806337956494,-0.16731140742136,9.2414964569798e-13,1.68229830578955e-12,0.0940912384335824,-8.10961777357165,-5.33453853912812,1.05071507050525e-12,8.25343037023293,8.25343037022429,2,1,0,1.05071507050525e-12
848,-2.76128943016351,0.386077156337772,2.79740327338501,-0.167056080692554,2.22932783344731e-13,4.35691838614851e-13,0.0934348961501111,-8.13434851005778,-5.33385206907587,2.62501131942372e-12,8.22085234326278,8.22085234325575,2,1,0,2.62501131942372e-12
849,-2.77665380191416,0.385085549069642,2.7967370168467,-0.1667876704436,1.3223883793545e-12,2.59841508495915e-12,0.092761222825273,-8.15939461182845,-5.3330518873411,5.61772850460329e-13,8.18799575883441,8.18799575882494,2,1,0,5.61772850460329e-13
850,-2.79219579430079,0.384089429983118,2.79606454677563,-0.166505268488507,8.61941156507832e-13,1.59421483846767e-12,0.0920697381372413,-8.18476612457783,-5.33213601880126,4.89386309254769e-13,8.1548465982778,8.15484659827249,2,1,0,4.89386309254769e-13
851,-2.80792193856976,0.383088610143541,2.79538579989902,-0.166207910670406,6.68469619935497e-13,1.38353867638293e-12,0.091359941272518,-8.2104739212378,-5.33109833648545,1.04964925640161e-11,8.12138998034764,8.12138998033931,2,1,0,1.04964925640161e-11
852,-2.8238391944251,0.38208288300147,2.79470071263569,-0.165894572435477,5.82645043323282e-13,1.08548649099745e-12,0.0906313154227049,-8.23652934787033,-5.32993393061793,4.44089209850063e-16,8.08761008142961,8.08761008142071,2,1,0,4.44089209850063e-16
853,-2.83995499092683,0.381072022375448,2.79400922083749,-0.165564163925774,1.43129952334675e-12,2.86794843951343e-12,0.0898833227848833,-8.26294453652394,-5.32863668352368,8.5265128291212e-14,8.05349004663605,8.05349004662462,2,1,0,8.5265128291212e-14
854,-2.85627727229616,0.380055780196668,2.79331125947406,-0.165215524528978,3.5527136788005e-13,6.88323212482893e-13,0.0891154028109463,-8.28973212178007,-5.32720060299382,7.59214913159667e-12,8.01901189049779,8.01901189049198,2,1,0,7.59214913159667e-12
855,-2.87281454931746,0.379033883984926,2.79260676225396,-0.164847416798967,1.42608147513101e-13,3.26932284829042e-13,0.088326973637668,-8.31690570891581,-5.32562047509181,1.81632486828676e-13,7.98415638581004,7.98415638580348,2,1,0,1.81632486828676e-13
856,-2.88957595715938,0.378006034018353,2.79189566117282,-0.164458519655647,1.85405225630524e-12,3.90457999303615e-12,0.0875174220375592,-8.3444798849962,-5.32389043181503,7.86481990644461e-13,7.94890293890592,7.94890293890425,2,1,0,7.86481990644461e-13
857,-2.90657132057613,0.376971900153541,2.79117788597861,-0.164047420748869,1.0964562591198e-12,2.07238716374598e-12,0.0866861171531014,-8.3724703371453,-5.32200465236917,3.02735614354788e-12,7.91322944934355,7.9132294493335,2,1,0,3.02735614354788e-12
858,-2.92381122761584,0.375931118245784,2.79045336354309,-0.163612607856059,1.15507603482001e-12,2.267327018014e-12,0.0858323909644795,-8.40089429165532,-5.31995515513889,3.31912275441937e-12,7.87711215164574,7.8771121516356,2,1,0,3.31912275441937e-12
859,-2.9413071131725,0.374883286109136,2.78972201712666,-0.163152459150673,3.95683485976406e-13,7.36817470599772e-13,0.0849555483622141,-8.4297753290023,-5.31773337076157,1.23101528970437e-12,7.84052543628867,7.84052543628027,2,1,0,1.23101528970437e-12
860,-2.95907135396245,0.373827958946077,2.78898376552272,-0.162665232155729,1.72972747236599e-13,2.66891774870601e-13,0.0840548570797056,-8.4591237074383,-5.31533158487475,1.32516220219259e-12,7.80344164662755,7.80344164661996,2,1,0,1.32516220219259e-12
861,-2.97711737681014,0.372764644162339,2.78823852206562,-0.16214905115362,1.42419409598915e-12,2.67666890330233e-12,0.0831295477654817,-8.48897083545096,-5.31274064977695,3.28626015289046e-14,7.76583084780684,7.76583084780396,2,1,0,3.28626015289046e-14
862,-2.99545978249473,0.371692795466739,2.78748619348458,-0.161601892778206,2.39586128714109e-12,4.54793065730485e-12,0.0821788078067836,-8.51933710178416,-5.3099520148899,5.37347943918576e-13,7.72766056293779,7.7276605629376,2,1,0,5.37347943918576e-13
863,-3.01411448785009,0.370611806136409,2.78672667858448,-0.161021569460146,9.30366894635881e-13,1.7982574009817e-12,0.0812017811573065,-8.55024838753751,-5.30695575886324,4.39381864225652e-12,7.68889547089945,7.68889547089481,2,1,0,4.39381864225652e-12
864,-3.03309888938008,0.369521001302347,2.78595986673128,-0.160405710323901,1.87538873319681e-12,3.4726866771933e-12,0.0801975570201909,-8.58173363483426,-5.30374152318627,1.09778852674935e-12,7.64949705893227,7.64949705892987,2,1,0,1.09778852674935e-12
865,-3.05243205230763,0.368419629081557,2.78518563611924,-0.15975173904848,6.05737682235485e-13,1.11467885991391e-12,0.0791651722701359,-8.61382376991736,-5.30029763683779,1.27187149701058e-12,7.60942322181579,7.60942322180601,2,1,0,1.27187149701058e-12
866,-3.07213492983148,0.367306850344581,2.78440385179498,-0.159056848095268,6.03517236186235e-13,1.19366576451878e-12,0.0781035960775921,-8.64655232353089,-5.29661332715984,1.07043263142259e-11,7.56862779763909,7.56862779762969,2,1,0,1.07043263142259e-11
867,-3.09223061839747,0.366181726861331,2.78361436341225,-0.158317968568312,6.66133814775094e-13,1.32407114615369e-12,0.0770117316520698,-8.67995851580577,-5.29267304000412,3.1588065496635e-12,7.52706002801634,7.5270600280101,2,1,0,3.1588065496635e-12
868,-3.11274465607647,0.365043207512671,2.78281700269325,-0.157531734803058,2.63034038994192e-12,4.9963586313279e-12,0.075888397791061,-8.71408762012729,-5.28846173204438,4.64872584871046e-12,7.48466392791902,7.48466392791783,2,1,0,4.64872584871046e-12
869,-3.13370537274877,0.363890112184579,2.78201158057418,-0.156694442559605,3.38973293878553e-12,6.32535973621469e-12,0.0747323281586418,-8.74899041519873,-5.28396861241123,3.35909078330587e-12,7.44137754695469,7.44137754693596,2,1,0,3.35909078330587e-12
870,-3.1551443027701,0.362721112876575,2.78119788402216,-0.155801999428051,3.2067681843273e-12,5.98932186054674e-12,0.0735421521751669,-8.78471283583728,-5.27917122674999,1.08713038571295e-12,7.39713209981608,7.39713209981655,2,1,0,1.08713038571295e-12
871,-3.177096673253,0.361534711450097,2.78037567252587,-0.154849865699312,6.64801547145544e-13,1.3430612733303e-12,0.0723163871197925,-8.82131366104814,-5.27405019874415,9.38848998544017e-12,7.35185093853067,7.3518509385252,2,1,0,9.38848998544017e-12
872,-3.19960198410725,0.360329213314444,2.77954467429117,-0.153832983527005,1.36424205265939e-12,2.6233247118323e-12,0.071053419849914,-8.85886121034024,-5.26858436468287,1.16346932088618e-11,7.30544833291949,7.30544833291563,2,1,0,1.16346932088618e-11
873,-3.22270469961994,0.359102696194965,2.77870458222535,-0.152745691643272,3.9181990985071e-12,7.38243807342974e-12,0.0697488229829307,-8.89743014087338,-5.26274902008218,8.5256246507015e-12,7.25782801818738,7.25782801818971,3,2,0,8.5256246507015e-12
874,-3.24645507568869,0.357852972949493,2.77785504987994,-0.151581622209665,1.03916875104915e-12,1.95986230529674e-12,0.0683963398495323,-8.93710617088244,-5.25651528663496,1.46642697984589e-11,7.2088814597009,7.20888145969029,3,2,0,1.46642697984589e-11
875,-3.27091015169607,0.356577547204616,2.77699568767342,-0.150333575531003,3.14193115968919e-12,5.87004487510056e-12,0.0669931421159481,-8.97798690309123,-5.2498585855914,2.79465339758644e-12,7.15848577511619,7.15848577511644,3,2,0,2.79465339758644e-12
876,-3.29613494111415,0.355273560392343,2.77612605996849,-0.148993367347552,1.70929936871289e-12,3.17564418828953e-12,0.0655361015278537,-9.02017936519607,-5.24273718512004,1.23816512598296e-11,7.10650124384925,7.10650124384556,3,2,0,1.23816512598296e-11
877,-3.32220385925915,0.353937728632854,2.77524568400747,-0.147551642280976,9.1882057517978e-12,1.73776068036026e-11,0.064021693178627,-9.06380988163456,-5.23511291626517,2.22044604925031e-15,7.05276832561695,7.05276832558495,3,2,0,2.22044604925031e-15
878,-3.34920242791745,0.352566267945838,2.77435403244228,-0.145997645872096,5.19451148761618e-12,9.77995240012864e-12,0.0624459352487396,-9.10902923722979,-5.22693879031109,5.16653386739563e-12,6.99710410835331,6.99710410833277,3,2,0,5.16653386739563e-12
879,-3.37722929013661,0.351154806713615,2.7734505424427,-0.144318946881678,9.34408106445517e-12,1.65747000824075e-11,0.0608043158719614,-9.15599911169685,-5.21816040707809,4.88498130835069e-14,6.93929812137999,6.93929812138187,3,2,0,4.88498130835069e-14
880,-3.40639854436699,0.349698285648939,2.77253463652147,-0.142501101961544,3.5464964298626e-12,6.61697055925127e-12,0.0590917147757882,-9.20491738368106,-5.20871424000652,3.34843264226947e-13,6.87910750364093,6.87910750364117,3,2,0,3.34843264226947e-13
881,-3.43684234550252,0.348190848693847,2.77160576393027,-0.140527258288264,1.82387438485421e-12,3.72878804690914e-12,0.0573023324791221,-9.25600775776679,-5.19853035769404,1.87121429462422e-11,6.81625165167704,6.81625165166422,3,2,0,1.87121429462422e-11
882,-3.46871358136536,0.346625735173296,2.77066347797058,-0.138377700230724,3.61488616817951e-12,6.85002872257163e-12,0.0554296299489509,-9.30953845048773,-5.18751924439262,1.15272236200781e-11,6.7504067725309,6.75040677251392,3,2,0,1.15272236200781e-11
883,-3.50218813967619,0.344995197788946,2.76970757579699,-0.136029371692709,8.74278427431818e-12,1.58995322981657e-11,0.053466338476353,-9.36580228476474,-5.17558295595505,1.14241949233929e-11,6.68120139741076,6.68120139741892,3,2,0,1.14241949233929e-11
884,-3.51572763997038,0.344339336903737,2.76933091487633,-0.135053444011844,4.43815990902596e-13,9.51048881292436e-13,0.0526739746659323,-9.38857854891731,-5.17064854972792,1.93511873192165e-11,6.65319573020967,6.65319573020068,3,2,0,1.93511873192165e-11
885,-3.53273885721348,0.343518137134474,2.76886591386355,-0.133806180021895,5.77227154963111e-12,1.07475525432071e-11,0.0516802764823437,-9.41720073325051,-5.16436357087534,1.87467819046105e-11,6.61799769967006,6.61799769964919,3,2,0,1.87467819046105e-11
886,-3.5537819246324,0.342506502475352,2.7683035297921,-0.132231086442646,6.66533495063959e-12,1.14596617796584e-11,0.0504544000915294,-9.45262515772571,-5.15646255693597,2.8554936193359e-13,6.57444035946874,6.57444035945395,3,2,0,2.8554936193359e-13
887,-3.56467116418923,0.341984766011179,2.76801813761775,-0.131402155657657,1.80127024407284e-11,3.33581335988878e-11,0.0498216895973483,-9.4709626337009,-5.15231709021639,1.75526260193237e-11,6.55189346157566,6.55189346160618,3,2,0,1.75526260193237e-11
888,-3.57829084676693,0.341333838751111,2.76766664117821,-0.13035218742006,5.19895237971468e-12,9.31852915606098e-12,0.0490320822266065,-9.493907468267,-5.14708256250494,3.89448473470111e-11,6.52368647862706,6.52368647861122,3,2,0,3.89448473470111e-11
889,-3.58644288841509,0.340945075706678,2.76745917772991,-0.129716767728753,7.35544958274659e-12,1.24189733676145e-11,0.0485604589212037,-9.50764654613536,-5.14392166615978,1.98951966012828e-13,6.50679989980707,6.50679989979601,3,2,0,1.98951966012828e-13
890,-3.59683689542118,0.340450297032052,2.76719786015595,-0.128899086630804,7.74225128452599e-12,1.37256884277741e-11,0.0479602734932112,-9.52516347508016,-5.13986106148704,2.36748398663167e-11,6.48526574315139,6.48526574311505,3,2,0,2.36748398663167e-11
891,-3.60180664471761,0.340214077072445,2.76707419128893,-0.128505165438708,1.90655480507766e-12,4.0041773191529e-12,0.0476737741486361,-9.53354619183314,-5.13790901805378,4.4765080531306e-11,6.47496817323422,6.47496817322297,3,2,0,4.4765080531306e-11
892,-3.60795893222828,0.339921959908943,2.76692224671039,-0.128014873857437,4.07585076800387e-12,6.80270586073564e-12,0.0473195404639496,-9.54392089425679,-5.13548076031675,1.92748039751223e-11,6.46221919400317,6.46221919399731,3,2,0,1.92748039751223e-11
893,-3.61559028772133,0.33956008702566,2.76673555247879,-0.127402674583103,4.11226608321158e-12,6.93729565385087e-12,0.0468808359000789,-9.55679147516768,-5.13245382822234,1.35189637262556e-11,6.44640356785762,6.44640356785193,3,2,0,1.35189637262556e-11
894,-3.62530923513141,0.339099968081798,2.76650066069418,-0.126616570978992,2.56421550659525e-11,4.8049077908595e-11,0.0463232649468495,-9.57318509153266,-5.12857258748141,3.76942921320733e-12,6.42625896651105,6.42625896644696,3,2,0,3.76942921320733e-12
895,-3.63571390158003,0.338608296794555,2.76625279743917,-0.125767070252033,1.6811441128084e-11,3.29313226881358e-11,0.0457278264020601,-9.59074604947205,-5.12438662906734,5.79358783170392e-12,6.40469013467369,6.40469013470949,3,2,0,5.79358783170392e-12
896,-3.64627519007027,0.338110171880029,2.76600505393601,-0.124896458542074,5.36681810103801e-12,1.04194638645178e-11,0.0451250388807949,-9.60856938729188,-5.12010659352406,2.25766072503575e-11,6.38279380481101,6.38279380482131,3,2,0,2.25766072503575e-11
897,-3.65699479756393,0.337605540221249,2.76575761332799,-0.124004293689316,1.37934108579429e-11,2.32162334624162e-11,0.0445149391114049,-9.62667503151019,-5.11572536052493,2.24082974398243e-11,6.36056664984491,6.36056664982157,3,2,0,2.24082974398243e-11
898,-3.65969912559303,0.337478383514752,2.76569583498679,-0.123777875481563,4.52793358363124e-12,9.78067029999036e-12,0.0443613039354343,-9.63124224751938,-5.1146184336942,3.94466681541417e-11,6.35495884208502,6.35495884209119,3,2,0,3.94466681541417e-11
899,-3.66260632845428,0.337341755088179,2.7656297143579,-0.123533870479155,7.54374340772301e-12,1.56463432618859e-11,0.044196272480526,-9.63615291687715,-5.11342052984464,2.0445423132287e-11,6.34893019072149,6.34893019072361,3,2,0,2.0445423132287e-11
900,-3.66279432068476,0.337332922622272,2.76562544912324,-0.123518070647458,1.87332593881706e-10,2.48325944000601e-10,0.0441856055641597,-9.63647043010648,-5.11334322331225,1.94555482835312e-12,6.34854034637698,6.3485403451985,3,2,0,1.94555482835312e-12
901,-3.66306641297609,0.337320139385916,2.76561927804704,-0.123495198014635,4.54878912314882e-10,5.88702904472286e-10,0.044170167148274,-9.63692990478421,-5.11323131632676,1.22657439760587e-12,6.3479761004578,6.34797609731263,3,2,0,1.22657439760587e-12
902,-3.66320249662826,0.337313746247708,2.76561619265359,-0.123483756501362,6.08280759095692e-10,7.9094751141846e-10,0.0441624462642405,-9.63715965816163,-5.11317534076677,9.35962418679992e-12,6.34769389915531,6.34769389491701,3,2,0,9.35962418679992e-12
903,-3.66327054789335,0.337310549305608,2.76561464998702,-0.123478034439699,7.06296687802421e-10,9.14082579312588e-10,0.0441585853575285,-9.63727455882233,-5.11314734493041,3.39284156325448e-13,6.34755277875957,6.34755277392687,3,2,0,3.39284156325448e-13
904,-3.66330457588185,0.337308950742711,2.76561387866112,-0.123475173082783,7.62347629468252e-10,9.88133112526042e-10,0.0441566547860996,-9.63733199917518,-5.1131333257547,7.69455610338809e-11,6.34748221362606,6.34748220835443,3,2,0,7.69455610338809e-11
