column,initial_velocity,height,pitch_rate,hind_leg_angle,hind_leg_rate,period,pronking_distance,vertical_PIP_distance,stationary_zero_pitch_distance,spread_distance,TD_lag_fraction,LO_lag_fraction,flight_count,min_stance_duration,min_swing_duration
1,0.5019184919893058,0.2980079061548051,-0.1929649480780231,1.0857313601327756,-0.30674008698117244,2.653363871449534,2.1800196826383824,2.3196477993730205,0.5377338038356646,0.8157913750660133,0.4511817849961849,0.45118178499610107,0,2.001393771653241,0.6519700997959625
2,0.4985527604262554,0.3019410344055154,-0.19356313967714994,1.0798862221284768,-0.30666131104942934,2.649900666811457,2.16842885518853,2.3079868270249677,0.5348098203757249,0.8137482305653355,0.4519123248869872,0.45191232488694044,0,1.9972046199908386,0.6526960468204799
3,0.4953828631970873,0.305875157418388,-0.19412091572905563,1.0740386555721835,-0.3066726979592491,2.6464620181821643,2.156830791828048,2.296413686690849,0.5320593116118082,0.8119603966739634,0.4526393238638422,0.4526393238639902,0,1.993054522838536,0.6534074953424864
4,0.49240238250074836,0.3098093545881202,-0.19463921629754535,1.0681899649763167,-0.30677286203747417,2.6430493633034606,2.145228106665169,2.2849293405812374,0.5294757131477665,0.8104214251509542,0.4533626319466708,0.4533626319466231,0,1.9889443864359582,0.6541049768670715
5,0.48960501283082364,0.31374276233368315,-0.19511893986503762,1.0623413936418618,-0.30696034376221987,2.6396640600275543,2.1336232908540045,2.2735346987530107,0.5270526247758635,0.8091248852021106,0.4540821063687821,0.45408210636881496,0,1.9848750354504987,0.6547890245768766
6,0.486984568410634,0.31767457448371494,-0.19556094426665113,1.0564941219004091,-0.3072336195333595,2.6363073846376066,2.122018709004189,2.262230615812612,0.5247838152921217,0.808064379043259,0.4547976119153493,0.4547976119152517,0,1.9808472126497012,0.655460171987648
7,0.4845349899792821,0.3216040422190792,-0.19596604759921707,1.0506492659998952,-0.30759111107558074,2.632980531013026,2.110416596882473,2.251017888725411,0.5226632264909036,0.8072335565228123,0.45550902116181313,0.4555090211617048,0,1.9768615793693698,0.6561189516432275
8,0.4822503508138727,0.32553047362103915,-0.19633502911777095,1.044807877576766,-0.30803119438130155,2.629684610558856,2.0988190602920955,2.2398972555796264,0.5206849762752708,0.8066261286162394,0.45621621462509676,0.45621621462493356,0,1.97291871667764,0.6567658938806877
9,0.48012486190969583,0.3294532328759675,-0.19666863012893868,1.038970943651763,-0.3085522081225054,2.62642065281394,2.0872280750047847,2.2288693951554985,0.5188433608523846,0.8062358796589566,0.45691908083018884,0.45691908083011146,0,1.9690191271394022,0.657401525674266
10,0.47815287627394526,0.33337173918742113,-0.19696755488759576,1.0331393870846814,-0.30915246148115555,2.623189606651382,2.0756454876163435,2.2179349271586695,0.5171328560123064,0.8060566782346275,0.4576175163061087,0.4576175163060525,0,1.965163237077884,0.6580263695733106
11,0.47632889231597997,0.3372854654453727,-0.19723247150080456,1.027314067423211,-0.3098302413653562,2.6199923419858586,2.064073017196252,2.207094412985188,0.5155481175111438,0.8060824866768345,0.4583114255138494,0.45831142551373816,0,1.961351399251376,0.6586409427339228
12,0.4746475563417256,0.34119393669981213,-0.19746401284078186,1.0214957820829411,-0.31058381899492715,2.6168296519055563,2.052512257605535,2.1963483568978313,0.5140839805988474,0.8063073691800279,0.4590007207202731,0.4590007207202138,0,1.9575838958486764,0.6592457560567246
13,0.4731036641786192,0.3450967284829654,-0.1976627774670036,1.015685267798431,-0.31141145585332136,2.613702255150947,2.040964680362666,2.1856972075046492,0.5127354587457414,0.806725498544402,0.45968532182319777,0.4596853218231872,0,1.95386094172795,0.6598413134229246
14,0.47169216197292857,0.34899346502022116,-0.197829330556093,1.0098832022898465,-0.3123114090144315,2.610610798868562,2.029431637946414,2.175141359444633,0.5114977416323238,0.8073311616041187,0.4603651561374875,0.4603651561375173,0,1.9501826878309318,0.6604281110373988
15,0.4704081462123796,0.3528838173660975,-0.1979642048371899,1.0040902060939279,-0.31328193586194547,2.6075558615740024,2.0179143674330233,2.164681155196991,0.510366192473393,0.8081187634062102,0.46104015814831967,0.461040158148287,0,1.9465492247055314,0.6610066368680123
16,0.46924686303472973,0.35676750149713543,-0.1980679015297108,0.9983068445135379,-0.314321298225997,2.604537956265325,2.00641399437591,2.154316886943305,0.5093363447510079,0.8090828302207276,0.4617102692387792,0.461710269238768,0,1.9429605860827897,0.6615773701824272
17,0.4682037068881341,0.3606442763892946,-0.19814089127998197,0.9925336296453031,-0.31542776596746863,2.601557533634744,1.9949315368467018,2.144048798423676,0.5084038984321574,0.8102180114720301,0.46237543739911036,0.4623754373990365,0,1.9394167524593344,0.6621407811748474
18,0.4672742186108876,0.3645139421034794,-0.19818361509297897,0.9867710224500535,-0.316599620043527,2.598614985333273,1.9834679095666292,2.133877086738038,0.5075647157454285,0.8115190806853054,0.46303561692109396,0.4630356169210885,0,1.9359176546545485,0.6626973306785386
19,0.4664540829990486,0.36837633789890517,-0.1981964852553468,0.9810194348357458,-0.3178351550909095,2.5957106472492657,1.9720239280673424,2.123801904053917,0.5068148165889157,0.812980935545517,0.4636907680840259,0.4636907680839587,0,1.932463177292934,0.6632474699560498
20,0.4657391259287548,0.3722313403902556,-0.19817988624594957,0.9752792317276746,-0.3191326815641929,2.5928448027681044,1.9606003128303682,2.1138233591907776,0.5061503736374577,0.8145985971645812,0.4643408568350922,0.4643408568350642,0,1.9290531622038936,0.6637916405641013
21,0.465125311097447,0.37607886176162536,-0.198134175630412,0.9695507331047165,-0.3204905274666478,2.5900176859855337,1.949197693362348,2.10394151905792,0.5055677072126342,0.8163672086502449,0.46498585446855933,0.464985854468558,0,1.9256874117047484,0.6643302742807813
22,0.46460873644488127,0.379918848047017,-0.19805968493637524,0.9638342159848144,-0.3219070397107363,2.5872294848524833,1.937816612172092,2.094156409930287,0.5050632799739112,0.818282033066277,0.4656257373060979,0.46562573730612433,0,1.9223656917571785,0.6648637930951484
23,0.4641856303104786,0.38375127748480836,-0.19795672050653038,0.958129916346188,-0.3233805851440214,2.584480344233569,1.9264575286220782,2.0844680185513846,0.5046336914836711,0.8203384508680244,0.46626048638094275,0.466260486380919,0,1.919087734984672,0.6653926092486826
24,0.46385234737922165,0.38757615895124553,-0.1978255643268303,0.9524380309741001,-0.3249095512748764,2.5817703688655658,1.9151208226337257,2.0748762930576867,0.5042756726934614,0.8225319568921062,0.46689008712723123,0.4668900871272472,0,1.9158532435425366,0.6659171253227893
25,0.4636053644632957,0.3913935304761598,-0.19766647482768662,0.9467587192257361,-0.3264923467301512,2.5790996262056383,1.9038067982312155,2.065381143722324,0.5039860803930498,0.824858156971942,0.4675145290769167,0.467514529076843,0,1.9126618918368812,0.6664377343685126
26,0.4634412761620588,0.39520345784245814,-0.19747968765633844,0.9410921047080968,-0.32812740147501696,2.5764681491620696,1.892515686913392,2.0559824435190888,0.5037618916587108,0.827312764244757,0.46813380556435435,0.46813380556435513,0,1.9095133290897557,0.6669548200721949
27,0.4633567904382747,0.39900603326959805,-0.19726541641889428,0.9354382768658791,-0.3298131668229598,2.5738759387029546,1.881247650847409,2.0466800285103344,0.5036001983321482,0.829891595209331,0.468747913440165,0.46874791344012545,0,1.9064071817529926,0.6674687569497921
28,0.46334872414362327,0.4028013741801469,-0.19702385339101805,0.9297972924779796,-0.3315481152613632,2.571322966340289,1.8700027858811659,2.037473698063864,0.5034982015564394,0.8325905655865682,0.46935685279432604,0.4693568527943306,0,1.9033430557694384,0.6679799105707456
29,0.46341399852271664,0.406589622047627,-0.1967551701964204,0.9241691770626758,-0.3333307401161705,2.568809176488904,1.8587811243744057,2.028363214905732,0.5034532063914529,0.8354056860299429,0.4699606266892268,0.4699606266891845,0,1.9003205386887096,0.668488637800051
30,0.46354963472026933,0.4103709413231482,-0.19645951845275944,0.9185539261926667,-0.33515955507650047,2.5663344887009987,1.8475826378506823,2.0193483050164076,0.5034626165267737,0.8383330577258917,0.47055924090227896,0.47055924090228485,0,1.8973392016395203,0.6689952870614624
31,0.46375274931265476,0.41414551843778513,-0.19613703038476124,0.9129515067220639,-0.3370330935981702,2.56389879977834,1.8364072394741966,2.0104286573786805,0.5035239291068486,0.8413688679196283,0.471152703679086,0.471152703679083,0,1.8943986011649814,0.6695001986133331
32,0.46402054988158814,0.41791356087721937,-0.19578781940464632,0.9073618579281832,-0.3389499082029964,2.561501985765059,1.825254786357099,2.0016039235860146,0.5036347296797926,0.8445093853964302,0.4717410254952308,0.47174102549528296,0,1.8914982809277436,0.670003704836883
33,0.46435033064444603,0.42167529632490025,-0.19541198066019624,0.9017848925714743,-0.3409085696886476,2.559143903824757,1.8141250817038093,1.992873717320001,0.5037926872783559,0.8477509559437418,0.472324218828585,0.47232421882859366,0,1.8886377732910433,0.6705061305334172
34,0.4647394681530576,0.42543097186979467,-0.19500959155098746,0.8962204978773554,-0.34290766626230706,2.5568243940061297,1.8030178767998264,1.9842376137057085,0.5039955496391509,0.8510899978155388,0.472902297939509,0.4729022979395182,0,1.8858166007786519,0.6710077932274234
35,0.4651854170701916,0.42918085327461014,-0.19458071221351805,0.8906685364440333,-0.34494580260938085,2.554543280901746,1.791932872853132,1.975695148553415,0.5042411385639693,0.8545229972161908,0.4734752786607658,0.47347527866077777,0,1.8830342774290014,0.6715090034727136
36,0.4656857060309455,0.43292522430032787,-0.19412538597608178,0.8851288470806096,-0.34702159890739065,2.552300375204886,1.7808697226967736,1.967245817495193,0.5045273454253029,0.858046503818184,0.4740431781948773,0.4740431781948884,0,1.880290310041047,0.6720100651637393
37,0.46623793359396554,0.43666438608294544,-0.1936436397844599,0.8796012455797295,-0.3491336897933582,2.5500954751694045,1.7698280323611517,1.9588890750238908,0.5048521268163032,0.8616571263243761,0.4746060149194551,0.4746060149194541,0,1.8775841993247484,0.6725112758445897
38,0.4668397642860292,0.4403986565582531,-0.19313548459954683,0.8740855254293057,-0.3512807232920572,2.5479283679777756,1.758807362525049,1.9506243334422588,0.5052135003442971,0.8653515280833791,0.4751638081995758,0.4751638081995603,0,1.8749154409594193,0.6730129270182241
39,0.46748892474192133,0.4441283699305246,-0.19260091576820929,0.8685814584676779,-0.35346135971122,2.545798831022354,1.7478072298542588,1.942450961729159,0.5056095405657518,0.8691264227639555,0.47571657820697144,0.4757165782069688,0,1.87228352656897,0.6735153044533142
40,0.46818319994027213,0.44785387618113637,-0.19203991336873116,0.863088795486646,-0.3556742705088472,2.543706633104928,1.7368271082366669,1.934368284329485,0.5060383750596219,0.8729785700924859,0.47626434574509235,0.4762643457451067,0,1.869687944617482,0.6740186884874051
41,0.46892042953486934,0.45157554061311456,-0.1914524425323507,0.8576072667866822,-0.3579181371366758,2.5416515355593794,1.7258664299225503,1.9263755798737856,0.5064981806352017,0.8769047716554277,0.47680713208004133,0.476807132080056,0,1.8671281812333937,0.6745233543258855
42,0.46969850428026927,0.4552937434277394,-0.1908384537424052,0.8521365826886064,-0.3601916498633769,2.5396332933023307,1.7149245865787686,1.9184720798334354,0.506987179670171,0.8809018667677225,0.47734495877628,0.4773449587763051,0,1.8646037209668451,0.6750295723353714
43,0.4705153625495063,0.45900887932937506,-0.19019788311277394,0.8466764340059109,-0.3624935065800078,2.5376516558162474,1.7040009302653423,1.9106569671164582,0.5075036365738416,0.8849667284062666,0.4778778475370854,0.4778778475371751,0,1.862114047484733,0.6755376083312867
44,0.4713689869412043,0.4627213571548208,-0.18953065264730937,0.8412264924818343,-0.36482241158978745,2.5357063680694867,1.6930947743427651,1.9029293746088538,0.5080458543703436,0.8890962592067183,0.47840582004928023,0.4784058200492771,0,1.8596586442116767,0.67604772385776
45,0.47225740097296565,0.4664315995234268,-0.18883667048208447,0.8357864111951887,-0.36717707438376723,2.5337971713774525,1.6822053943183026,1.8952883836659684,0.5086121713963399,0.8932873875211282,0.4789288978305246,0.4789288978306101,0,1.8572369949164065,0.6765601764608296
46,0.47317866585732077,0.4701400425043751,-0.1881158311123333,0.8303558249389408,-0.3695562084033204,2.5319238042088603,1.6713320286394024,1.8877330225579843,0.5092009581075019,0.8975370635328028,0.4794471020813249,0.47944710208134256,0,1.8548485842550764,0.6770752199537227
47,0.47413087735631987,0.4738471352975289,-0.18736801560608232,0.8249343505753236,-0.37195852979007765,2.5300860029408505,1.660473879442066,1.8802622648732221,0.509810613988013,0.9018422554243931,0.4799604535382389,0.479960453538244,0,1.8524928982695532,0.6775931046712094
48,0.4751121627107309,0.47755333992417043,-0.18659309180650202,0.8195215873714573,-0.3743827561236523,2.5282835025665906,1.6496301132623459,1.8728750278831507,0.510439564557429,0.9061999455949454,0.48046897233000596,0.48046897233004116,0,1.850169424848712,0.6781140777177901
49,0.47612067763945365,0.4812591309240966,-0.18579091452518418,0.8141171173191556,-0.3768276051470532,2.5265160373586375,1.6387998617186326,1.8655701708721792,0.5110862584691128,0.9106071269209067,0.4809726778353617,0.480972677835382,0,1.8478776541548183,0.678638383203767
50,0.477154603404799,0.4849649950553945,-0.1849613257285784,0.8087205054427714,-0.3792917934795568,2.5247833414912404,1.6279822221727156,1.8583464934355747,0.5117491646946425,0.9150607990560827,0.4814715885420433,0.4814715885420413,0,1.8456170790195197,0.6791662624716677
51,0.47821214393934247,0.48867143099320925,-0.18410415471999572,0.8033313000988778,-0.38177403531664766,2.5230851496245235,1.6171762583775684,1.851202733748709,0.5124267697888416,0.9195579647655635,0.4819657219069944,0.48196572190703746,0,1.843387195312844,0.6796979543115598
52,0.47929152302984607,0.4923789490237844,-0.18321921831967666,0.7979490332715623,-0.3842730411163284,2.5214211974532548,1.606381001119736,1.8441375668104643,0.5131175752300274,0.9240956262881277,0.48245509421730004,0.4824550942173036,0,1.841187502288137,0.680233695165062
53,0.48039098155426707,0.496088070729845,-0.1823063210455616,0.7925732208673014,-0.386787516271398,2.519791222222803,1.5955954488646946,1.8371496026643346,0.5138200948307097,0.9286707817225451,0.48293972045101763,0.48293972045102707,0,1.83901750290642,0.6807737193163248
54,0.4815087747674011,0.4997993286634719,-0.18136525529759254,0.7872033630132487,-0.3893161597665998,2.5181949632145444,1.5848185684132172,1.8302373845998,0.5145328522136995,0.9332804214321417,0.48341961413849277,0.483419614138497,0,1.836876704143322,0.6813182590711448
55,0.48264316963159887,0.5035132660022307,-0.18039580154845788,0.7818389443631115,-0.3918576628203276,2.516632162203014,1.5740492955775847,1.8233993873378664,0.5152543783495167,0.9379215244636018,0.48389478722295576,0.48389478722297985,0,1.834764617281284,0.6818675449216367
56,0.4837924421886477,0.5072304361843576,-0.17939772854396935,0.7764794344147259,-0.3944107075099509,2.5151025638866975,1.5632865358863255,1.816634015203961,0.5159832091508325,0.9425910549752385,0.48436524992083896,0.4843652499208637,0,1.8326807581897824,0.682421805696853
57,0.4849548749694995,0.5109514025185248,-0.17837079351638252,0.7711242878436745,-0.396973965380278,2.5136059162943494,1.5525291653266933,1.8099396002920625,0.5167178831203222,0.9472859586709048,0.4848310105809719,0.4848310105809852,0,1.8306246475966361,0.6829812686976371
58,0.4861287544388063,0.5146767377634454,-0.17731474241421713,0.765772944857485,-0.3995460960346828,2.512141971168493,1.5417760311345228,1.8033144006243376,0.5174569390486956,0.9520031592361515,0.48529207554285403,0.4852920755428849,0,1.828595811352677,0.683546159815219
59,0.48731236847155013,0.5184070236724484,-0.17622931015236806,0.7604248315751447,-0.4021257457086216,2.510710484327603,1.531025952641498,1.7967565983109033,0.5181989137600843,0.9567395547737856,0.4857484489935223,0.48574844899378733,0,1.826593780691857,0.6841167036349751
60,0.4885040038595602,0.5221428504978249,-0.1751142208865227,0.7550793604367873,-0.40471154582550334,2.509311216008327,1.5202777221902177,1.7902642977148155,0.518942339902532,0.9614920142367995,0.48620013282412644,0.4862001328241594,0,1.8246180924934197,0.684693123514728
61,0.48970194384607635,0.5258848164494482,-0.17396918831619518,0.7497359306488749,-0.4073021115350761,2.5079439311889526,1.5095301061283302,1.783835523628204,0.5196857437817796,0.9662573738572436,0.48664712648166686,0.48664712648168673,0,1.8226682895368667,0.6852756416520096
62,0.49090446568720447,0.5296335271018965,-0.17279391602096514,0.7443939286703006,-0.40989604023493476,2.5066083998951303,1.4987818458933067,1.777468219466063,0.5204276432372709,0.9710324335707685,0.4870894268235505,0.4870894268235859,0,1.8207439207706,0.6858644791244419
63,0.492109838239733,0.5333895947439782,-0.17158809783477577,0.739052728745199,-0.4124919100761928,2.5053043974888363,1.4880316592002085,1.7711602454852688,0.5211665455599512,0.9758139534377797,0.48752702796714487,0.4875270279671674,0,1.818844541579658,0.6864598559085315
64,0.49331631957517647,0.5371536376642227,-0.1703514182635272,0.7337116934885658,-0.41508827845453294,2.504031704941226,1.477278241345382,1.7649093770369195,0.5219009454519055,0.9805986500626734,0.48795992113876063,0.48795992113879083,0,1.816969714063732,0.687061990876844
65,0.49452215462112087,0.5409262793655266,-0.16908355295147684,0.7283701745311557,-0.4176836804888261,2.5027901090900713,1.466520266639893,1.7587133028618327,0.5226293230290572,0.9853831930149451,0.4883880945207709,0.48838809452097864,0,1.8151190073255528,0.6876711017639987
66,0.495725572831418,0.5447081477018134,-0.16778416920231465,0.723027513230407,-0.4202766274897535,2.5015794028822165,1.4557563899870616,1.7525696234397068,0.5233501418686618,0.9901642012567137,0.48881153309799186,0.48881153309768155,0,1.8132919977731337,0.6882874051083065
67,0.4969247858878005,0.5484998739291498,-0.1664529265611808,0.7176830414546356,-0.4228656054217052,2.500399385601366,1.4449852486194277,1.7464758494041084,0.5240618471043453,0.9949382395831583,0.48923021849940573,0.48923021849925297,0,1.811488269437107,0.688911116163877
68,0.4981179854367211,0.5523020916634847,-0.165089477464158,0.7123360824479346,-0.4254490733621558,2.4992498630814257,1.4342054640110375,1.7404294000370415,0.5247628635726105,0.9997018150846626,0.4896441288447707,0.48964412884479636,0,1.8097074143025746,0.6895424487784656
69,0.49930334086545713,0.5561154357369431,-0.16369346796227913,0.7069859517833934,-0.42802546196264063,2.4981306479050662,1.4234156439812153,1.7344276018568672,0.5254515940150192,1.004451373639373,0.4900532385838392,0.49005323858428296,0,1.8079490326667969,0.6901816152365718
70,0.5004789971255222,0.5599405409434355,-0.16226453852714576,0.7016319584140279,-0.4305931719197506,2.497041559588547,1.4126143850094752,1.7284676873215992,0.526126417343965,1.0091832964544185,0.49045751833950146,0.49045751833953655,0,1.806212733518552,0.6908288260699071
71,0.5016430726072261,0.5637780406660504,-0.16080232494610036,0.6962734058277857,-0.43315057245889427,2.4959824247505007,1.4018002747755556,1.7225467936579473,0.526785686976108,1.0138938966620334,0.490856934748246,0.49085693474847836,0,1.804498134933474,0.6914842898163167
72,0.5027936570777081,0.5676285653757609,-0.15930645931461704,0.6909095933178004,-0.4356959998433805,2.494953077266343,1.390971894947659,1.716661961846221,0.5274277292453778,1.0185794159979844,0.4912514503037284,0.4912514503037627,0,1.8028048645106394,0.6921482127556091
73,0.5039288096908074,0.5714927409930913,-0.15777657113428215,0.6855398173754044,-0.438227755915859,2.4939533584064155,1.380127824235115,1.7108101357790448,0.5280508419037746,1.0232360215782343,0.491641023199878,0.4916410232000681,0,1.8011325598275443,0.6928207985783972
74,0.5050465570814814,0.5753711871030608,-0.15621228852480595,0.6801633732158129,-0.4407441066838987,2.4929831169576406,1.369266641726164,1.7049881616216664,0.5286532927221916,1.0278598028000414,0.4920256071773299,0.49202560717680444,0,1.7994808689314146,0.6935022480249158
75,0.5061448915587831,0.5792645150141132,-0.15461323955867576,0.6747795564455533,-0.4432432809623259,2.4920422093276935,1.3583869305300693,1.6991927874019235,0.5292333182046277,1.0324467683956606,0.49240515137138563,0.4924051513714225,0,1.7978494508663807,0.6941927584612202
76,0.5072217694133032,0.5831733256518934,-0.1529790537271645,0.6693876648810301,-0.4457234690866286,2.491130499630687,1.3474872817431012,1.6934206628609505,0.5297891224308223,1.0369928436707112,0.4927796001685403,0.49277960016857825,0,1.7962379762281075,0.694892523402485
77,0.5082751093571989,0.5870982072788046,-0.15130936354643496,0.663987000527375,-0.44818282171358187,2.4902478597532216,1.3365662987576878,1.6876683395985324,0.5303188760443095,1.041493867963355,0.4931488930633958,0.493148893063434,0,1.7946461277679466,0.6956017319845615
78,0.5093027911170445,0.5910397330310587,-0.1496038063122463,0.6585768717263685,-0.45061944872730747,2.4893941693995423,1.325622601932882,1.6819322715495721,0.5308207154046684,1.0459455923649716,0.49351296452701243,0.4935129645270624,0,1.7930736010278991,0.6963205683715004
79,0.5103026542021802,0.5949984582654089,-0.14786202601156218,0.6531565954816823,-0.45303141827098453,2.4885693161143476,1.3146548336433261,1.6762088158310742,0.5312927419248581,1.0503436777475712,0.4938717438827549,0.49387174388277977,0,1.7915201050202667,0.697049211093981
80,0.5112724968734166,0.5989749177086825,-0.14608367539887696,0.6477254999691967,-0.4554167559265145,2.4877731952818523,1.3036616637226295,1.6704942340018831,0.5317330216163203,1.054683693147632,0.4942251551933603,0.49422515519338006,0,1.7899853629488685,0.6977878323328819
81,0.5122100753395505,0.6029696224046492,-0.1442684182443563,0.6422829272387517,-0.4577734440668155,2.487005710099461,1.2926417953141043,1.6647846937797035,0.5321395848666745,1.0589611145613607,0.4945731171613055,0.4945731171613468,0,1.788469112973792,0.6985365971255002
82,0.5131131032114422,0.6069830564541148,-0.1424159317599896,0.6368282361127713,-0.46009942140758153,2.486266771524564,1.2815939711397302,1.659076271262757,0.5325104264766486,1.0631713242109644,0.49491554304473384,0.4949155430447747,0,1.78697110902013,0.699295662504329
83,0.513979251245733,0.6110156735462062,-0.14052590920877767,0.6313608052852865,-0.46239258278750556,2.485556298192759,1.2705169801940912,1.6533649537050268,0.5328435059847102,1.0673096103462514,0.49525234059138623,0.4952523405913928,0,1.7854911216297373,0.7000651765628707
84,0.5148061474125609,0.6150678932810812,-0.13859806270041056,0.6258800366230113,-0.4646507792082547,2.4848742163060153,1.2594096648659674,1.64764664289608,0.5331367483095405,1.071371167650699,0.49558341199349587,0.49558341199353995,0,1.784028938857706,0.7008452774481966
85,0.5155913773237416,0.6191400972870804,-0.13663212617505457,0.6203853586676874,-0.4668718181675898,2.484220459489399,1.2482709284849471,1.641917159197596,0.5333880447420142,1.0753510983255412,0.49590865386710237,0.49590865386714755,0,1.7825843672102542,0.7016360922789477
86,0.51633248505934,0.623232625138689,-0.13462785857462908,0.6148762303358892,-0.46905346432049483,2.483594968614979,1.2370997432839805,1.636172246288534,0.533595254319174,1.0792444139285444,0.4962279572580781,0.4962279572576782,0,1.7811572326237186,0.7024377359902672
87,0.517026974432336,0.6273457700852849,-0.13258504719827213,0.6093521448093275,-0.4711934405052611,2.4829976915920207,1.2258951587619895,1.6304075766713306,0.5337562056137835,1.0830460380481364,0.49654120767805443,0.4965412076781003,0,1.7797473814825968,0.7032503101092455
88,0.5176723107315573,0.6314797746051994,-0.13050351123557427,0.603812633604565,-0.47328942917213224,2.482428583122761,1.214656310421735,1.6246187579889697,0.5338686989728502,1.0867508098948415,0.4968482851773486,0.49684828517739377,0,1.778354681668909,0.7040739014537329
89,0.5182659229834999,0.6356348258041054,-0.1283831054676995,0.5982572708069679,-0.4753390742529424,2.481887604423524,1.2033824288495045,1.6188013402008432,0.5339305092382992,1.090353488893324,0.49714906445157203,0.49714906445161977,0,1.7769790236468204,0.7049085807760866
90,0.5188052067731315,0.6398110506824083,-0.12622372412235525,0.5926856774485575,-0.47733998351032186,2.4813747229116223,1.1920728490920902,1.6129508236607146,0.5339393889817721,1.0938487603579212,0.4974434149927549,0.497443414992802,0,1.7756203215718145,0.7057544013395953
91,0.5192875276618999,0.644008511301957,-0.1240253048642714,0.5870975260041736,-0.47928973140362197,2.4808899118588847,1.1807270202752838,1.6070626681336937,0.5338930722830967,1.0972312423311286,0.4977312012844727,0.4977312012843391,0,1.7742785144123747,0.7066113974460573
92,0.5197102252394175,0.6482271998886278,-0.12178783289778997,0.5814925449746625,-0.4811858625080107,2.480433150013926,1.1693445153961115,1.6011323027830902,0.5337892790796253,1.1004954936620388,0.49801228304471656,0.49801228304476775,0,1.7729535670954486,0.7074795829177385
93,0.5200706178405494,0.6524670339139353,-0.11951134515312829,0.5758705235195135,-0.4830258955192031,2.480004421195714,1.1579250412075268,1.5951551371464832,0.5336257201085429,1.103636023392528,0.49828651552341396,0.49828651552353864,0,1.7716454716429486,0.708358949552456
94,0.5203660079551897,0.6567278512057751,-0.11719593452205121,0.5702313160948221,-0.48480732787310526,2.479603713862451,1.146468448100519,1.5891265731095408,0.5334001024594178,1.1066473015109,0.4985537498512038,0.49855374985125733,0,1.7703542483119632,0.7092494655503554
95,0.5205936883510939,0.6610094051448319,-0.11484175410323183,0.5645748470464113,-0.4865276410039305,2.4792310206609303,1.134974739875738,1.5830420178726146,0.5331101357472985,1.109523771119712,0.49881383344855257,0.49881383344860564,0,1.7690799467134557,0.710151073947338
96,0.5207509489220002,0.665311360010376,-0.11244902141147667,0.5589011151009374,-0.4881843062576931,2.4788863379628654,1.1234440832819637,1.576896897888203,0.5327535389085298,1.1122598620486963,0.4990666104931395,0.499066610493198,0,1.7678226469057101,0.7110636910570101
97,0.5208350842629813,0.6696332865451919,-0.1100180224995722,0.553210197691885,-0.4897747914689841,2.478569665396031,1.1118768171863522,1.570686673728861,0.5323280476115675,1.114850005923531,0.4993119224482978,0.4993119224483449,0,1.7665824604484002,0.7119872049475036
98,0.5208434019643811,0.6739746578151206,-0.10754911593577791,0.5475022550518335,-0.4912965682003769,2.4782810053801523,1.1002734612297562,1.5644068558268371,0.5318314222649854,1.117288652681155,0.49954960865248454,0.4995496086525437,0,1.7653595314053476,0.7129214739741316
99,0.5207732316016974,0.678334845443529,-0.10504273657533303,0.5417775339973262,-0.49274711963104156,2.478020362678689,1.0886347238099168,1.558053021002856,0.531261456591865,1.1195702884940575,0.49977950696939755,0.4997795069694637,0,1.76415403728387,0.7138663253946551
100,0.5206219343837525,0.682713116304602,-0.10249939906034422,0.5360363713285764,-0.49412394906777163,2.4777877439788334,1.0769615092271045,1.5516208296769287,0.5306159867260051,1.12168945503572,0.499998545503332,0.4999985455032734,0,1.7629661898977824,0.7148215540808922
101,0.5203869134078333,0.6871086297609093,-0.09991970097886112,0.5302791967649725,-0.4954245890401417,2.4775831575154035,1.0652549238239073,1.545106043635641,0.5298929007732004,1.123640769993689,0.49978471166983174,0.49978471166977023,0,1.761796236142939,0.715786921372312
102,0.5200656244511178,0.6915204355311572,-0.09730432561280518,0.5245065353354724,-0.4966466109228278,2.4774066127539007,1.0535162809477614,1.5385045441993528,0.5290901487636053,1.1254189486955597,0.49957915362056937,0.4995791536204959,0,1.7606444586742995,0.7167621540794193
103,0.5196555872123603,0.6959474722714734,-0.0946540442038469,0.5187190091452858,-0.4977876350146294,2.477258120150773,1.0417471045697013,1.5318123506141395,0.5282057529080564,1.1270188266833892,0.4993820317719675,0.4993820317718962,0,1.7595111764751272,0.7177469436754693
104,0.5191543968997845,0.7003885669490297,-0.09196971766819145,0.5129173384435123,-0.4988453409864637,2.4771376910096015,1.0299491314003884,1.5250256384691394,0.5272378180558995,1.128435383034296,0.49919350396855355,0.4991935039684825,0,1.758396745311004,0.7187409456984213
105,0.5185597360448396,0.7048424350793974,-0.08925229769490012,0.5071023419228057,-0.49981747859509046,2.4770453374530415,1.0181243113582619,1.5181407579213626,0.5261845422384743,1.1296637641914224,0.49901372455682713,0.4990137245567672,0,1.7573015580634959,0.7197437793893837
106,0.5178693864062567,0.7093076818888892,-0.08650282716821804,0.5012749361907852,-0.50070187854435,2.4769810725310153,1.0062748062636435,1.5111542514941674,0.5250442271703284,1.1306993080373131,0.49884284344129326,0.4988428434412273,0,1.7562260449419003,0.7207550275889232
107,0.517081240815177,0.7137828044502298,-0.08372243986269295,0.4954361343643525,-0.501496463361829,2.4769449104855847,0.9944029866571532,1.5040628712035673,0.5238152885698597,1.1315375679123583,0.49868100513476477,0.4986810051347801,0,1.7551706735739772,0.7217742369113676
108,0.5161933148020078,0.7182661948244206,-0.08091235937000199,0.4895870437520079,-0.5021992581481607,2.476936867193113,0.9825114266707887,1.4968635947617317,0.5224962661542234,1.1321743362588492,0.49852834781652344,0.49852834781645505,0,1.7541359489809354,0.7228009182120085
109,0.5152037578380434,0.722756144223708,-0.07807389722905261,0.4837288626053611,-0.502808401047226,2.4769569608032245,0.9706028969145736,1.489553640606434,0.5210858331589662,1.1326056675531218,0.49838500241076256,0.4983850024106806,0,1.7531224134459338,0.723834547357088
110,0.5141108640216283,0.727250848190873,-0.07520845024517735,0.4778628759390931,-0.5033221532805567,2.4770052125928763,0.9586803553802081,1.4821304815125775,0.5195828052325698,1.1328279001794863,0.4982510917031395,0.4982510917029934,0,1.752130646289803,0.7248745663027112
111,0.512913082040001,0.7317484127688229,-0.07231749699991585,0.47199045043809035,-0.5037389085884193,2.4770816480523217,0.9467469364047881,1.4745918565565326,0.5179861485600803,1.1328376768996178,0.49812672950674863,0.4981267295065708,0,1.7511612635719156,0.7259203844793733
112,0.511609024243696,0.7362468616126729,-0.06940259356980641,0.4661130284906601,-0.5040572019229901,2.477186298217247,0.9348059377804909,1.4669357812252037,0.5162949870779325,1.132631963580117,0.4980120198963478,0.49801201989627364,0,1.7502149177391522,0.726971380477911
113,0.510197474680975,0.7407441439746736,-0.06646536848988557,0.46023212140696784,-0.5042757172465394,2.477319201258647,0.9228608061392743,1.4591605554896074,0.5145086086542581,1.1322080658594538,0.4979070565215282,0.49790705652145273,0,1.749292297243044,0.7280269040154161
114,0.5086773959563579,0.7452381434717127,-0.0635075170141751,0.45434930190144474,-0.5043932943011046,2.4774804043400116,0.9109151207830091,1.4512647696997147,0.5126264701263943,1.1315636434676346,0.49781192201537205,0.4978119220152948,0,1.7483941261693332,0.7290862781697407
115,0.5070479347955832,0.7497266875255721,-0.060530794742675004,0.4484661959359145,-0.5044089342302152,2.4776699657464176,0.898972576167699,1.4432473081932018,0.5106482011058551,1.1306967219451525,0.4977266875090893,0.49772668750901605,0,1.747521163896048,0.7301488018501747
116,0.5053084262251665,0.7542075573501292,-0.05753701069806315,0.4425844740359417,-0.5043218039563213,2.477887957288799,0.8870369632835161,1.435107350558923,0.508573606486046,1.1296057015600969,0.4976514122635809,0.49765141226350007,0,1.7466742048268578,0.7312137524617408
117,0.5034583963013235,0.7586784983459405,-0.054528019948332215,0.43670584220609954,-0.504131239240477,2.4781344669832905,0.8751121502000276,1.4268443705416485,0.5064026676132208,1.1282893632744055,0.4975861434262274,0.49758614342614527,0,1.7458540782333252,0.7322803887495324
118,0.5014975633517105,0.7631372307541391,-0.05150571588119774,0.4308320325779554,-0.5038367463766622,2.4784096020024045,0.8632020620630618,1.418458132619759,0.5041355421076136,1.1267468716680094,0.4975309159189303,0.497530915918843,0,1.7450616482448935,0.7333479537572949
119,0.49942583769324767,0.7675814604014091,-0.04847202227195365,0.4249647939365104,-0.503438002453891,2.478713491842769,0.8513106608551372,1.409948686264889,0.5017725623215511,1.1249777746949527,0.4974857524615808,0.4974857524617371,0,1.7442978140168413,0.734415677825323
120,0.49724332000974897,0.7720088894423104,-0.04542888512753171,0.41910588225204387,-0.502934854430322,2.4790462919455787,0.8394419251845021,1.4013163583770074,0.49931423262135044,1.1229820007914038,0.4974506637289,0.49745066372880187,0,1.7435635101575437,0.7354827817874441
121,0.4949502980674443,0.7764172268093579,-0.04237826473594446,0.41325705138390156,-0.5023273165011659,2.4794081871883957,0.8275998304715647,1.3925617431792712,0.4967612252169866,1.1207598522841358,0.497425648646058,0.4974256486459647,0,1.7428597073494894,0.7365484798386748
122,0.4925472423562973,0.7808041984083957,-0.03932212762041673,0.40742004405775517,-0.5016155665670684,2.479799396005425,0.8157883297284599,1.383685690958527,0.4941143750928417,1.118311996789278,0.49741069480970435,0.49741069480959377,0,1.7421874133369715,0.7376119826681797
123,0.4900348003496481,0.7851675567800934,-0.036262438844718144,0.4015965832633199,-0.5007999412825982,2.4802201745008556,0.8040113352599665,1.3746892949080074,0.49137467377214955,1.1156394555496538,0.497405779035494,0.49740577903539807,0,1.741547674200749,0.7386725002998522
124,0.48741378970721133,0.7895050901801112,-0.03320115460707135,0.3957883641713787,-0.4998809300834855,2.480670820847164,0.7922727014869977,1.3655738767868297,0.48854326222350897,1.112743589560663,0.49741086802029777,0.49741086802009504,0,1.740941576003739,0.7397292448429218
125,0.48468519051135117,0.7938146309583731,-0.030140215254513953,0.38999704666796026,-0.49885916823936255,2.4811516798807003,0.7805762091012951,1.3563409715339614,0.4856214230000703,1.109626083607595,0.49742591910988465,0.4974259191098085,0,1.7403702468206466,0.74078143305939
126,0.4818501366948932,0.798094063157177,-0.02708153879003794,0.3842242485832822,-0.4977354290749589,2.4816631478953353,0.7689255507142525,1.3469923111137938,0.48261057176166744,1.1062889285361668,0.4974508811606051,0.49745088116049674,0,1.7398348591768087,0.7418282887177445
127,0.4789099068212741,0.8023413292661723,-0.024027014933963226,0.37847153967504504,-0.4965106155050297,2.482205677631607,0.7573243181247108,1.3375298078589484,0.4795122483296942,1.1027344020818315,0.4974856954825795,0.49748569548267385,0,1.7393366329204523,0.7428690447101123
128,0.4758659143780779,0.8065544360911702,-0.020978499788664864,0.37274043640820087,-0.4951857510292643,2.48277978345767,0.7457759912928975,1.3279555375634016,0.47632810742204496,1.0989650485842495,0.4975302968530344,0.4975302968529127,0,1.738876838541694,0.7439029449156735
129,0.4727196977453067,0.8107314597145752,-0.01793781113841072,0.36703239755485756,-0.49376197033727637,2.4833860467465074,0.7342839290685285,1.3182717225708724,0.47305990921325325,1.0949836579191934,0.4975846145818952,0.49758461458179326,0,1.738456800957155,0.7449292457890795
130,0.46947290999230307,0.8148705495426198,-0.014906724403614999,0.3613488206216139,-0.4922405096676411,2.484025121454151,0.7228513616860467,1.3084807150811595,0.4697095098559177,1.0907932439653154,0.49764857362482773,0.4976485736247085,0,1.7380779037834488,0.7459472176703108
131,0.4661273086495022,0.8189699314517115,-0.011886969254579043,0.3556910390964185,-0.4906226970599452,2.4846977399091075,0.7114813850076573,1.2985849808782632,0.4662788520905571,1.0863970229102455,0.49772209572282744,0.4977220957227084,0,1.737741594098652,0.7469561458101592
132,0.46268474558940226,0.8230279100610067,-0.008880226877597604,0.3500603204933797,-0.48890994262921444,2.4854047188270543,0.7001769564656493,1.2885870836591897,0.4627699560586529,1.0817983916780396,0.4978051005616908,0.49780510056156313,0,1.7374493877140937,0.7479553311126437
133,0.4591471571380536,0.8270428701706088,-0.005888127875958142,0.34445786516279564,-0.48710372898089854,2.486146965567543,0.688940892631807,1.2784896701172512,0.45918491042045373,1.077000906734108,0.49789750693838264,0.4978975069382747,0,1.7372028749680195,0.748944090599224
134,0.45551655452433376,0.8310132774151954,-0.0029122507787852853,0.3388848058244507,-0.48520560187269024,2.4869254846543667,0.6777758683220281,1.268295455909158,0.45552586386539995,1.07200826349648,0.4979992339248489,0.497999233924729,0,1.7370037270499525,0.7499217576041166
135,0.45179501475918915,0.8349376781903749,4.587887623252193e-05,0.3333422077753226,-0.48321716121575636,2.487741384582844,0.6666844171295345,1.2580072126097397,0.451795017088643,1.0668242765515092,0.49811020201953715,0.4981102020193977,0,1.7368537028710007,0.7508876817114964
136,0.4479846720225267,0.8388146989148179,0.0029847889262502726,0.32783106971801024,-0.48114005249505526,2.488595884940935,0.6556689332697841,1.247627755735621,0.4479946152936049,1.0614528608429579,0.4982303342794241,0.4982303342789616,0,1.7367546564908336,0.7518412284489502
137,0.44408770962085237,0.8426430446941525,0.0059030604760963385,0.3223523251535823,-0.4789759586746018,2.489490323871101,0.6447316746143508,1.2371599338970716,0.44412694126710994,1.0558980139730187,0.49835955742462756,0.49835955742449944,0,1.7367085451135058,0.7527817787561437
138,0.4401063525664525,0.8464214974552996,0.00879932734883913,0.31690684428079624,-0.4767265926431348,2.490426165906029,0.6338747667877317,1.2266066191212042,0.44019430906264406,1.0501637997300908,0.4984978029100884,0.49849780290993495,0,1.7367174376696504,0.7537087282356758
139,0.4360428608146259,0.8501489136172903,0.011672275138381327,0.31149543634580207,-0.47439369023983424,2.491405010200345,0.6231002082043462,1.2159706983677894,0.4361990583143312,1.0442543329245304,0.498645007958169,0.49864500795803957,0,1.7367835239814948,0.7546214862180631
140,0.43189952318769315,0.8538242213665957,0.014520639915747218,0.3061188523859628,-0.47197900389541325,2.4924285991943713,0.6124098759232223,1.205255066253761,0.43214354919785564,1.0381737656026684,0.4988011165476196,0.4988011165474804,0,1.7369091245434554,0.7555194746504852
141,0.42767865200272864,0.8574464175993372,0.017343206633248245,0.3007777883164727,-0.4694842969096483,2.493498827729378,0.601805532206918,1.1944626189850356,0.42803015804402683,1.0319262746795732,0.49896608035400547,0.49896608035383405,0,1.737096700902289,0.7564021268262642
142,0.42338257841384314,0.8610145645914676,0.020138807273395717,0.2954728883105777,-0.46691133838226695,2.4946177526380096,0.5912888316762785,1.1835962494909367,0.42386127360582143,1.0255160510212935,0.499139859636486,0.49913985963661833,0,1.7373488666555532,0.7572688859817645
143,0.419013648473386,0.8645277864536287,0.02290631878595966,0.29020474842894656,-0.4642618988071425,2.4957876028241306,0.5808613289619752,1.1726588437505547,0.41963929397436356,1.0189472899925887,0.49932242406755867,0.49932242406741256,0,1.7376683990543205,0.7581192037694364
144,0.4145742199117156,0.8679852654236422,0.025644660854517602,0.28497392045785364,-0.46153774633534994,2.4970107898373963,0.5705244867620731,1.1616532782976507,0.415366624135535,1.0122241834766126,0.4995137534976686,0.4995137534975158,0,1.738058251203114,0.7589525386338971
145,0.4100666596321896,0.8713862380458083,0.028352793531872394,0.2797809159201785,-0.4587406437099978,2.4982899189367678,0.5602796842237762,1.150582418891208,0.4110456741567329,1.0053509133674219,0.4997138386508273,0.4997138386506874,0,1.7385215648286918,0.7597683541076956
146,0.40549334191583464,0.8747299912828236,0.031029714781538337,0.2746262102273148,-0.45587234587405384,2.499627800621452,0.5501282255756244,1.1394491203400892,0.40667885799177655,0.9983316465324745,0.49992268174208254,0.49992268174196264,0,1.7390616835778894,0.7605661170431701
147,0.4008566473290023,0.8780158586029424,0.03367445796068878,0.2695102469437863,-0.4529345982519115,2.5010274625878672,0.5400713489438534,1.1282562274732901,0.40226859289135947,0.9911705312413064,0.4998597029921621,0.49985970299232263,0,1.7396821667822444,0.7613452958051639
148,0.39615896232692754,0.8812432160830014,0.03628608927899759,0.26443344213925557,-0.449929135706331,2.5024921620472176,0.5301102352925371,1.117006577251691,0.3978172994065383,0.983871695058249,0.49963328886239844,0.49963328886256786,0,1.7403868036016348,0.7621053584451587
149,0.3914026795458964,0.8844114785661702,0.0388637052667722,0.25939618880504317,-0.44685768217349936,2.5040253983065415,0.5202460174318202,1.1057030020214125,0.3933274019729241,0.9764392441993287,0.4993980364070163,0.49939803640718217,0,1.7411796274248186,0.7628457708812879
150,0.38659019877660955,0.8875200959133779,0.041406430286801646,0.25439886131293243,-0.4437219509813352,2.5056309254803786,0.5104797890403068,1.0943483339135687,0.38880133006361267,0.968877264358011,0.4991538932029934,0.4991538932031716,0,1.7420649303675964,0.7635659951123357
151,0.3817239286107751,0.8905685493876275,0.04391341412456029,0.24944181989437292,-0.4405236458579897,2.507312765152416,0.50081261364827,1.0829454103985188,0.3842415198987731,0.9611898230079633,0.4989007938271306,0.4989007938273139,0,1.743047277655511,0.7642654874961519
152,0.37680628875127126,0.893556348212932,0.04638382969457614,0.24452541511593398,-0.4372644626398814,2.5090752187539427,0.4912455335246101,1.0714970810045459,0.3796504166988914,0.9533809731951435,0.49863865999212664,0.4986386599923138,0,1.7441315216223576,0.7649436971311128
153,0.37183971297334,0.8964830263528232,0.04881687090370689,0.23964999232366044,-0.4339460916898887,2.510922879360454,0.4817795784049069,1.0600062152099503,0.3750304774667321,0.945454758833305,0.49836740088685705,0.4983674008870519,0,1.745322814983437,0.7656000643763932
154,0.3668266527185646,0.8993481395585183,0.05121175071706564,0.23481589602295683,-0.43057022103652026,2.512860642532655,0.47241577398729895,1.0484757115118963,0.37038417427883347,0.9374152215159862,0.49808691375464265,0.49808691375470515,0,1.746626622960846,0.7662340195712696
155,0.3617695812953493,0.9021512627431248,0.05356769947822171,0.2300234741528073,-0.427138540243426,2.514893715741225,0.4631551501094895,1.0369085076652624,0.36571399806132854,0.9292664088532667,0.4977970847485911,0.4977970847487978,0,1.7480487337431705,0.7668449819974699
156,0.3566709986469733,0.9048919877462918,0.05588396354278565,0.22527308220200598,-0.4236527450140343,2.5170276258173137,0.4539987485012013,1.0253075920659616,0.36102246281510053,0.9210123843297086,0.4974977901085367,0.4974977901087485,0,1.749595266655011,0.7674323591617698
157,0.35153343663114767,0.9075699215628561,0.058159804292898354,0.2205650871013551,-0.42011454252815994,2.5192682237617596,0.44494762998327575,1.0136760162260579,0.3563121102419806,0.9126572386605967,0.49718889770880237,0.4971888977089992,0,1.7512726772936023,0.7679955464676151
158,0.3463594647317784,0.9101846851191736,0.06039449760961868,0.21589987080870413,-0.4165256574945491,2.521621686130604,0.4360028809567674,1.0020169082489907,0.35158551470560084,0.9042051025933127,0.4968702690312188,0.4968702690314364,0,1.75308775876433,0.7685339273657044
159,0.3411516960932695,0.9127359126916156,0.06258733389029893,0.211277833483188,-0.41288783888439534,2.5240945120936193,0.42716561899234495,0.9903334871601838,0.34684528843680473,0.8956601610573245,0.496541761621063,0.4965417616212826,0,1.7550476380145232,0.7690468740785055
160,0.33591279372969973,0.9152232520720253,0.06473761870771533,0.2066993961217632,-0.4092028672846112,2.5266935151438425,0.4184369972941738,0.9786290778796443,0.342094086863888,0.8870266685071785,0.4962032320857641,0.4962032320859975,0,1.7571597661387508,0.7695337490044822
161,0.33064547671464883,0.9176463655940907,0.06684467421675155,0.2021650025049062,-0.40547256277503974,2.529425808329125,0.4098182077733804,0.966907126536875,0.3373346139117672,0.878308965225993,0.495854539696158,0.4958545396964098,0,1.759431901413449,0.7699939069150175
162,0.32535252610227644,0.9200049321409085,0.06890784142082547,0.19767512027066628,-0.40169879318934576,2.5322987817906877,0.40131048242672035,0.9551712157229869,0.33256962707140003,0.8695114942595291,0.49549555064581474,0.49549555064588613,0,1.7618720837294406,0.7704266980606094
163,0.3200367902677015,0.9222986502556764,0.07092648341292568,0.19323024090859933,-0.3978834825652979,2.535320071347841,0.392915092680213,0.9434250791524652,0.32780194199268675,0.8606388185338021,0.49512614301611,0.4951261430164049,0,1.764488599046023,0.7708314723010703
164,0.314701189286505,0.9245272424721064,0.07289998970252927,0.1888308784400178,-0.39402861952628754,2.5384975168779116,0.38463334632937785,0.9316726150692451,0.3230344363020288,0.8516956375725189,0.4947462124821017,0.4947462124823684,0,1.7672899325095068,0.7712075843676511
165,0.30934871790288937,0.9266904609663763,0.07482778172799767,0.18447756653139835,-0.39013626526399,2.5418391093303048,0.3764665816933853,0.9199178975846305,0.31827005229285127,0.8426868030786747,0.4943556787714224,0.4943556787716996,0,1.7702847089864635,0.7715544003430597
166,0.3039824465698847,0.9287880946051676,0.07670931963111298,0.18017085377875675,-0.38620856071548676,2.545352925405043,0.36841615860859533,0.9081651849890334,0.3135117980888137,0.8336173324856675,0.4939544928639199,0.49395449286426185,0,1.7734816199838748,0.7718713054202959
167,0.29860551999065865,0.9308199774217949,0.07854411033394498,0.1759112969071494,-0.38224773245211385,2.5490470492416817,0.3604834459258145,0.8964189239493446,0.3087627468413937,0.824492419429131,0.49354264488221644,0.4935426448824969,0,1.7768893362882838,0.7721577129525325
168,0.293221152557716,0.9327859984929269,0.08033171690634777,0.17169945165680733,-0.3782560967295914,2.5529294809218883,0.3526698052545592,0.884683748408389,0.3040260335043645,0.8153174399586647,0.4931201725798894,0.4931201725801958,0,1.7805164061708196,0.77241307475027
169,0.28783262008896177,0.9346861131103756,0.08207176914330941,0.1675358611822598,-0.3742360610997571,2.5570080321945916,0.3449765708259162,0.8729644719665626,0.2993048487371851,0.8060979532211726,0.49268717028784503,0.49268717028788467,0,1.784371139689064,0.7726368925047191
170,0.2824432473086269,0.9365203550473435,0.08376397518644357,0.16342104187698012,-0.37019012296539106,2.5612902105801525,0.3374050255284211,0.8612660725737045,0.29460242953729576,0.7968396953300796,0.49224379812230046,0.492243798122615,0,1.7884614804464147,0.7728287301326591
171,0.27705639063007353,0.9382888496093792,0.08540813392496337,0.15935546665773478,-0.3661208644847394,2.565783093870536,0.3299563734125017,0.8495936685196264,0.2899220462978081,0.7875485652159181,0.4917902912094414,0.49179029120981765,0,1.79279486713261,0.7729882267369608
172,0.2716754159726893,0.9399918270446929,0.08700414780531594,0.15533954589664128,-0.3620309433117083,2.57049319796401,0.3226317092490947,0.8379524849999069,0.2852669861362563,0.778230601454258,0.4913269686339945,0.4913269686343815,0,1.7973780881833943,0.773115109779621
173,0.2663036715915894,0.9416296357756182,0.08855203557299877,0.15137360637147076,-0.3579230788019106,2.5754263418765437,0.31543198605706557,0.8263478109653055,0.2806405325452522,0.7688919494073072,0.49085424178419923,0.49085424178455983,0,1.802217133900972,0.7732092079746045
174,0.26094445620653633,0.9432027548171149,0.0900519443775033,0.14745786880144357,-0.35380003352359624,2.580587514559409,0.30835798185256763,0.8147849465240731,0.27604594166749474,0.7595388184919959,0.49037262175386687,0.49037262175422325,0,1.807317051225957,0.7732704633324259
175,0.25560098306957246,0.9447118046833568,0.09150416060472123,0.14359242473024655,-0.3496645901812395,2.585980748710935,0.30141026719039304,0.8032691418324905,0.271486415781907,0.7501774299860643,0.4898827254674386,0.48988272546782485,0,1.8126818069583082,0.773298941751628
176,0.25027634097733387,0.9461575560649412,0.09290911877442555,0.13977721368617163,-0.34551952436933964,2.591609006993932,0.2945891753189202,0.7918055291229505,0.26696507487767573,0.7408139564600781,0.48938528023913275,0.4893852802392692,0,1.8183141654407917,0.7732948415519416
177,0.24497345357541678,0.9475409355984873,0.09426740786483609,0.13601200166658195,-0.34136757389814976,2.597474085874521,0.28789477691531895,0.780399050209669,0.26248492745722035,0.7314544546166819,0.48888112653922233,0.488881126539638,0,1.8242155864711882,0.7732584994022285
178,0.2396950385744469,0.9488630281531141,0.09557977450774431,0.1322963620376776,-0.3372114057362859,2.6035765416422434,0.2813268613707798,0.7690543823946642,0.2580488419120629,0.7221047939507503,0.4883712188395708,0.48837121883963674,0,1.8303861484448478,0.7731903931962274
179,0.23444356865670155,0.950125075222625,0.09684712263642287,0.12862965989273287,-0.3330535818576223,2.609915642076534,0.27488492643213847,0.7577758660823066,0.2536595199227576,0.7127705841293832,0.4878566245213014,0.4878566245217455,0,1.8368245004799062,0.7730911415954189
180,0.22922123587126825,0.9513284692259376,0.09807050935410451,0.12501104077039688,-0.3288965254301723,2.6164893457672114,0.2685681776814456,0.7465674375416957,0.24931947332554089,0.7034571042639449,0.4873385209477561,0.4873385209481973,0,1.8435278456301425,0.7729615001358701
181,0.2240299211747832,0.9524747437628532,0.09925113700840231,0.12143942440239751,-0.3247424888136245,2.623294309424068,0.262375538864383,0.7354325700833152,0.24503100575037481,0.6941692372486955,0.48681819092119394,0.4868181909217095,0,1.8504919554081734,0.7728023540145392
182,0.2188711704888218,0.9535655601206411,0.10039034168239408,0.11791350386362426,-0.3205935247366043,2.630325921789328,0.2563056735167347,0.7243742264603986,0.24079620008267308,0.684911412071913,0.4862970168373335,0.48629701683780846,0,1.8577112139189624,0.7726147078690595
183,0.21374617823757336,0.9546026905534583,0.10148957852359344,0.1144317501640464,-0.31645146180932693,2.637578361189757,0.2503570177396619,0.7133948246010994,0.23661691245569308,0.6756875564823085,0.48577647391936685,0.4857764739198741,0,1.8651786881488408,0.7723996730395013
184,0.2086557788508734,0.9555879990362841,0.10255040450394468,0.11099242199155603,-0.3123178852208998,2.6450446724867582,0.2445278234113824,0.7024962179154555,0.23249477308487446,0.666501061684926,0.4852581229447659,0.4852581229453298,0,1.8728862195468188,0.772158452938448
185,0.20360044622167897,0.956523420310942,0.10357445932170133,0.10759358002168211,-0.3081941231101846,2.6527168583229583,0.23881621065474454,0.6916796905011063,0.2284311938537501,0.657354759931042,0.4847436028741332,0.4847436028746186,0,1.8808245310972636,0.7718923272242668
186,0.19858030064741908,0.95741093808618,0.10456344521030744,0.10423310498353965,-0.3040812387268436,2.660585979168462,0.23322022805166,0.6809459666964909,0.22442738219626482,0.6482509150491029,0.4842346237526859,0.48423462375322335,0,1.8889833436732562,0.771602635493353
187,0.19359512240635132,0.9582525632286749,0.10551910641091634,0.10090871852923691,-0.2999800281558765,2.6686422567291657,0.22773791893049578,0.6702952336902362,0.22048436052765383,0.6391912252267029,0.4837329601925394,0.4837329601931204,0,1.8973514955597088,0.7712907611678999
188,0.18864437085156746,0.9590503126974543,0.10644320900173901,0.09761800590106327,-0.29589102309556353,2.6768751757251716,0.22236739205012043,0.6597271753499592,0.21660299027615387,0.6301768367614377,0.48324044566243396,0.48324044566301616,0,1.905917059552376,0.7709581161709536
189,0.18372720775703022,0.959806189847114,0.10733752167265216,0.09435843942036232,-0.2918144979742997,2.685273579778665,0.21710689514246118,0.6492410151095557,0.21278399946664697,0.6212083670886233,0.482758967724338,0.482758967724918,0,1.914667452905641,0.7706061268713422
190,0.1788425236185989,0.9605221665731364,0.10820379790312386,0.09112740191996797,-0.2877504805740908,2.693825758049869,0.21195489002045476,0.6388355656507033,0.2090280127995508,0.6122859351784352,0.4822904642714916,0.4822904642721385,0,1.9235895363966935,0.7702362216514329
191,0.17398896567781558,0.9612001676140263,0.10904375986211202,0.08792220938591724,-0.28369876529053567,2.702519520222285,0.20691012826408012,0.628509283197403,0.2053355832351082,0.603409197354433,0.4818369207437916,0.4818369207444233,0,1.9326696998964426,0.7698498203240225
192,0.16916496657648064,0.9618420571740114,0.1098590842129939,0.08474013224579412,-0.27965892819132837,2.7113422583655398,0.20197172682443265,0.6182603244764105,0.20170722421603915,0.5945773866952483,0.48140036823076904,0.48140036823146914,0,1.9418939328562161,0.7694483255074165
193,0.16436877273505895,0.9624496278979657,0.11065138988567957,0.08157841491819681,-0.27563034311754553,2.7202809950379234,0.1971392431914137,0.6080866047240445,0.19814344181441415,0.585789354394876,0.48098288232081843,0.4809828823215858,0,1.951247879069702,0.7690331159661024
194,0.15959847175553443,0.9630245921228366,0.11142222777795853,0.07843429340738028,-0.27161219818865545,2.7293224176888145,0.1924127500256939,0.5979858555004173,0.19464476625305238,0.5770436117392854,0.480586582515689,0.4805865825163538,0,1.9607168758391467,0.7686055418477777
195,0.1548520183572343,0.9635685752497224,0.1121730722714534,0.07530501087732726,-0.2676035122052866,2.738452899970985,0.18779290933350035,0.5879556814621227,0.19121178240925932,0.568338371668204,0.48021363200178824,0.48021363200252565,0,1.9702859782845958,0.7681669216843603
196,0.1501272585472639,0.9640831110270852,0.11290531439465494,0.07218783126465948,-0.2636031505799478,2.7476585109810743,0.18328104634554868,0.5779936156144414,0.18784515904721338,0.5596715892021779,0.4798662375512053,0.47986623755191116,0,1.9799399699793736,0.7677185409996419
197,0.14542195189697393,0.9645696385052741,0.11362025643395231,0.06908005108789579,-0.2596098405559277,2.7569250137276593,0.17887922323602531,0.5680971728963856,0.1845456766376359,0.5510410003071089,0.47954664931227553,0.47954664931293023,0,1.9896633613974122,0.7672616523281119
198,0.1407337919360167,0.9650295004119066,0.11431910778042566,0.06597900968222026,-0.255622185590831,2.766237854308874,0.17459031267077268,0.5582639022326452,0.18131425370445264,0.5424441590258438,0.4792571602403982,0.4792571602411222,0,1.9994403778445973,0.766797476462185
199,0.13606042478538694,0.9654639427021475,0.11500298180179697,0.06288209813618362,-0.25163867888061364,2.775582143390226,0.1704180708948214,0.5484914374129606,0.17815197168733324,0.5338784729234995,0.47900010491319533,0.4790001049139332,0,2.009254938653738,0.76632720473444
200,0.13139946623334695,0.9658741150532948,0.11567289354147994,0.05978676723476228,-0.24765771608268392,2.7849426316327457,0.16636720964769935,0.5387775473360563,0.1750600983281657,0.5253412370714424,0.4787778574626479,0.47877785746340695,0,2.019090629470422,0.7658520021602073
201,0.12674851751244748,0.9662610720960759,0.11632975806747863,0.0566905347229649,-0.24367760735990687,2.7943036807597816,0.16244346561467726,0.5291201862781526,0.1720401095780903,0.5168296669292101,0.4785928283512513,0.4785928283520081,0,2.0289306694828744,0.7653730112747836
202,0.12210518007027503,0.9666257752020941,0.11697438931967735,0.05359099220215852,-0.23969658891660187,2.803649231979595,0.1586536653775026,0.5195175449305359,0.1690937099856341,0.5083409305865959,0.4784474597042292,0.4784474597050261,0,2.038757875462222,0.7648913565151352
203,0.11746706963958008,0.9669690946763672,0.11760749933344626,0.0504858119572487,-0.23571283423031025,2.812962773521522,0.15500578291001943,0.5099681029914764,0.16622285146506335,0.49987218089491997,0.4783442188989241,0.4783442188996547,0,2.048554624508532,0.7644081490108183
204,0.11283182991122354,0.9672918122337709,0.11822969774842416,0.04737275399120067,-0.23172446520348816,2.8222273090995698,0.15150898558393153,0.500470684105555,0.16342975026230386,0.4914205880568029,0.47828559009549054,0.4782855900962739,0,2.0583028174391256,0.7639244916582055
205,0.10819714609785273,0.9675946236674609,0.11884149154293538,0.04424967351429012,-0.2277295634683792,2.831425329194466,0.14817366343844357,0.4910245139200393,0.16071690183633355,0.48298337326018925,0.4782740633832395,0.4782740633840128,0,2.0679838448306107,0.7634414843606341
206,0.10356075864370543,0.9678781416457801,0.11944328496666783,0.041114529097029215,-0.2237261820723785,2.84053878715144,0.1450114351878412,0.48162928196358434,0.15808709325712972,0.47455784392753325,0.47831212120098154,0.4783121212016961,0,2.077578557821231,0.7629602293279292
207,0.09892047729848781,0.9681428986005408,0.12003537967467333,0.037965391654978704,-0.21971235776003809,2.849549082197218,0.14203512321895656,0.4722852079693109,0.15554341259790985,0.466141431126256,0.47840222168769486,0.47840222168839674,0,2.087067245892614,0.7624818363021668
208,0.09427419571365857,0.9683893496948028,0.1206179750966901,0.034800454377776666,-0.2156861240362588,2.8584370516113196,0.13925868883532486,0.4629931131244401,0.15308925466499257,0.45773172962003905,0.4785467786207196,0.47854677862184314,0,2.0964296239809963,0.762007427627112
209,0.08961990665658562,0.9686178758810701,0.12119116910364948,0.0316180436573001,-0.2116455251586503,2.8671829743832538,0.13669711850535807,0.4537544965677594,0.15072832228166172,0.44932654096603536,0.4787481376188114,0.4787481376194641,0,2.1056448313824454,0.7615381429984733
210,0.08495571785453815,0.9688287870819235,0.12175495905972956,0.028416630996905626,-0.20758863114984016,2.875766588761756,0.13436625217882575,0.444571617235465,0.14846462222299397,0.44092391994811236,0.4790085483142844,0.4790085483151054,0,2.114691444977047,0.7610751437822474
211,0.08027986838828154,0.9690223255434316,0.1223092433706736,0.02519484580473781,-0.20351355385174208,2.884167126096804,0.13228254622014124,0.43544758089616886,0.1463024548062898,0.4325222245015259,0.4793301322772514,0.4793301322780752,0,2.1235475093583953,0.7606196167360237
212,0.0755907454494711,0.9691986694269608,0.12285382365667764,0.021951488884283905,-0.19941846395824084,2.8923633632665076,0.13046276650478242,0.4263864319036033,0.14424639608902812,0.42412016912011014,0.47971484654621843,0.4797148465470066,0,2.1321905862969537,0.7601727769671411
213,0.0708869011622914,0.9693579367163501,0.12338840768833571,0.01868554634034813,-0.19530160886305062,2.9003336957181074,0.12892361195712007,0.4173932488366212,0.14230127163260142,0.4157168815506324,0.48016444276811776,0.4801644427689987,0,2.1405978257757456,0.7597358699398069
214,0.06616706905378761,0.9695001895234714,0.12391261322514827,0.015396203521683565,-0.1911613310494129,2.9080562326973203,0.12768127524369827,0.40847424279788314,0.14047212087618627,0.4073119623798596,0.4806804221195289,0.4806804221203774,0,2.148746060364105,0.7593101723307454
215,0.061430179647480036,0.969625438874954,0.12442597288462397,0.012082858530798017,-0.18699608663309472,2.9155089155478655,0.12675095506315923,0.3996368567152686,0.13876415134971584,0.3989055469207245,0.4812639864061895,0.4812639864070345,0,2.1566119240247814,0.7588969915203791
216,0.05667537456547794,0.9697336500546614,0.12492794014390743,0.008745134758193902,-0.18280446356127156,2.9226696590115324,0.12614634261991883,0.3908898635551535,0.13718268225522104,0.39049836862960685,0.48191598601416097,0.4819159860150055,0,2.1641719954973313,0.7584976635116911
217,0.051902018470378716,0.9698247485594274,0.1254178965332521,0.005382891854571401,-0.17858519888008606,2.9295165142489887,0.12587911212633096,0.38224346093442313,0.1357330773692436,0.38209182316327833,0.482636865702155,0.4826368657030444,0,2.1714029651704134,0.7581135490759694
218,0.04710970817864265,0.9698986266989591,0.12589516001988005,0.0019962345552871647,-0.1743371944292083,2.9360278508562754,0.12595844999854508,0.37370935923048343,0.1344206677602372,0.3736880321429277,0.4834266095763633,0.48342660957722394,0,2.1782818229037275,0.7577460279499761
219,0.04229827835302813,0.9699551508347282,0.12635899450531166,-0.001414481166367939,-0.17005953032650298,2.9421825535885358,0.1263906583583983,0.365300859965236,0.13325066545433695,0.3652899057782257,0.4842846869515415,0.4842846869524938,0,2.1847860626200872,0.7573964909656468
220,0.03746780334121396,0.969994169209376,0.12680862027012474,-0.004848645012698534,-0.16575147567771756,2.9479602279128123,0.1271788646302353,0.357032920965527,0.13222806987182628,0.35690120372359796,0.4852100011481467,0.4852100011489169,0,2.1908938978642407,0.7570663300457583
221,0.03261859498579089,0.9700155202697387,0.1272432251089522,-0.008305392532037157,-0.16141249611093936,2.9533414071593183,0.12832286045966085,0.34892220459354,0.13135756953816763,0.3485265939322193,0.48620084356586935,0.4862008435667795,0,2.1965844810613797,0.7567569260952447
222,0.027751196568126114,0.9700190413387043,0.12766197581271135,-0.011783608472852394,-0.15704225798051483,2.9583077530983712,0.1298190809663193,0.3409871051232625,0.13064344215982704,0.3401717097964033,0.4872548555745453,0.48725485557544657,0,2.2018381181770192,0.7564696349181648
223,0.022866373518421468,0.9700045774488628,0.12806402958504223,-0.01528193289128168,-0.15264062947298668,2.9628422414661326,0.131660721420982,0.3332477511800858,0.13008945657293883,0.331843206612776,0.4883690007977538,0.4883690007986691,0,2.2066364700613663,0.7562057714019161
224,0.017965303729079573,0.9699719918358167,0.12844852951808144,-0.018798624356523713,-0.14820786207727202,2.966929166036829,0.13383787896593755,0.3257262831123899,0.129698792875784,0.32354915916977633,0.4895395010419473,0.48953950104287747,0,2.2109625644110933,0.7559666016229345
225,0.013621064168732192,0.9699280164655043,0.1287730812565083,-0.021920572080354292,-0.14426439360779236,2.970157529432681,0.13603143893072056,0.31927879168325723,0.1294914663033206,0.3162544875530681,0.4906173966322057,0.4906173966331461,0,2.2143808091200743,0.7557767203098136
226,0.010346731996223747,0.9698855262044429,0.1290073658423829,-0.02427614038465442,-0.14128295974929764,2.9723428072325877,0.13784130153707577,0.3145644260473497,0.12942161838190752,0.31079487474322015,0.4914526721714655,0.49145267217230537,0,2.216695117619199,0.7556476896105568
227,0.007879511781871545,0.9698482181147798,0.12917792725943117,-0.02605225878374324,-0.139031110411792,2.9738473806765584,0.1392904075732546,0.31109886370278494,0.12941801882645068,0.30670445423287135,0.4920939350679522,0.4920939350689135,0,2.2182887717914648,0.7555586088822293
228,1.870143444444564e-16,0.9696987575348349,0.12968750277236676,-0.03172959448537023,-0.13180783681642352,2.9778275624141735,0.14438115195582096,0.30056470255998136,0.12968750277236676,0.293789162087734,0.4942011988167674,0.494201198817769,0,2.2225055964603335,0.7553219659504435
229,-0.0024783873180898685,0.9696422529166004,0.12983649818523468,-0.03351631320738773,-0.12952564848096254,2.9788179902157075,0.14611943493251772,0.2974300020615502,0.12986015041075116,0.28977790309535323,0.4948798348359158,0.49487983483691833,0,2.2235551408590934,0.7552628493536271
230,-0.005776132472515112,0.9695600690218505,0.13002621260981206,-0.03589399062796521,-0.12648118436032668,2.97994082389594,0.1485272036307938,0.293400160043362,0.1301544454561276,0.2844822308347908,0.495792234426639,0.4957922344276542,0,2.224745108624792,0.7551957152681199
231,-0.0101660268707884,0.9694383377469704,0.1302634181035113,-0.03905893772554514,-0.12241440244185328,2.98108913543375,0.15189127875204222,0.28829750669063636,0.13065950481441366,0.2775122518000189,0.49702026950559874,0.49702026950659084,0,2.2259622054407693,0.7551269299898875
232,-0.015138145356844525,0.9692835893664227,0.1305105773395864,-0.0426422693386084,-0.11778842467843043,2.9819111545278805,0.15590530245898312,0.28289941451435485,0.1313855937397899,0.2697380696068872,0.4984241413543652,0.49842414135543667,0,2.2268335451521333,0.7550776093724965
233,-0.020113517355300276,0.9691109814497827,0.13073462422125298,-0.04622506177422852,-0.11313781125292433,2.982224683529244,0.16012047749843053,0.2779276492814742,0.13227280729868174,0.2621006541217953,0.4998358581956541,0.4998358581964253,0,2.227165903372767,0.7550587801532287
234,-0.02508941685042415,0.9689207964420143,0.13093499678750342,-0.049803820534141445,-0.10846453944208528,2.982029634200319,0.16451642940099306,0.2734106063163446,0.1333171115110055,0.25462065408596135,0.498752524274761,0.4987525242739146,0,2.2269591392083523,0.7550704949887899
235,-0.03006314769446884,0.9687133720664173,0.13111119526781165,-0.0533750345845148,-0.10377060873782104,2.981327830460605,0.16907312853334933,0.26937496652921594,0.13451371072813983,0.24732022829747669,0.497348895236319,0.4973488952352736,0,2.226215215069251,0.7551126153882208
236,-0.0350318447858707,0.9684891056065422,0.13126277545001372,-0.05693504815782174,-0.09905822931897865,2.9801229911694818,0.17377086940473194,0.2658452113279735,0.13585708066914312,0.24022339093264675,0.4959610180966665,0.49596101809576343,0,2.2249381792779346,0.7551848118882671
237,-0.03999248853987299,0.9682484507021869,0.1313893538237338,-0.060480088819917135,-0.09432981339402774,2.9784207676997743,0.17859038852292033,0.2628428823312136,0.13734104061725388,0.23335598603342253,0.4945964049502729,0.494596404949287,0,2.2231341976857677,0.7552865700109375
238,-0.04494193042429095,0.9679919126996095,0.13149061333779008,-0.06400630548612757,-0.08958795651681709,2.9762287774017695,0.18351296947018433,0.2603858576909595,0.13895883745271484,0.2267455982321157,0.4932621978592011,0.4932621978581624,0,2.22081157928783,0.7554171981108482
239,-0.04987693023739828,0.9677200425053527,0.1315663094391496,-0.06750981620815869,-0.08483540791276496,2.9735566231759307,0.1885205424274864,0.25848769570321056,0.14070324072083187,0.22042138664893648,0.4919650612223019,0.49196506122130845,0,2.2179807838580734,0.7555758393137424
240,-0.05479420454009668,0.9674334289992237,0.13161627576514132,-0.07098676438730515,-0.0800750297719469,2.970415886512001,0.19359578228586188,0.25715709856421526,0.14256664721269025,0.2144138299396203,0.4907110890413868,0.49071108904035965,0,2.2146543996235835,0.7557614868853642
241,-0.0596904842406074,0.9671326901446045,0.13164042880058072,-0.07443338092723088,-0.07530974676822942,2.9668200831634666,0.1987222063074605,0.2563975448824725,0.144541192757217,0.20875437297660468,0.4895057302478445,0.48950573024675004,0,2.2108470806582137,0.7559730025019946
242,-0.06456257815724085,0.9668184630306028,0.13163877084172446,-0.07784604897816781,-0.07054248821690019,2.9627845740363195,0.20388426951247443,0.25620712798099377,0.1466188681139978,0.2034749691297533,0.488353734336207,0.4883537343348696,0,2.2065754372416793,0.7562091367906709
243,-0.0694074386169829,0.9664913931694994,0.13161139073618805,-0.08122136747327578,-0.06577612613985628,2.9583264285135127,0.20906745396713006,0.2565786193811412,0.1487916352046842,0.1986075169442185,0.48725911843912373,0.4872591184382109,0,2.201857877217911,0.7564685512920426
244,-0.07422222489741374,0.9661521234375109,0.1315584620696355,-0.0845562096847124,-0.06101341293773685,2.953464242511794,0.21425834715823164,0.25749975578423906,0.15105153958450734,0.19418319660591943,0.4862251557761885,0.48622515577536163,0,2.196714401545144,0.7567498409632076
245,-0.0790043605937986,0.9658012830754567,0.1314802387087072,-0.08784777350460725,-0.05625692233074366,2.9482179182140933,0.21944470467440375,0.2589537268374049,0.15339081512181096,0.1902317202893452,0.4852543842298498,0.4852543842286352,0,2.1911663618826713,0.7570515563278408
246,-0.08375158170927613,0.9654394771534455,0.13137704784611118,-0.0910936209826946,-0.051508996766863595,2.9426084159526753,0.22461549331154018,0.26091982344411563,0.1558019773288033,0.18678052128442432,0.4843486327870141,0.48434863278598583,0,2.1852361915274234,0.7573722244220771
247,-0.08846197327146196,0.9650672768535391,0.13124928089362042,-0.09429170567506168,-0.04677170372173039,2.9366574907294267,0.22976091219225478,0.263374194944442,0.15827790259595093,0.18385391898545003,0.4835090628268026,0.4835090628257732,0,2.178947122889779,0.7577103678366242
248,-0.0931339933970265,0.9646852108454133,0.13109738270914068,-0.09744038741431904,-0.04204680237612941,2.930387426267711,0.23487239120610592,0.26629065931268164,0.16081189159780526,0.18147230874019193,0.4827362207820265,0.4827362207809869,0,2.17232290493169,0.7580645213329751
249,-0.09776648478930869,0.9642937579356856,0.13092183971569493,-0.1005384350572694,-0.03733572120707691,2.92382077849484,0.23994256773128114,0.2696415132537111,0.163397716209867,0.17965143465837657,0.4820300985870185,0.48203009858600954,0,2.1653875327952483,0.758433245695842
250,-0.1023586745407314,0.9638933410746919,0.1307231674766504,-0.10358501850587308,-0.032639546186620856,2.9169801383339027,0.24496524396424701,0.2733982971879582,0.1660296502702567,0.1784018068012217,0.4813901984805149,0.4813901984794202,0,2.158164999640861,0.7588151386898425
251,-0.10691016374925266,0.9634843227166047,0.1305018982450422,-0.10657969178351223,-0.027959018629907243,2.9098879210930835,0.24993532813133892,0.2775324814359655,0.16870248533572754,0.1777283192106532,0.4808155991135059,0.4808155991123737,0,2.1506790779373146,0.7592088431524595
252,-0.11142090883079912,0.9630670014573384,0.13025856892295712,-0.10952236918382183,-0.023294541301591986,2.9025661870088793,0.25484876335642315,0.28201605225020093,0.1714115331666397,0.17763011096192746,0.48030502042671097,0.48030502042573175,0,2.142953134608361,0.7596130523976119
253,-0.11589119653979994,0.9626416098235046,0.12999370976587635,-0.11241329652746007,-0.01864619117184418,2.895036494944264,0.25970244805021075,0.28682198789417956,0.17415261701772222,0.17810069004636497,0.47985688534024984,0.4798568853392726,0,2.1350099817487878,0.7600265131924226
254,-0.12032161464882839,0.9622083130546931,0.12970783406385009,-0.11525301941836402,-0.014013737175675587,2.887319789110482,0.26449415146205607,0.29192462456574575,0.1769220539368578,0.1791283129149432,0.47946937686133984,0.47946937686031266,0,2.1268717624746287,0.7604480266328877
255,-0.1247130200409581,0.9617672087089462,0.12940142893468135,-0.11804235014043603,-0.00939666142901475,2.879436317033051,0.26922242758906667,0.29729991905268666,0.17971663022122858,0.18069658591717,0.4791404897414189,0.4791404897404492,0,2.1185598697676125,0.7608764472625977
256,-0.12906650569459516,0.9613183269232762,0.12907494728360872,-0.1207823345334285,-0.0047941825417096295,2.871405575869135,0.2738865300768808,0.302925619574741,0.18253357200383533,0.18278523368547295,0.4788680762458275,0.4788680762448505,0,2.110094895086929,0.7613106807793306
257,-0.13338336773509646,0.9608616311740326,0.1287288009202876,-0.12347421987272054,-0.000205279901013062,2.863246283522644,0.2784863301474504,0.308781358612695,0.1853705126894,0.18537096734408567,0.47864988594837854,0.47864988594753166,0,2.1014966028709403,0.7617496806489901
258,-0.13766507342587356,0.9603970194018007,0.1283633547785352,-0.12611942448155614,0.004371281954354346,2.8549763707279068,0.2830222390133886,0.31484868213349715,0.18822545866952017,0.18842838351758046,0.4784835997236112,0.4784835997227188,0,2.0927839268101223,0.7621924439151142
259,-0.14191323069736284,0.9599243253892765,0.12797892215575618,-0.1287195095439989,0.008936929513330083,2.846612990281704,0.28749513572417235,0.3211110290048079,0.19109675445467939,0.19193083233189875,0.4783668582852014,0.47836685828452286,0,2.083974983823878,0.7626380064552016
260,-0.14612955957633456,0.959443320305874,0.12757576087409278,-0.13127615336968979,0.013493257456240125,2.838172539804725,0.2919063009540858,0.32755367301526317,0.1939830480855923,0.1958512061022252,0.4782972857313368,0.4782972857304315,0,2.075087101908232,0.763085437893551
261,-0.1503158656864292,0.9589537143579071,0.12715407026187356,-0.13379112818967479,0.018042007053825554,2.8296706947318246,0.2962573568928774,0.33416363815402195,0.19688325744263302,0.2001626167278493,0.4782725086151123,0.4782725086142001,0,2.0661368583798945,0.7635338363493482
262,-0.15447401584158343,0.9584551585071601,0.12671398885886964,-0.13626627943244188,0.022585045903973217,2.8211224486046063,0.30055021313234614,0.34092959592569605,0.1997965378647776,0.2048389458493806,0.4782901710766385,0.47829017107575655,0,2.057140125445086,0.7639823231570282
263,-0.1586059156443661,0.9579472462427501,0.1262555927595752,-0.13870350733601844,0.027124348992378693,2.8125421581228296,0.304787018247593,0.3478417516668784,0.20272225132051852,0.20985526539378382,0.47834794656361135,0.4783479465629208,0,2.048112120432585,0.7644300376866173
264,-0.16271348892524162,0.9574295154113849,0.12577889452356142,-0.14110475068913927,0.031661980975232214,2.803943590776087,0.30897011663862267,0.35489172519376405,0.20565993724056691,0.2151881361573896,0.4784435466408037,0.47844354664025834,0,2.039067458417385,0.7648761323563291
265,-0.16679865881204495,0.9569014501290839,0.12528384259880931,-0.14347197245654209,0.03620007951961236,2.795339973201312,0.31310201011578764,0.36207242970011005,0.20860928502303105,0.22081579840835122,0.47857472734894824,0.4785747273481409,0,2.0300202052906036,0.7653197679083643
266,-0.1708633301927748,0.9563624828136763,0.12477032122220391,-0.1458071470229506,0.04074083949275865,2.786744038694887,0.31718532366697655,0.3693779516492287,0.21157010814965602,0.22671827158997848,0.47873929353200273,0.47873929353118205,0,2.0209839296463508,0.7657601090462203
267,-0.17490937333133907,0.9558119963911313,0.1242381507792454,-0.14811224878658602,0.04528649776878847,2.778168072534202,0.3212227748330894,0.37680343346534323,0.21454231980709135,0.23287738084418633,0.47893510151342156,0.47893510151261554,0,2.0119717520609646,0.7661963204709301
268,-0.1789386084037972,0.9552493267409368,0.12368708862260067,-0.15038924183782618,0.04983931840958935,2.7696239539506697,0.32521714612564084,0.38434496009407054,0.21752590988069112,0.23927672704954273,0.47916006044924586,0.47916006044841297,0,2.0029963905509782,0.7666275633973849
269,-0.18295279074592807,0.9546737654551539,0.12311683036496593,-0.15264007047346734,0.05440157798105091,2.761123193737648,0.32917125994783347,0.39199944995454866,0.2205209231815411,0.24590161509868202,0.4794121326600309,0.4794121326592551,0,1.9940702011279605,0.7670529926074814
270,-0.18695359663496847,0.9540845629929254,0.12252701167572605,-0.15486665031708116,0.05897555078021815,2.7526769665902675,0.33308795551905607,0.39976455041176684,0.22352743877415587,0.25273895276399494,0.4796893332030241,0.47968933320233775,0,1.9852052124806212,0.7674717541073703
271,-0.19094260947145353,0.9534809323158739,0.1219172106220168,-0.15707085984249328,0.06356349377698249,2.744296137361937,0.3369700673538272,0.4076385376393433,0.2265455502931391,0.25977713009838405,0.47998972891911107,0.47998972891842207,0,1.9764131539024992,0.7678829834571692
272,-0.1949213062775627,0.9528620530897811,0.12128695060241598,-0.15925453212816434,0.06816763111273424,2.7359912805018687,0.3408204049053165,0.4156202205942908,0.2295753471681668,0.2670058871138537,0.48031143716274416,0.48031143716201274,0,1.9677054756583545,0.7682858048415091
273,-0.1988910444866473,0.9522270765331501,0.12063570392497693,-0.16141944670584682,0.07279013804941568,2.7277726920184664,0.3446417330514541,0.42370884877082127,0.23261689671746594,0.2744161755936767,0.48065262440368084,0.4806526244029863,0,1.959093361064388,0.7686793309521194
274,-0.2028530490631635,0.9515751309828406,0.11996289607949448,-0.1635673214069571,0.07743312432563644,2.719650393407796,0.34843675317726475,0.4319040234244602,0.23567022711832272,0.2820000193640102,0.4810115048679193,0.4810115048671486,0,1.9505877296534238,0.7690626637521902
275,-0.20680840006200615,0.9509053282300599,0.11926791074612053,-0.16569980415475974,0.08209861695198417,2.711634127106138,0.3522080846905616,0.440205612048843,0.23873531131768372,0.2897503761717097,0.4813863393680564,0.48138633936740227,0,1.9421992309238723,0.769434896180391
276,-0.21075802080676664,0.9502167706560305,0.11855009556817614,-0.16781846469823314,0.08678854256199126,2.703733343186799,0.35595824689681965,0.44861366602942593,0.2418120520023954,0.2976610034480966,0.4817754344579641,0.48177543445734794,0,1.9339382283426572,0.7697951148418745
277,-0.21470266693691975,0.9495085591651352,0.11780876869547495,-0.16992478633464117,0.09150470952880208,2.6959571772262363,0.3596896412533735,0.45712834158317933,0.2449002678058352,0.30572632964000873,0.4821771420244121,0.48217714202368356,0,1.9258147735005688,0.7701424037237037
278,-0.21864291663789698,0.9487798018744695,0.11704322607589697,-0.17202015771989193,0.09624879015427973,2.688314419525448,0.36340453411879614,0.46574982430340695,0.24799968097999622,0.31394133240274164,0.48258985941029797,0.4825898594096558,0,1.9178385706007757,0.7704758489229375
279,-0.22257916241974862,0.9480296234737482,0.11625274943801932,-0.17410586491605312,0.10102230333101728,2.680813476187613,0.36710504020580287,0.47447825784663217,0.25110990680452205,0.32230142472004364,0.48301203013734106,0.4830120301367855,0,1.9100189318141028,0.7707945443718256
280,-0.2265116048447307,0.9472571751198555,0.11543661486748655,-0.17618308387163253,0.10582659816266124,2.6734623229157717,0.3707931070314999,0.4833136775077974,0.25423044503245446,0.3308023498950729,0.48344214526971907,0.4834421452691058,0,1.902364724436676,0.7710975984774553
281,-0.2304402486141248,0.946461644679146,0.11459410183677615,-0.17825287356789493,0.11066283909417404,2.6662684527912295,0.37447050072943905,0.4922559496069144,0.2573606736801819,0.33944008629303873,0.4838787454233935,0.48387874542274867,0,1.8948843112292362,0.7713841415602745
282,-0.23436490140402494,0.9456422670816864,0.11372450250534455,-0.18031617008956802,0.1155319931416046,2.659238819702284,0.3781387936368011,0.5013047177319163,0.2604998454514061,0.34821076266719425,0.48432042339350745,0.4843204233929528,0,1.8875854857759924,0.7716533339247165
283,-0.23828517578503622,0.9447983345094645,0.11282713106849637,-0.182373781886901,0.12043481981250394,2.652379779482092,0.38179935409059407,0.5104593569285966,0.2636470870388165,0.3571105848292782,0.48476582732909557,0.48476582732855,0,1.8804754051376158,0.7719043743429286
284,-0.2422004944711731,0.9439292061099076,0.11190133290267013,-0.18442638648557608,0.12537186426749644,2.6456970311441497,0.38545333885416305,0.519718936883685,0.26680140147209674,0.3661357743065811,0.4852136643457623,0.4852136643451994,0,1.8735605224484349,0.7721365086942027
285,-0.24611009901933087,0.9430343169116964,0.11094649323677998,-0.18647452886861118,0.13034345418527843,2.6391955608388606,0.38910168854495614,0.5290821949977284,0.2699616735776464,0.37528251943917795,0.4856627044319475,0.4856627044313968,0,1.8668465223744115,0.7723490384629952
286,-0.25001306195044204,0.9421131856255003,0.10996204507675712,-0.1885186217012294,0.1353497006606993,2.6328795912523044,0.39274512634773623,0.5385475199937992,0.2731266784905831,0.3845469391102146,0.48611178446872993,0.4861117844682177,0,1.8603382624672253,0.7725413287834115
287,-0.25390830209720944,0.9411654210393805,0.10894747612594789,-0.19055894749815924,0.1403905032949651,2.626752539102376,0.39638416017866523,0.548112946367864,0.27629509302211963,0.39392505897661456,0.4865598121650945,0.48655981216457156,0,1.854039723385727,0.7727128157152752
288,-0.2577946028143316,0.9401907267678401,0.10790233447785921,-0.19259566274746012,0.14546555943985462,2.6208169831419434,0.40001908832230615,0.5577761595792523,0.27946550954629584,0.4034127996959719,0.4870057696976309,0.4870057696971146,0,1.8479539706876447,0.7728630124529314
289,-0.26167063253163286,0.9391889041814828,0.10682623290839181,-0.19462880391312698,0.1505743773509447,2.615074644656611,0.4036500084081701,0.567534511440398,0.2826364519429559,0.41300597625866564,0.4874487168484869,0.4874487168479966,0,1.8420831304401037,0.7729915142151766
290,-0.26553496700348383,0.9381598534264786,0.10571885165836806,-0.19665829514823938,0.15571629280684748,2.609526381870596,0.4072768294395202,0.5773850447334532,0.28580639303120087,0.4227003071675105,0.4878877934537469,0.4878877934532935,0,1.8364283802561854,0.7730980016131141
291,-0.2693861125223159,0.9371035725324602,0.10457993966877484,-0.1986839574696803,0.16089048858072816,2.604172198988965,0.41089928644896967,0.5873245256986217,0.28897377286011694,0.43249143189659045,0.4883222210054945,0.4883222210049871,0,1.8309899566137209,0.7731822423736321
292,-0.2732225293276789,0.9360201546965182,0.10340931430438836,-0.20070551908155182,0.16609601602224655,2.5990112698674124,0.41451695724538773,0.5973494827402204,0.2921370171976125,0.44237493483575446,0.48875130329509364,0.4887513032946633,0,1.8257671784913234,0.7732440913748251
293,-0.2770426544594341,0.9349097839117633,0.10220685966968485,-0.2027226264932455,0.1713318179351398,2.5940419755709403,0.41812928064499827,0.6074562495113884,0.29529455557708484,0.45234637381245496,0.4891744260346369,0.4891744260342028,0,1.8207584865434125,0.7732834890263742
294,-0.2808449233677608,0.9337727291755408,0.10097252367942867,-0.20473485606090808,0.1765967519180172,2.5892619544282516,0.42173557554846774,0.6176410104717666,0.29844483831964025,0.4624013112779638,0.4895910554467542,0.4895910554462195,0,1.8159614963107247,0.7733004581161422
295,-0.2846277897001711,0.9326093375590343,0.09970631408946365,-0.20674172558989146,0.18188961337784101,2.584668162652472,0.42533506023925594,0.6278998470753654,0.3015863520435094,0.4725353463581773,0.4900007358646665,0.4900007358642624,0,1.8113730633528635,0.7732950992984879
296,-0.28838974281895946,0.9314200264459056,0.09840829372027284,-0.2087427056652181,0.1872091575116856,2.580256943225758,0.42892687132721774,0.6382287829098979,0.30471763328714846,0.4827441461696139,0.49040308643009434,0.4904030864296893,0,1.8069893577734286,0.7732675854511286
297,-0.2921293227513748,0.9302052752519485,0.09707857511544717,-0.21073723042418588,0.19255411967535394,2.5760241005444082,0.43251008184057893,0.648623826359077,0.30783727999971416,0.49302347507333905,0.4907977970108326,0.49079779701044,0,1.8028059453794505,0.7732181551638992
298,-0.29584513242411203,0.9289656169230169,0.09571731487105585,-0.21272470754357894,0.1979232337012104,2.5719649782923066,0.436083718067989,0.6590810096626851,0.3109439607793746,0.5033692208509654,0.4911846234871762,0.49118462348698966,0,1.7988178726662454,0.7731471056250114
299,-0.2995358471708284,0.9277016294789536,0.09432470785319778,-0.21470452727671727,0.20331524787645772,2.56807453813521,0.4396467748590146,0.6695964235720694,0.31403642185570924,0.5137774171060502,0.49156338256942256,0.4915633825690444,0,1.795019752963226,0.7730547851710128
300,-0.30320022161938326,0.9264139278309514,0.09290098149253129,-0.2166760704384045,0.20872893843721,2.564347437072634,0.44319822919846685,0.6801662471184253,0.3171134919115217,0.5242442615010504,0.49193394630857323,0.49193394630822507,0,1.7914058513276072,0.7729415857441246
301,-0.3068370941569559,0.925103156053784,0.09144639031090179,-0.2186387152931049,0.21416312056027587,2.5607781016133995,0.4467370519677504,0.6907867722994894,0.32017408491565713,0.5347661297090568,0.49229623645928466,0.4922962364589658,0,1.7879701661404925,0.7728079354719939
302,-0.3104453892362021,0.9237699802470501,0.08996121079908692,-0.22059184335115659,0.2196166569402183,2.557360797316694,0.45026221789146936,0.701454423737505,0.3232172011921005,0.5453395851841383,0.49265021883598115,0.49265021883562676,0,1.7847065057698377,0.7726542915458814
303,-0.3140241178235544,0.9224150820740347,0.08844573672954503,-0.2225348441172538,0.22508846411889466,2.554089692627312,0.45377271373525263,0.7121657735549294,0.32624192698133325,0.5559613850242365,0.4929958977854427,0.4929958977851112,0,1.7816085590895923,0.7724811335368134
304,-0.31757237630575214,0.9210391530262062,0.08690027495584315,-0.22446711886464113,0.23057751678965854,2.550958916305796,0.4572675448715251,0.7229175518555472,0.3292474327612645,0.5666284823192235,0.49333331087764076,0.49333331087732835,0,1.7786699590578603,0.772288957247111
305,-0.32108934416651863,0.9196428894267005,0.08532514172254631,-0.2263880835278358,0.23608285033033652,2.5479626080892768,0.4607457403638769,0.7337066532893692,0.33223297059030377,0.5773380254474864,0.49366252389089005,0.49366252389076726,0,1.7758843389259877,0.7720782691625205
306,-0.32457428072670425,0.9182269881583779,0.08372065948658727,-0.22829717081740541,0.24160356183124063,2.545094962504867,0.4642063567398157,0.7445301402260611,0.33519787071836615,0.5880873548141077,0.4939836261484416,0.4939836261481516,0,1.7732453809696178,0.7718495815345023
307,-0.32802652121310333,0.9167921430812516,0.08208715423344243,-0.23019383166384874,0.24713880988146716,2.5423502659889965,0.46764848062870584,0.7553852430726843,0.33814153768698024,0.5988739975218379,0.49429672624120635,0.4942967262412279,0,1.7707468578893897,0.7716034080988334
308,-0.3314454723873993,0.9153390420892934,0.08042495325885217,-0.23207753609577625,0.25268781336201807,2.53972292764242,0.47107123043939714,0.7662693582549568,0.34106344611053646,0.6096956604400791,0.49460194815475056,0.49460194815447944,0,1.7683826672271195,0.7713402604146082
309,-0.3348306079305088,0.9138683647478468,0.07873438337806517,-0.23394777365133687,0.25824984947232127,2.5372075040738236,0.4744737572421127,0.77718004434521,0.3439631362995724,0.620550222095601,0.494899427803839,0.4948994278035388,0,1.7661468592820353,0.7710606447910264
310,-0.3381814637423891,0.9123807804480549,0.0770157695202823,-0.23580405341372007,0.263824251190236,2.5347987188659724,0.4778552450062845,0.7881150167731047,0.34684020985714165,0.6314357237582113,0.49518930996631605,0.4951893099660749,0,1.76403365910283,0.7707650597624713
311,-0.34149763328374827,0.9108769470139813,0.07526943366371996,-0.23764590375135347,0.2694104043376891,2.5324914772378357,0.48121491032915664,0.799072141501029,0.3496943253506676,0.6423503600403749,0.49547174559944485,0.49547174559919505,0,1.762037483177062,0.770453994059608
312,-0.3447787630558407,0.9093575096997811,0.07349569406700654,-0.23947287183272153,0.2750077443959654,2.5302808764858176,0.48455200177224295,0.8100494279899103,0.35252519413611644,0.6532924692751969,0.49574688951555634,0.49574688951533563,0,1.760152951457569,0.7701279250276185
313,-0.34802454828887336,0.9078231005177582,0.07169486475481578,-0.24128452297585948,0.280615753188705,2.5281622127768593,0.48786579890663856,0.8210450217284627,0.3553325763899022,0.6642605238868937,0.49601489839036494,0.49601489838992174,0,1.758374895339134,0.769787317436605
314,-0.35123472888686086,0.9062743378430571,0.06986725521824938,-0.243080439882208,0.2862339555263462,2.5261309848352727,0.4911556111507778,0.8320571965472694,0.3581162773848162,0.6752531209205472,0.49627592907310936,0.4962759290728702,0,1.7566983622001506,0.7694326226338641
315,-0.3544090856591396,0.9047118262458632,0.06801317029408731,-0.24486022179602698,0.2918619158852414,2.5241828950257625,0.49442077647010485,0.843084346895261,0.3608761440317161,0.686268972858281,0.4965301371732016,0.49653013717296757,0,1.7551186170355135,0.7690642779888464
316,-0.35754743685365764,0.9031361565080378,0.06613291019106071,-0.2466234836221076,0.2974992351756196,2.52231384828943,0.49766065999414266,0.854124980214655,0.3636120616961973,0.6973068988122932,0.49677767588671107,0.49677767588625077,0,1.7536311417023467,0.7686827065859223
317,-0.3606496349966085,0.9015479057860565,0.06422677063471106,-0.24836985502813308,0.3031455476387177,2.520519949339408,0.5008746525956347,0.8651777095190555,0.3663239512908632,0.7083658161585759,0.4970186950401212,0.4970186950399338,0,1.7522316322139306,0.7682883171241857
318,-0.3637155640337139,0.8999476378880896,0.06229504310668536,-0.25009897955162247,0.30880051789939333,2.5187974984748536,0.5040621694657972,0.8762412462482018,0.3690117666362774,0.7194447326485194,0.49725334032445456,0.49725334032417345,0,1.7509159944865718,0.7678815039875739
319,-0.36674513676295145,0.8983359036373814,0.0603380151573881,-0.2518105137268247,0.31446383819167745,2.5171429863235155,0.5072226487120358,0.8873143934517413,0.37167549207932604,0.7305427390189513,0.4974817526892936,0.4974817526890454,0,1.7496803388721545,0.7674626474507134
320,-0.36973829254387375,0.8967132412988941,0.058355970774325756,-0.25350412624264385,0.32013522576612513,2.5155530877793675,0.5103555499973015,0.8983960393342981,0.3743151403540513,0.7416590021050911,0.4977040678815481,0.4977040678814382,0,1.7485209737810083,0.767032113997834
321,-0.3726949952661354,0.895080177049934,0.056349190791287494,-0.25517949713942883,0.3258144204819438,2.5140246553604033,0.5134603532348042,0.9094851511796715,0.3769307506681534,0.7527927584502476,0.49792041610389104,0.4979204161037103,0,1.7474343986356664,0.7665902567242147
322,-0.37561523155819987,0.8934372254789862,0.05431795332602931,-0.25683631704980603,0.33150118258220784,2.5125547121753176,0.5165365573473101,0.9205807696602576,0.3795223869971952,0.7639433083976782,0.49813092177503027,0.49813092177481844,0,1.7464172963711968,0.7661374158035885
323,-0.37849900921660806,0.8917848901000265,0.05226253423638336,-0.25847428648661774,0.3371952906470651,2.511140444655334,0.5195836790967575,0.9316820035290155,0.38209013656827506,0.7751100106442487,0.4983357033789695,0.4983357033788034,0,1.7454665256528343,0.7656739190020019
324,-0.3813463558362329,0.8901236638719809,0.050183207586497865,-0.2600931151794395,0.34289653971763234,2.5097791951782695,0.5226012519871126,0.9427880246849252,0.3846341085151501,0.7862922772318668,0.49853487338464575,0.4985348733844557,0,1.7445791129536763,0.765200082224107
325,-0.38415731762244526,0.8884540297153584,0.04808024611665856,-0.26169252145991406,0.34860473958154253,2.5084684546883063,0.5255888252414407,0.953898063598169,0.3871544326874106,0.7974895689501508,0.49872853822715557,0.49872853822696817,0,1.7437522446077036,0.7647162100801175
326,-0.38693195836690747,0.8867764610196808,0.0459539217113383,-0.2632722316951654,0.3543197132102953,2.5072058553926557,0.5285459628523426,0.9650114050780879,0.38965125859709737,0.8087013911227847,0.49891679833814684,0.49891679833796143,0,1.7429832589295082,0.764222596462683
327,-0.3896703585698937,0.885091422137063,0.043804505861433085,-0.2648319797680014,0.36004129533803764,2.5059891635995006,0.531472242704139,0.9761273843652007,0.3921247544873364,0.8199272897497958,0.49909974821696856,0.49909974821679715,0,1.7422696384729783,0.763719525126064
328,-0.3923726146930376,0.8833993688583016,0.0416322701173724,-0.26637150660202796,0.36576933117134386,2.504816272745462,0.5343672557639644,0.9872453835272219,0.39457510650847805,0.8311668479783269,0.4992774765342598,0.49927747653408305,0,1.7416090024839512,0.7632072702610448
329,-0.3950388385278145,0.881700748869041,0.03943748653076681,-0.2678905597296196,0.3715036752196645,2.503685196649224,0.537230605338806,0.9983648281389362,0.3970025179885754,0.8424196828754965,0.49945006626163857,0.49945006626145894,0,1.7409990995882885,0.7626860970604372
330,-0.39766915666617575,0.8799960021842862,0.03722042808274449,-0.2693888929004197,0.37724419023651,2.5025940630170247,0.5400619063949611,1.0094851842257317,0.39940720878603353,0.8536854424780609,0.4996175948216379,0.4996175948217605,0,1.7404378007453243,0.7621562622709535
331,-0.4002637100609395,0.8782855615601649,0.034981369097579096,-0.27086626572797406,0.3829907462619163,2.501541107216911,0.5428607849361086,1.0206059554510454,0.40178941471334073,0.8649638030950397,0.4997801342531729,0.49978013425302015,0,1.7399230924864553,0.761618014730016
332,-0.40282265366488557,0.8765698528825253,0.032720585640907886,-0.272322443372194,0.388743219757155,2.5005246663330536,0.5456268774367103,1.0317266805290553,0.4041493870220569,0.8762544668410271,0.4999377513886434,0.49993775138848484,0,1.7394530704524858,0.761071595880149
333,-0.4053461561382717,0.8748492955320832,0.0304383559016861,-0.2737571962552072,0.3945014928234714,2.4995431735038887,0.5483598303266655,1.0428469308444344,0.4064873919398606,0.8875571593794761,0.49990949196109824,0.4999094919612681,0,1.7390259332351383,0.7605172402683258
334,-0.4078343996158252,0.8731243027264757,0.028134960557787324,-0.27517029980840546,0.40026545249698264,2.4985951525456054,0.551059299524128,1.053966308262453,0.4088037102517403,0.8988716278568091,0.49976153881593866,0.49976153881609187,0,1.7386399765250888,0.7599551760201115
335,-0.4102875795248991,0.8713952818394755,0.025810683124884,-0.2765615342484772,0.40603499011269956,2.49767921285712,0.5537249500128228,1.0650844431134487,0.41109863691792214,0.9101976390097677,0.49961833683266343,0.4996183368330147,0,1.7382935875631054,0.759385625293135
336,-0.4127059044475125,0.869662634698057,0.02346581028871476,-0.27793068438042096,0.4118100007310629,2.496794044601431,0.5563564554609072,1.0762009923370417,0.4133724807221028,0.9215349774298938,0.49947983811093566,0.49947983811108565,0,1.7379852398926516,0.7588088047083867
337,-0.41508959601969087,0.8679267578579796,0.0211006322207695,-0.27927753942560735,0.4175903826210736,2.4959384141555137,0.5589534978783569,1.08731563777249,0.4156255639441664,0.9328834439705005,0.4993459989965081,0.499345998996638,0,1.7377134883960397,0.7582249257590994
338,-0.4174388888621537,0.8661880428586581,0.018715442877536157,-0.28060189287312104,0.42337603679453056,2.4951111598195075,0.5615157673101095,1.098428084582508,0.4178582220521355,0.9442428542826463,0.4992167798899294,0.49921677989009927,0,1.7374769646216435,0.7576341951974346
339,-0.41975403053716487,0.864446876458209,0.016310540283577226,-0.2819035423527695,0.4291668665864602,2.494311187775525,0.5640429615626354,1.1095380597992108,0.42007080340882696,0.9556130374680906,0.49909214505449095,0.4990921450545247,0,1.7372743723750752,0.7570368154000844
340,-0.42203528152667147,0.8627036408494287,0.013886226798511902,-0.28318228952821334,0.4349627772773132,2.49353746828458,0.5665347859613825,1.1206453109814318,0.42226366898893464,0.9669938348381858,0.4989720624289309,0.49897206242907544,0,1.7371044835727234,0.7564329847114744
341,-0.4242829152276188,0.8609587138576671,0.011442809368313019,-0.28443794000890005,0.4407636757527997,2.4927890321111184,0.5689909531373191,1.1317496049738769,0.4244371921030087,0.9783850987687064,0.4988565034431123,0.49885650344300525,0,1.7369661343428875,0.7558228977676129
342,-0.4264972179605102,0.8592124691213454,0.008980599760970247,-0.28567030327951526,0.4465694701978412,2.4920649671632935,0.5714111828404803,1.1428507267592811,0.4265917581249334,0.9897866916417531,0.49874544283842037,0.49874544283854205,0,1.7368582213627282,0.7552067457995066
343,-0.4286784889878051,0.8574652762559751,0.006499914786845999,-0.28687919264582346,0.45238006982124157,2.4913644153378622,0.5737952017789629,1.1539484783954592,0.42872776422002806,1.0011984848664481,0.4986388584920509,0.49863885849218725,0,1.736779698419113,0.754584716918393
344,-0.4308270405391418,0.855717501002462,0.0040010765038779265,-0.2880644251959574,0.45819538460827974,2.4906865695585236,0.5761427434819871,1.1650426780302374,0.43084561907126917,1.0126203579713904,0.49853673124656894,0.4985367312466298,0,1.7367295731813654,0.7539569963767818
345,-0.43294319784032836,0.8539695053603765,0.0014844124076889152,-0.289225821776069,0.46401532509843774,2.490030670996375,0.5784535481853459,1.1761331589871704,0.432945742601086,1.0240521977619699,0.4984390447438185,0.4984390447439502,0,1.7367069041743903,0.7533237668211428
346,-0.4350272991438964,0.8522216477069744,-0.001049744393050095,-0.2903632069797611,0.4698398021859931,2.4893960064625107,0.580727362738686,1.1872197689166193,0.4350285656870406,1.035493897536964,0.4983457852638963,0.4983457852640205,0,1.7367107979403498,0.7526852085218381
347,-0.4370796957585546,0.8504742829025338,-0.003601055016160039,-0.2914764091503414,0.4756687269413101,2.4887819059617495,0.5829639405330216,1.1983023690062193,0.4370945298692493,1.0469453563588496,0.49825694156892786,0.49825694156905787,0,1.7367404063787522,0.7520414995826734
348,-0.4391007520756625,0.8487277623826271,-0.006169174660178485,-0.2925652603953963,0.4815020104509797,2.488187740398256,0.5851630414480608,1.2093808332462408,0.43914408704820357,1.058406478373321,0.49817250475193453,0.49817250475182084,0,1.7367949242532195,0.7513928161443151
349,-0.4410908455906233,0.8469824342379257,-0.00875375247330082,-0.2936295966130241,0.4873395636750296,2.4876129194232304,0.5873244318183319,1.2204550477450276,0.4411776991714505,1.0698771721734952,0.49809246808908303,0.49809246808920116,0,1.7368735868579352,0.7507393325640588
350,-0.44305036691747374,0.8452386432819398,-0.011354431437101216,-0.294669257529237,0.4931812973198263,2.4870568894160114,0.5894478844176471,1.2315249100908492,0.4431958379079929,1.0813573502053309,0.49801682689998095,0.49801682689993787,0,1.7369756678261408,0.7500812215893231
351,-0.44497971979501477,0.843496731107268,-0.013970848264960867,-0.295684086746107,0.4990271217251616,2.486519131590059,0.5915331784613735,1.2425903287562339,0.4451989843093675,1.0928469282105122,0.4979455784081188,0.49794557840826204,0,1.7371004770849618,0.749418654504741
352,-0.44687932108279593,0.8417570361306673,-0.01660263331551145,-0.2966739318000958,0.5048769467644706,2.4859991602154476,0.5935800996258019,1.2536512225415444,0.4471876284563672,1.1043458247039923,0.4978787216091176,0.4978787216090579,0,1.7372473589343846,0.7487518012806651
353,-0.4487496007457571,0.840019893627382,-0.019249410520952973,-0.29763864423042663,0.5107306817570136,2.485496520950898,0.5955884400847353,1.2647075200550646,0.4491622690908939,1.1158539604834796,0.4978162571410649,0.4978162571411804,0,1.7374156902505298,0.7480808306999307
354,-0.4505910018259547,0.8382856357550147,-0.021910797330661234,-0.29857807965696703,0.5165882353911961,2.485010789277675,0.5975579985625604,1.275759159226702,0.45112341323210303,1.1273712581684854,0.49775818716185216,0.49775818716196185,0,1.7376048788026845,0.7474059104747062
355,-0.4524039804002192,0.836554591567263,-0.024586404670062036,-0.29949209786742376,0.5224495156580349,2.484541569028922,0.5994885804038227,1.2868060868528923,0.4530715757764571,1.1388976417666616,0.497704515226824,0.4977045152269671,0,1.7378143616772956,0.7467272073512214
356,-0.4541890055222527,0.8348270870178102,-0.02727583691540229,-0.30038056291324927,0.528314429794215,2.4840884910074092,0.6013799976583998,1.2978482581703836,0.45500727908103683,1.150433036265787,0.49765524617350265,0.49765524617342494,0,1.7380436038021647,0.7460448872047696
357,-0.45594655914905097,0.8331034449544983,-0.0299786918836002,-0.3012433432150403,0.5341828842339268,2.483651211688041,0.6032320691843314,1.3088856364579806,0.45693105253080674,1.1619773672497475,0.4976103860071699,0.49761038600753793,0,1.7382920965645017,0.7453591151226251
358,-0.45767713604878285,0.8313839851041482,-0.032694560839223945,-0.30208031167533633,0.5400547845690895,2.4832294119955787,0.6050446207642913,1.3199181926624541,0.4588434320879899,1.1735305605368715,0.49756994179504765,0.4975699417951479,0,1.7385593565183664,0.7446700554769436
359,-0.4593812436908905,0.8296690240480733,-0.0354230285171463,-0.3028913458003686,0.5459300355173288,2.4828227961563143,0.6068174852393586,1.3309459050490533,0.4607449598251899,1.1850925418396452,0.49753392155611165,0.49753392155633325,0,1.7388449241677748,0.7439778719875789
360,-0.46105940211657037,0.8279588751885483,-0.03816367316204678,-0.30367632782957893,0.5518085408973046,2.482431090616786,0.6085505026580074,1.3419687588740972,0.46263618344149093,1.1966632364445693,0.49750233416227796,0.49750233416229794,0,1.739148362839367,0.7432827277771543
361,-0.4627121437886771,0.8262538487063117,-0.040916066585157715,-0.304435144872651,0.5576902036111708,2.4820540430249327,0.6102435204401534,1.3529867460784695,0.46451765576166687,1.208242568911398,0.49747518923791434,0.4974751892380198,0,1.7394692576124335,0.7425847854122374
362,-0.46434001342068526,0.824554251509332,-0.043679774238054365,-0.30516768905420893,0.5635749256335885,2.4816914212704995,0.6118963935570282,1.363999865001116,0.4663899342192213,1.2198304627908143,0.49745249706421957,0.4974524970640748,0,1.7398072143284478,0.7418842069414351
363,-0.46594356778337914,0.8228603871728931,-0.046454355304391515,-0.305873857665384,0.5694626080072893,2.4813430125793854,0.613508984725592,1.37500812011108,0.46825358032315256,1.231426840360046,0.497434268486431,0.4974342684865327,0,1.740161858656841,0.7411811539221156
364,-0.46752337548899686,0.8211725558711831,-0.049239362809422926,-0.30655355332242273,0.5753531508447636,2.481008622659444,0.6150811646182633,1.3860115217575173,0.47010915910935364,1.2430316223758382,0.49742051482400274,0.49742051482410443,0,1.7405328352225515,0.7404757874366383
365,-0.46908001675172534,0.8194910543005264,-0.052034343748047725,-0.3072066841315592,0.5812464533359997,2.4806880748931865,0.6166128120867963,1.397010085936359,0.4719572385768534,1.2546447278443473,0.4974112477837216,0.4974112477838213,0,1.7409198067883054,0.7397682681044524
366,-0.4706140831242971,0.8178161755943397,-0.054838839231322434,-0.30783316386019055,0.587142413762057,2.480381209575057,0.6181038144007894,1.4080038340732146,0.4737983891099269,1.2662660738076756,0.49740647937565186,0.49740647937574123,0,1.7413224534899816,0.7390587560848298
367,-0.47212617720975847,0.8161482092300562,-0.05765238465206221,-0.3084329121135869,0.5930409295143548,2.4800878831894244,0.6195540674996878,1.418992792821342,0.4756331828865282,1.2778955751467227,0.49740622183189076,0.4974062218318108,0,1.7417404721178162,0.7383474110711694
368,-0.47361691234817677,0.8144874409281135,-0.06047450986960527,-0.30900585451695123,0.5989418971195702,2.479807967727054,0.6209634762583415,1.4299769938742448,0.47746219327417905,1.2895331444002311,0.49741048752808115,0.49741048752817285,0,1.7421735754467913,0.737634392280009
369,-0.47508691227767447,0.8128341525432063,-0.06330473941405422,-0.30955192290221417,0.6048452122700216,2.479541350037048,0.6223319547652891,1.4409564737920408,0.47928599421411855,1.3011786915998462,0.49741928890762166,0.49741928890770093,0,1.7426214916070446,0.7369198584297447
370,-0.4765368107694089,0.8111886219480281,-0.06614259271031266,-0.3100710554989849,0.6107507698595228,2.4792879312117893,0.6236594266130592,1.4519312738409473,0.4811051595947831,1.312832124121172,0.49743263840857166,0.4974326384086226,0,1.743083963495083,0.7362039677163044
371,-0.4779672512364723,0.8095511229096958,-0.06898758432181011,-0.31056319712937913,0.6166584640245402,2.479047626003086,0.6249458252003307,1.4629014398455138,0.48292026261600157,1.324493346550791,0.49745054839335845,0.49745054839342706,0,1.7435607482230269,0.7354868777797201
372,-0.47937888631230097,0.8079219249597024,-0.07183922421737196,-0.31102829940137816,0.6225681881907975,2.4788203622590275,0.6261910940360615,1.473867022047978,0.4847318751414805,1.3361622605681727,0.4974730310809321,0.49747303108102037,0,1.744051616599913,0.7347687456588836
373,-0.48077237728250355,0.8063012932766376,-0.07469701814999562,-0.31146632076709146,0.6284798351280159,2.478606080151802,0.6273951867914925,1.4848280748345708,0.48654056694007614,1.347838764811395,0.4975000984844964,0.4975000984845862,0,1.744556352594541,0.7340497275567719
374,-0.4821483943570058,0.8046894884218815,-0.07756046739178327,-0.31187722757544883,0.634393296988586,2.4784047331343397,0.6285580692525543,1.4957846575157472,0.4883469056757406,1.3595227549912632,0.49753176233398644,0.4975317623340736,0,1.7450747532087685,0.7333299799251343
375,-0.48350761452889435,0.803086766455825,-0.08042907031747333,-0.3122609923928154,0.6403084654104596,2.4782162842282043,0.6296797160720635,1.5067368322454273,0.49015145481734007,1.371214123382823,0.4975680340493732,0.4975680340497791,0,1.7456066273331383,0.7326096568940599
376,-0.4848507228442828,0.80149337849216,-0.08330232137285778,-0.31261759626012997,0.6462252315374977,2.4780407090913763,0.6307601150293439,1.5176846660808658,0.49195477453596326,1.3829127592481258,0.49760892464889483,0.4976089246489641,0,1.7461517961379422,0.7318889129531037
377,-0.486178410866292,0.7999095706955955,-0.08617971219694454,-0.3129470277650291,0.6521434861200959,2.4778779936383826,0.6317992652275656,1.5286282297176825,0.4937574201840629,1.394618548543677,0.49765444471235964,0.4976544447124134,0,1.7467100922661087,0.7311679013720582
378,-0.48749137632856626,0.798335584079639,-0.08906073182772473,-0.31324928350524384,0.6580631195830808,2.4777281340714916,0.6327971779486422,1.5395675976831638,0.49555994183187335,1.4063313739548844,0.49770460432767427,0.49770460432773156,0,1.7472813595900119,0.7304467744812659
379,-0.48879032253004634,0.7967716543369081,-0.09194486710882951,-0.3135243682810473,0.6639840221083302,2.4775911364680803,0.633753876999314,1.5505028482628027,0.49736288360379993,1.4180511148922181,0.4977594130413675,0.4977594130414045,0,1.7478654528825355,0.7297256835853334
380,-0.49007595771010487,0.7952180116650444,-0.09483160311057662,-0.3137722952898982,0.6699060837208903,2.4774670163942076,0.6346693990688023,1.561434063438041,0.49916678302346845,1.4297776475028556,0.49781887981345896,0.4978188798135399,0,1.7484622375127805,0.7290047788812088
381,-0.4913489943995006,0.7936748805895334,-0.09772042356949674,-0.3139930863158331,0.6758291943795524,2.4773557985325034,0.6355437940842864,1.5723613288296876,0.5009721703647841,1.4415108446982328,0.49788301297444304,0.4978830129745284,0,1.7490715891611077,0.7282842093711843
382,-0.4926101487505692,0.7921424797835084,-0.1006108113440004,-0.3141867719157005,0.6817532440716482,2.4772575163281414,0.6363771255681785,1.5832847336493459,0.5027795680130169,1.453250576198049,0.4979518201863594,0.49795182018646145,0,1.7496933935531236,0.7275641227747651
383,-0.4938601398437406,0.7906210218860048,-0.10350224888815703,-0.3143533915962834,0.6876781229119159,2.477172211644531,0.6371694709864365,1.5942043706532656,0.5045894898344445,1.4649967085893898,0.49802530840617854,0.4980253084062608,0,1.7503275462101207,0.7268446654340877
384,-0.49509968897461726,0.7891107133187426,-0.10639421874063781,-0.31449299398498726,0.6936037212451555,2.477099934433738,0.6379209220929214,1.6051203361015924,0.5064024405590809,1.4767491054016038,0.49810348385243286,0.4981034838522236,0,1.7509739522152707,0.726125982217751
385,-0.4963295189218174,0.7876117541023677,-0.10928620402866335,-0.3146056369916779,0.6995299297524196,2.4770407424188785,0.6386315852654327,1.616032729720914,0.508218915177463,1.4885076271963082,0.4981863519753702,0.4981863519753046,0,1.7516325259956136,0.7254082164228923
386,-0.4975503531966943,0.7861243376730352,-0.11217768898609412,-0.31469138796007406,0.7054566395604246,2.4769947007871562,0.6393015818305954,1.6269416546688222,0.5100393983531234,1.5002721316720125,0.49827391743011573,0.49827391743016447,0,1.7523031911171747,0.7246915096697857
387,-0.4987629152770102,0.7846486506999221,-0.11506815948418428,-0.31475032380832824,0.7113837423538859,2.476961881894084,0.6399310483768998,1.6378472175003924,0.5118643638530619,1.5120424737830935,0.49836618405324584,0.4983661840533137,0,1.7529858800932772,0.723976001799798
388,-0.49996792782595356,0.7831848729046523,-0.1179571035739584,-0.31478253115722865,0.7173111304903986,2.476942364977741,0.6405201370530489,1.6487495281353093,0.5136942739978084,1.5238185058725024,0.49846315484297166,0.4984631548429259,0,1.753680534204989,0.7232618307724492
389,-0.5011661118983493,0.7817331768833864,-0.12084401203879365,-0.3147881064450579,0.7232386971174147,2.476936235882774,0.6410690158497646,1.6596486998247504,0.515529579132896,1.5356000778174737,0.49856483194176615,0.49856483194182033,0,1.7543871033332545,0.7225491325492848
390,-0.5023581861360134,0.7802937279324279,-0.12372837895579433,-0.3147671560280804,0.7291663362910155,2.47694358679388,0.6415778688631225,1.6705448491174246,0.5173707171235091,1.5473870371878011,0.4986712166245518,0.49867121662474434,0,1.7551055457999505,0.7218380409927139
391,-0.5035448659541478,0.7788666838782584,-0.1266097022644912,-0.3147197962654591,0.7350939430959001,2.4769645159781626,0.6420468965370714,1.6814380958234791,0.5192181128738517,1.5591792294156261,0.4987823092883732,0.49878230928844836,0,1.75583582822197,0.7211286877560024
392,-0.5047268627209371,0.77745219491282,-0.12948748434122315,-0.31464615358771425,0.7410214137661754,2.4769991275362955,0.6424763158833866,1.6923285629755798,0.5210721778728339,1.5709764979759948,0.49889810944585045,0.4988981094458458,0,1.7565779253686147,0.7204212021668737
393,-0.5059048829324958,0.7760504034349297,-0.13236123257754867,-0.314546364547739,0.7469486458064026,2.4770475311621896,0.6428663606770413,1.703216376786241,0.5229333097674982,1.5827786845772702,0.4990186157238492,0.49901861572377204,0,1.7573318200368186,0.7197157111244736
394,-0.5070796273854257,0.7746614438986702,-0.13523045996102548,-0.31442057585341004,0.752875538112453,2.47710984191089,0.6432172816250584,1.7141016666005007,0.5248018919655422,1.5945856293604161,0.4991438258633105,0.4991438258636214,0,1.75809750292052,0.7190123389896002
395,-0.5082517903491951,0.7732854426696661,-0.138094685656481,-0.3142689443809679,0.7588019910914211,2.477186179974581,0.6435293465070374,1.7249845648427782,0.5266782932680295,1.6063971711057687,0.499273736726489,0.49927373672656694,0,1.7588749725041868,0.7183112074702014
396,-0.5094220587408418,0.7719225178899176,-0.14095343558607112,-0.3140916371685008,0.7647279067803157,2.4772766704666864,0.6438028402858849,1.7358652069576166,0.5285628675335361,1.6182131474466994,0.4994083443013082,0.4994083443013819,0,1.7596642349453264,0.7176124355210634
397,-0.5105911113042257,0.7705727793521635,-0.14380624300616837,-0.31388883138870305,0.7706531889626513,2.4773814432138197,0.6440380651869204,1.74674373134283,0.5304559533744846,1.6300333950883674,0.4995476437166453,0.4995476437168318,0,1.7604653039785128,0.7169161392348413
398,-0.5117596177963671,0.7692363283843687,-0.1466526490792644,-0.3136607143005301,0.7765777432825343,2.477500632555736,0.6442353407442942,1.757620279274748,0.5323578738865893,1.641857750030706,0.4996916292566723,0.4996916292567126,0,1.7612782008153522,0.7162224317388048
399,-0.5129282381827471,0.767913257745321,-0.14949220343918806,-0.31340748317838873,0.7825014773555647,2.4776343771523153,0.6443950038119907,1.7684949948239397,0.5342689364115797,1.6536860477940105,0.49984029437894306,0.49984029437891997,0,1.7621029540555204,0.7155314230963743
400,-0.5140976218454131,0.7666036515313898,-0.1523244647471663,-0.3131293452209366,0.7884243008759946,2.477782819800412,0.6445174085425359,1.7793680247628234,0.5361894323348979,1.6655181236463554,0.4999936317375433,0.49999363173767253,0,1.7629395995953283,0.7148432202047634
401,-0.5152684068037833,0.7653075850960352,-0.15514900123789155,-0.3128265174351074,0.7943461257194724,2.4779461072557902,0.644602926325447,1.7902395184609274,0.538119636916573,1.6773538128304948,0.4998483667910296,0.49984836679095834,0,1.7637881805523432,0.7141579267031948
402,-0.5164412189528746,0.7640251249816824,-0.157965391252771,-0.3124992264992747,0.8002668660408307,2.4781243900650356,0.6446519456917167,1.8011096277707643,0.5400598091574415,1.6891929507898338,0.49968571008000695,0.4996857100799392,0,1.7646487471835741,0.7134756428812423
403,-0.5176166713196079,0.7627563288650074,-0.16077322375929298,-0.312147708602808,0.8061864383664018,2.478317822404266,0.6446648721791786,1.8119785069015126,0.542010191699332,1.70103537339151,0.49951840771928335,0.49951840771887634,0,1.7655213568132306,0.712796465590027
404,-0.5187953633402497,0.7615012455157717,-0.16357209885434676,-0.31177220926373006,0.8121047616801381,2.4785265619266763,0.6446421281612504,1.822846312281275,0.543971010759726,1.7128809171453787,0.49934646998085075,0.49934646998062915,0,1.7664060737631972,0.7121204881628296
405,-0.5199778801600877,0.7602599147698685,-0.166361628250308,-0.3113729831228741,0.8180217575031306,2.4787507696169717,0.6445841526359092,1.8337132024061982,0.5459424760997007,1.7247294194172995,0.4991699077803322,0.49916990778036396,0,1.7673029692862932,0.7114478003304472
406,-0.5211647919583264,0.7590323675164133,-0.1691414357419463,-0.310950293716835,0.8239373499660133,2.4789906096550007,0.6444914009783989,1.8445793376777677,0.547924781025473,1.7365807186357618,0.4989887326366125,0.49898873263655164,0,1.7682121215032114,0.7107784881512307
407,-0.5223566532991122,0.7578186256994904,-0.1719111576529927,-0.310504413228349,0.8298514658736941,2.4792462492867253,0.6443643446549693,1.8554448802265615,0.5499181024220252,1.7484346544901022,0.49880295662783647,0.4988029566277805,0,1.7691336153445256,0.710112633941894
408,-0.5235540025108728,0.7566187023343578,-0.17467044326090184,-0.3100356222157329,0.8357640347620269,2.47951785870379,0.644203470900037,1.8663099937232328,0.551922600818371,1.760291068119281,0.49861259234584243,0.49861259234556465,0,1.7700675424894268,0.7094503162130004
409,-0.5247573610952164,0.7554326015383049,-0.17741895519865775,-0.3095442093213877,0.8416749889460314,2.479805610931183,0.6440092823564794,1.8771748431762363,0.5539384204831785,1.77214980228992,0.4984176528476638,0.4984176528476163,0,1.7710140013188396,0.708791609612176
410,-0.5259672331668894,0.7542603185759825,-0.18015636983249259,-0.3090304709604866,0.8475842635592346,2.4801096817233566,0.6437822966806207,1.8880395947164896,0.5559656895496834,1.7840107015623683,0.49821815160519445,0.4982181516048636,0,1.771973096855179,0.708136584866472
411,-0.5271841049257732,0.7531018399191632,-0.18288237761468462,-0.3084947109901329,0.8534917965839582,2.480430249468425,0.6435230461121472,1.8989044153690005,0.5580045201684201,1.795873612443935,0.49801410245278044,0.4980141024527387,0,1.7729449407245417,0.7074853087435942
412,-0.5284084441620739,0.7519571433206086,-0.18559668341047109,-0.3079372403604817,0.8593975288720446,2.4807674951009924,0.6432320770112416,1.9097694728115946,0.5600550086864238,1.8077383835278398,0.4978055195331401,0.49780551953275376,0,1.7739296511003046,0.7068378439997287
413,-0.5296406997954082,0.7508261979017751,-0.18829900679862635,-0.30735837674828587,0.8653014041561637,2.4811216020231672,0.6429099493635396,1.9206349351213252,0.5621172358513113,1.8196048656175927,0.4975924172416235,0.49759241724154957,0,1.7749273526675373,0.7061942493554063
414,-0.5308813014484021,0.7497089642539567,-0.19098908234502235,-0.3067584441742497,0.8712033690511229,2.481492756034065,0.6425572362550563,1.9315009705084254,0.5641912670385308,1.8314729118352382,0.49737481016919416,0.49737481016915863,0,1.7759381765794489,0.7055545794543754
415,-0.5321306590552315,0.7486053945523786,-0.19366665984899326,-0.30613777260511865,0.8771033730454676,2.4818811452675975,0.642174523318605,1.942367747038791,0.5662771525000992,1.8433423777134126,0.49715271304431874,0.4971527130443305,0,1.776962260420078,0.7049188848472845
416,-0.5333891625053039,0.7475154326827175,-0.19633150456220333,-0.3054966975417719,0.8830013684830039,2.482286960138626,0.6417624081537441,1.9532354323451173,0.568374927632956,1.85521312127011,0.49692614067399177,0.49692614067388563,0,1.7779997481687317,0.7042872119696308
417,-0.5346571813221052,0.7464390143794368,-0.19898339738008772,-0.3048355595944412,0.8888973105344661,2.482710393297338,0.6413214997221485,1.964104193327422,0.5704846132650909,1.867085003065854,0.49669510788300597,0.49669510788310367,0,1.779050790167675,0.7036596031292119
418,-0.53593506437704,0.7453760673752418,-0.20162213500592352,-0.30415470404641365,0.8947911571592172,2.4831516395918496,0.640852417720737,1.9749741958436386,0.5726062159575015,1.878957886242813,0.49645962945540156,0.4964596294553387,0,1.7801155430930655,0.7030360964986098
419,-0.5372231396379274,0.7443265115609483,-0.20424753008786148,-0.30345448040743295,0.9006828690571992,2.483610896038924,0.6403557919346808,1.9858456043909165,0.5747397283200666,1.890831636545524,0.496219720071319,0.49621972007135495,0,1.7811941699258778,0.7024167261127037
420,-0.5385217139515409,0.7432902591549724,-0.20685941132935964,-0.3027352419579926,0.9065724096112254,2.484088361802568,0.639832261572445,1.9967185817783617,0.5768851293393118,1.9027061223230484,0.4959753942485545,0.4959753942484997,0,1.7822868399306488,0.701801521871614
421,-0.5398310728595932,0.7422672148816012,-0.20945762357351677,-0.3019973452860969,0.9124597448198182,2.484584238180658,0.6392824745856779,2.007593288792148,0.5790423847161833,1.914581214512445,0.4957266662798534,0.49572666627996576,0,1.7833937286321713,0.7011905095479714
422,-0.5411514804471446,0.7412572761572122,-0.21204202786213383,-0.30124114981740147,0.9183448432208503,2.485098728599081,0.6387070869757515,2.018469883853623,0.5812114472117891,1.9264567866035547,0.49547355017428196,0.4954735501741061,0,1.7845150177990492,0.700583710799572
423,-0.5424831792224871,0.7402603332834982,-0.21461250147023436,-0.30046701734032516,0.9242276758062563,2.4856320386135184,0.6381067620898568,2.0293485226714103,0.5833922569992238,1.938332714585178,0.4952160595952746,0.4952160595952697,0,1.7856508954272163,0.699981143185799
424,-0.5438263900272599,0.7392762696468062,-0.21716893791707625,-0.2996753115271844,0.9301082159281445,2.486184375918504,0.6374821699087889,2.0402293578883217,0.585584742019558,1.950208876872887,0.4949542078030369,0.49495420780300403,0,1.7868015557298227,0.6993828201885255
425,-0.5451813119754803,0.7383049619226258,-0.21971124695467423,-0.29886639745269705,0.9359864391966302,2.4867559503636274,0.636833986329026,2.0511125387239266,0.5877888183401279,1.9620851542186368,0.4946880075946578,0.49468800759468534,0,1.7879671991282067,0.6987887512351014
426,-0.5465481224200192,0.737346280284277,-0.2222393545350538,-0.298040641110889,0.9418623233698441,2.487346973976576,0.6361628924412713,2.061998210613723,0.5900043905133296,1.973961429602693,0.4944174712475429,0.4944174712474587,0,1.7891480322471969,0.6981989417291039
427,-0.5479269769449463,0.7364000886148334,-0.22475320275746677,-0.2971984089316424,0.9477358482364209,2.487957660992834,0.6354695738079555,2.0728865148456275,0.5922313519341632,1.9858375881080828,0.49414261046200125,0.4941426104619753,0,1.7903442679139272,0.6976133930785995
428,-0.5493180093820694,0.7354662447213256,-0.22725274979691928,-0.2963400672978768,0.9536069954909773,2.4885882278917157,0.6347547197419087,2.0837775881948,0.5944695851948529,1.9977135167782614,0.49386343630689655,0.4938634363067882,0,1.79155612515998,0.6970321027314663
429,-0.550721331849885,0.7345446005502199,-0.22973796981544978,-0.29546598206442853,0.9594757486029774,2.4892388934384937,0.6340190225884733,2.0946715625574925,0.5967189624349437,2.0095891044584038,0.4935799591652019,0.4935799591651602,0,1.7927838292275295,0.6964550642107203
430,-0.5521370348131185,0.7336350024032818,-0.232208852857618,-0.2945765180794779,0.9653420926794681,2.489909878732251,0.6332631770130774,2.1055685645847584,0.5989793456853698,2.021464241620978,0.49329218868222635,0.49329218868214886,0,1.794027611579081,0.6958822671529541
431,-0.5535651871608788,0.7327372911528712,-0.23466540473173264,-0.2936720387093919,0.9712060143220959,2.490601407259139,0.6324878792963237,2.1164687153167066,0.6012505872050078,2.0333388201761893,0.49300013371465967,0.4930001337146068,0,1.795287709911084,0.6953136973478662
432,-0.5550058363015522,0.7318513024557057,-0.23710764687839858,-0.2927529053678573,0.9770675014789345,2.4913137049507976,0.6316938266386862,2.127372129818115,0.6035325298084576,2.045212733268021,0.4927038022819423,0.4927038022818726,0,1.7965643681713102,0.6947493367793138
433,-0.5564590082723306,0.7309768669642942,-0.23953561622797792,-0.29181947704981787,0.982926543291545,2.4920470002474016,0.6308817164763648,2.138278916815887,0.6058250071837106,2.0570858750564778,0.4924032015191304,0.49240320151907535,0,1.7978578365802624,0.6941891636669792
434,-0.557924707861402,0.7301138105350857,-0.2419493650485757,-0.2908721098709848,0.9887831299376925,2.4928015241651282,0.6300522458102434,2.1491891783390646,0.6081278441986024,2.068958140486806,0.49209833763189237,0.49209833763183486,0,1.7991683716563829,0.6936331525085888
435,-0.5594029187407167,0.729261954432559,-0.24434896078620777,-0.28991115661334843,0.9946372524702657,2.493577510367538,0.6292061105494664,2.1601030093618823,0.6104408571949723,2.0808294250463617,0.4917892158534227,0.491789215853367,0,1.800496236245234,0.6930812741221652
436,-0.560893603607246,0.7284211155284618,-0.24673448589874555,-0.28893696627705373,1.0004889026527068,2.4943751952404365,0.6283440048708971,2.171020497450226,0.6127638542695226,2.0926996245098213,0.49147584040348646,0.4914758404034303,0,1.8018416995524293,0.6925334956878673
437,-0.5623967043307284,0.7275911064953726,-0.2491060376853084,-0.2879498836391934,1.006338072791482,2.495194817969954,0.6274666205962719,2.1819417224121036,0.6150966355405784,2.104568634673497,0.4911582144495976,0.49115821444954477,0,1.8032050371805535,0.691989780789259
438,-0.5639121421057617,0.7267717359939722,-0.2514637281126903,-0.2869502488194188,1.0121847555658963,2.4960366206231184,0.6265746465875984,2.192866755952142,0.6174389933998676,2.11643635107934,0.49083634007039745,0.4908363400703464,0,1.804586531169709,0.6914500894532765
439,-0.5654398176062899,0.7259628088532074,-0.25380768364043527,-0.2859383968528954,1.0180289438556966,2.4969008482307298,0.6256687681625757,2.2037956613306724,0.619790712748713,2.1283026687294138,0.49051021822129437,0.49051021822124174,0,1.8059864700417378,0.6909143781888587
440,-0.5669796111404106,0.7251641262428415,-0.25613804504612786,-0.28491465727028614,1.023870630566766,2.4977877488717986,0.624749666530338,2.21472849302727,0.6221515712179657,2.14016748179135,0.49017984870238296,0.4901798487023332,0,1.8074051488480092,0.6903826000236544
441,-0.5685313828035655,0.7243754858376831,-0.258454967252432,-0.28387935368503797,1.0297098084552594,2.498697573759214,0.6238180182488586,2.22566529640908,0.6245213393711939,2.152030683295487,0.4898452301287337,0.4898452301286833,0,1.8088428692205212,0.6898547045385637
442,-0.5700949726281561,0.7235966819729982,-0.2607586191573955,-0.2828328033875954,1.035546469950448,2.4996305773259473,0.6228744947043152,2.2366061074037527,0.6268997808906697,2.1638921648241816,0.48950635990299185,0.489506359902943,0,1.81029993942618,0.6893306378996304
443,-0.5716702007277115,0.7228275057905562,-0.2630491834694773,-0.2817753169465272,1.0413806069765623,2.500587017311362,0.6219197616133175,2.2475509521770802,0.629286652745806,2.1757518161938627,0.4891632341904333,0.48916323419038177,0,1.811776674424057,0.6888103428871648
444,-0.5732568674337571,0.7220677453748244,-0.265326856548731,-0.2807071978161096,1.0472122107738386,2.501567154846922,0.6209544785481982,2.258499846815074,0.6316817053437555,2.1876095251302687,0.48881584789641996,0.4888158478963709,0,1.81327339592531,0.6882937589214841
445,-0.5748547534235934,0.7213171858789444,-0.26759184825546256,-0.27962874195000825,1.0530412717189597,2.5025712545406456,0.61997929848576,2.2694527970103016,0.6340846826619255,2.199465176937285,0.48846419464632573,0.48846419464627555,0,1.8147904324553543,0.6877808220851611
446,-0.5764636198372731,0.7205756096399435,-0.2698443818077892,-0.2785402374206797,1.0588677791450891,2.503599584559788,0.6189948673798905,2.280409797752258,0.636495322362325,2.211318654159792,0.48810826676794683,0.48810826676789487,0,1.816328119418249,0.6872714651414051
447,-0.5780832083821037,0.7198427962830095,-0.2720846936492583,-0.2774419640437896,1.0646917211615736,2.504652416710852,0.618001823757878,2.2913708330212965,0.6389133558876019,2.2231698362407806,0.4877480552764253,0.48774805527637977,0,1.8178867991625367,0.6867656175481855
448,-0.5797132414230683,0.719118522814319,-0.2743130333278189,-0.27633419300715,1.070513084473439,2.505730026516325,0.6170007983407411,2.302335875485817,0.6413385085387824,2.235018599173045,0.48738354986176846,0.4873835498617234,0,1.8194668210482563,0.6862632054679532
449,-0.5813534220576461,0.7184025637022746,-0.27652966338728546,-0.27521718650331006,1.07633185420073,2.506832693287212,0.6159924136872369,2.313304886202079,0.6437704995347495,2.2468648151456,0.487014738878881,0.4870147388788355,0,1.821068541514598,0.6857641517724999
450,-0.5830034341735585,0.7176946909468122,-0.27873485927237657,-0.2740911973651599,1.082148013697667,2.5079607001906346,0.6149772838616192,2.324277814316208,0.6462090420535404,2.2587083521850064,0.48664160934029654,0.48664160934025347,0,1.8226923241476565,0.6852683760428606
451,-0.5846629424880566,0.7169946741365576,-0.2809289092484349,-0.27295646870359913,1.0879615443716915,2.5091143343115117,0.6139560141248118,2.3352545967677,0.6486538432556366,2.2705490737916594,0.4862641469115643,0.4862641469115234,0,1.8243385397475687,0.6847757945638173
452,-0.5863315925674157,0.7163022804936869,-0.28311211433675404,-0.271813233546323,1.0937724255022379,2.510293886707337,0.6129292006486688,2.346235157993752,0.6511046042894101,2.2823868385710555,0.485882335909368,0.48588233590931473,0,1.82600756639432,0.6842863203128835
453,-0.5880090108254389,0.7156172749062545,-0.2852847882664974,-0.2706617144767709,1.0995806340592456,2.5114996524550866,0.611897430253012,2.357219409633727,0.6535610202790336,2.294221499860028,0.4854961593024605,0.4854961593023961,0,1.8276997895115084,0.6837998629434159
454,-0.5896948044997382,0.7149394199479281,-0.2874472574440478,-0.2695021232721159,1.1053861445211879,2.512731930689031,0.610861280164964,2.3682072502329143,0.6560227802950818,2.3060529053478085,0.4851055987153994,0.48510559871534964,0,1.8294156019271957,0.6833163287617101
455,-0.5913885616047947,0.7142684758849446,-0.28959986094063483,-0.26833466053914656,1.1111889286925594,2.513991024628327,0.6098213178000836,2.379198564944798,0.6584895673082627,2.3178808966918023,0.48471063443543594,0.4847106344353658,0,1.8311554039305957,0.682835620697555
456,-0.5930898508607257,0.7136042006702397,-0.29174295049895904,-0.2671595153468864,1.1169889555205237,2.5152772415930897,0.608778100564837,2.3901932252309503,0.660961058126601,2.329705309127839,0.4843112454221479,0.48431124542206994,0,1.8329196033241704,0.6823576382687206
457,-0.5947982215969084,0.7129463499246962,-0.2938768905595261,-0.26597686485457656,1.1227861909105745,2.516590893007482,0.6077321756796946,2.4011910885575958,0.6634369233165883,2.3415259710746263,0.4839074093204574,0.4839074093204285,0,1.8347086154692376,0.6818822775381022
458,-0.5965132036296266,0.7122946769054339,-0.29600205830730625,-0.26478687393374195,1.1285805975409255,2.5179322943883866,0.6066840800223267,2.4121919980879687,0.6659168271087931,2.35334270373213,0.4834991024771176,0.48349910247708694,0,1.836522863323811,0.6814094310643966
459,-0.5982343071130107,0.7116489324611698,-0.2981188437392779,-0.26358969478292144,1.1343721346752993,2.5193017653179974,0.605634339990248,2.4231957823694024,0.668400427288484,2.3651553206734395,0.4830862999601431,0.48308629996006447,0,1.8383627774725302,0.6809389878452694
460,-0.5999610223626901,0.7110088649746287,-0.3002276497533402,-0.2623854665335398,1.1401607579738267,2.5206996293985697,0.6045834713821366,2.4342022550141618,0.6708873750719256,2.376963627429745,0.4826689755820839,0.4826689755820155,0,1.8402287961449533,0.6804708332534444
461,-0.601692819651645,0.7103742202920271,-0.3023288922590258,-0.2611743148454551,1.1459464193016957,2.522126214187479,0.6035319792972912,2.4452112143730287,0.6733773149690422,2.388767421067963,0.4822471019273631,0.48224710192733555,0,1.8421213652225368,0.6800048489647899
462,-0.6034291489779052,0.7097447416397651,-0.30442300031028197,-0.25995635149044055,1.1517290665351172,2.5235818511104156,0.6024803580522509,2.456222443200463,0.6758698846332132,2.4005664897604473,0.4818206503832627,0.4818206503832525,0,1.8440409382310075,0.6795409128792085
463,-0.6051694398038246,0.7091201695282633,-0.3065104162606888,-0.2587316739221722,1.1575086433642539,2.525066875350698,0.6014290911142762,2.4672357083104344,0.6783647146990884,2.4123606123463066,0.4813895911751138,0.4813895911751189,0,1.845987976317095,0.6790788990334087
464,-0.6069131007669025,0.7085002416432741,-0.3085915959410919,-0.2575003648306197,1.1632850890925408,2.5265816257120397,0.6003786510503577,2.4782507602216,0.6808614286093512,2.4241495578836227,0.4809538934061752,0.48095389340615835,0,1.8479629482063165,0.6786186775055272
465,-0.6086595193621603,0.7078846927245873,-0.31066700885986753,-0.25626249167944715,1.1690583384320397,2.528126444452424,0.5993294994916765,2.48926733279097,0.683359642431504,2.435933085192051,0.4805135251020165,0.48051352510198586,0,1.8499663301406049,0.6781601143116813
466,-0.6104080615963794,0.7072732544324867,-0.31273713842564344,-0.2550181062242641,1.1748283212942048,2.5297016770861225,0.5982820871123151,2.5002851428347896,0.6858589646658483,2.4477109423850636,0.4800684532602342,0.48006845326017844,0,1.8519986057915603,0.6777030712943994
467,-0.6121580716146694,0.7066656552021486,-0.3148024821922851,-0.2537672440098626,1.180594962575546,2.5313076721508097,0.5972368536216105,2.5113038897355855,0.6883589960459693,2.459482866391158,0.47961864390529696,0.4796186439052552,0,1.8540602661481984,0.6772474060023959
468,-0.6139088713000094,0.7060616200861578,-0.31686355212588924,-0.25250992384463294,1.1863581819375815,2.5329447809366585,0.5961942277696897,2.522323255034323,0.6908593293331773,2.4712485824633026,0.4791640621494664,0.4791640621494295,0,1.8561518093739349,0.6767929715623044
469,-0.6156597598467729,0.7054608705856567,-0.31892087489313414,-0.2512461472498164,1.1921178935804466,2.5346133571736287,0.5951546273650918,2.5333429020064786,0.6933595491065139,2.483007803675842,0.4787046722595778,0.4787046722595565,0,1.8582737406311898,0.6763396165423017
470,-0.6174100133094158,0.704863124470323,-0.3209749921704713,-0.24997589788178812,1.1978740060095314,2.536313756673353,0.5941184593042309,2.5443624752211047,0.6958592315501513,2.494760230408138,0.4782404377307321,0.47824043773071345,0,1.8604265718684698,0.6758871848046646
471,-0.6191588841279736,0.7042680955878112,-0.3230264609730928,-0.24869914092498144,1.2036264217943993,2.538046336921295,0.5930861196117044,2.555381600081725,0.6983579442402001,2.5065055498141167,0.47777132136691947,0.4777713213669079,0,1.8626108215666366,0.675435515354353
472,-0.6209056006321939,0.703675493663081,-0.3250758540026846,-0.24741582245344926,1.2093750373192855,2.539811456614922,0.5920579934911929,2.5663998823481373,0.7008552459331386,2.518243435276917,0.47729728536944505,0.4772972853694495,0,1.8648270144387091,0.6749844421758799
473,-0.622649366526754,0.7030850240883155,-0.3271237600124734,-0.24612586875876682,1.2151197425243554,2.5416094751429386,0.5910344553862346,2.5774169076381277,0.7033506863584241,2.5299735458478385,0.4768182914335184,0.47681829143355103,0,1.8670756810795262,0.6745337940628242
474,-0.624389360360376,0.7024963877042361,-0.3291707841878593,-0.24482918564185785,1.2208604206369325,2.5434407520004894,0.5900158690501862,2.588432240908119,0.7058438060180805,2.5416955256687275,0.47633430085369843,0.47633430085379613,0,1.869357357559478,0.6740833944399887
475,-0.626124734982105,0.7019092805735413,-0.3312175485406679,-0.24352565766685022,1.2265969478918508,2.5453056461349144,0.5890025876255162,2.5994454259121436,0.7083341359963538,2.553409003377113,0.4758452746389401,0.4758452746391342,0,1.8716725849555396,0.6736330611784653
476,-0.6278546169888268,0.7013233937476913,-0.33326469231442785,-0.24221514737427965,1.2323291932398415,2.547204515215911,0.5879949537313924,2.6104559846378588,0.7108211977829704,2.5651135914928718,0.4753511736379843,0.4753511736379381,0,1.8740219088171042,0.6731826063986899
477,-0.6295781061686401,0.7007384130280655,-0.335312872397948,-0.24089749445162928,1.2380570180434227,2.549137714824006,0.5869932995597397,2.6214634167198314,0.7133045031139604,2.576808885786477,0.4748519586752755,0.4748519586753601,0,1.8764058785480107,0.6727318362756953
478,-0.6312942749453727,0.7001540187230092,-0.337362763743566,-0.23957251485897937,1.2437802757585763,2.5511055975503183,0.5859979469794224,2.632467198828207,0.7157835538341888,2.588494464626692,0.4743475906993706,0.47434759069940324,0,1.8788250467203484,0.6722805508290508
479,-0.6330021678307179,0.6995698854022864,-0.3394150597863413,-0.2382399999074987,1.2494988116020125,2.553108512000658,0.58500920764843,2.6434667840338744,0.7182578417867458,2.6001698883085917,0.47383803094396537,0.47383803094398713,0,1.8812799682847385,0.671828543715751
480,-0.6347008008909735,0.6989856816508502,-0.3414704728592465,-0.2368997152889145,1.2552124622019838,2.5551468016959733,0.5840273831341908,2.654461601148163,0.7207268487342209,2.611834698359415,0.4733232411026762,0.4733232411026229,0,1.8837711996884,0.6713756020073325
481,-0.6363891612369353,0.6984010698240293,-0.3435297345992891,-0.2355514000539251,1.2609210552323091,2.557220803861362,0.5830527650421488,2.665451054038504,0.7231900463181916,2.6234884168232067,0.47280318351804773,0.47280318351794515,0,1.88629929788371,0.6709215059769633
482,-0.6380662065463182,0.6978157058066118,-0.3455935963380878,-0.234194765537929,1.2666244090277348,2.5593308480946924,0.5820856351528824,2.6764345209188978,0.7256468960633001,2.6351305455223524,0.47227782138746655,0.47227782138715013,0,1.8888648192181916,0.6704660288749609
483,-0.639730864629655,0.697229238778638,-0.3476628294699086,-0.23282949423261806,1.27232233217973,2.561477254906024,0.5811262655683966,2.68741135361625,0.72809684943339,2.646760565296203,0.4717471189849993,0.4717471189849065,0,1.89146831819659,0.6700089367091793
484,-0.6413820330520045,0.6966413109911258,-0.34973822578881286,-0.2314552386023574,1.2780146231109202,2.563660334118113,0.5801749188682521,2.6983808768122852,0.7305393479476853,2.65837793521545,0.4712110419017237,0.4712110419016917,0,1.8941103460990691,0.6695499880188898
485,-0.6430185788247015,0.6960515575553708,-0.351820597785765,-0.23007161984446955,1.2837010696274433,2.565880383118313,0.5792318482764459,2.7093423872632325,0.7329738233662044,2.669982091773242,0.47066955730624715,0.47066955730617877,0,1.8967914494544584,0.6690889336636696
486,-0.6446393381828852,0.6954596062500704,-0.35391077889473127,-0.22867822659338433,1.2893814484469912,2.568137684951289,0.5782972978403387,2.7202951529969175,0.7353996979539382,2.681572448051136,0.4701226342247362,0.47012263422456924,0,1.8995121683420177,0.6686255166088102
487,-0.6462431164669086,0.6948650773509907,-0.3560096236757675,-0.22727461356891648,1.2950555247014408,2.5704325062420255,0.5773715026231748,2.731238412489886,0.7378163848347528,2.6931483928607967,0.4695702438440743,0.46957024384404233,0,1.9022730345175836,0.668159471724102
488,-0.6478286881277789,0.6942675834885039,-0.35811800792130555,-0.2258603001698552,1.3007230514123835,2.572765094938203,0.5764546889121253,2.7421713738261304,0.7402232884467249,2.704709289860971,0.4690123598382012,0.46901235983814127,0,1.905074569346837,0.667690525590813
489,-0.649394796879437,0.693666729539134,-0.3602368286700864,-0.2244347690147625,1.3063837689380875,2.575135677860888,0.5755470744440482,2.7530932138403763,0.7426198051118529,2.716254476650358,0.4684489587193412,0.4684489587194154,0,1.9079172815300358,0.6672183963305958
490,-0.6509401560231012,0.6930621125579406,-0.36236700411106487,-0.22299746443312887,1.3120374043899237,2.577544458052202,0.5746488686518308,2.7640030772483595,0.7450053237338696,2.72778326383604,0.46788002021673325,0.46788002021653075,0,1.9108016646034596,0.6667427934480454
491,-0.6524634489721419,0.6924533217593253,-0.3645094733578685,-0.22154779091105947,1.3176836710172024,2.5799916119091657,0.5737602729345207,2.7749000757690654,0.7473792266394975,2.73929493407937,0.46730552768133915,0.4673055276812992,0,1.9137281942032296,0.6662634177052791
492,-0.653963330008667,0.6918399385548198,-0.36666519607165265,-0.22008511149741009,1.3233222675583214,2.5824772860928316,0.572881480955317,2.7857832872424866,0.7497408905790641,2.7507887411192193,0.46672546852236296,0.46672546852239205,0,1.9166973250737436,0.6657799610178696
493,-0.6554384253068525,0.6912215366574818,-0.36883515190783644,-0.21860874617759052,1.3289528775572015,2.5850015942023172,0.5720126789715513,2.796651754749314,0.7520896879040446,2.7622639087750254,0.4661398346736596,0.46613983467362363,0,1.9197094877990182,0.665292106402821
494,-0.656887334260978,0.6905976822633182,-0.37102033975959386,-0.217117970224763,1.3345751686432554,2.5875646132043792,0.5711540462024146,2.8075044857385034,0.7544249879397013,2.7737196299308535,0.46554862309196254,0.4655486230918009,0,1.922765085251818,0.6647995279519372
495,-0.6583086311604253,0.6899679343213725,-0.37322177676815294,-0.21561201253997572,1.3401887917743316,2.590166379610143,0.5703057552402153,2.8183404511715464,0.7567461585725359,2.7851550655041994,0.46495183629032466,0.4649518362902447,0,1.925864488733759,0.6643018908755485
496,-0.659700867257267,0.6893318449053779,-0.37544049706668753,-0.2140900539957344,1.3457933804412792,2.5928068853918105,0.5694679725122833,2.8291585846916996,0.7590525680726412,2.7965693434018712,0.46434948290497635,0.4643494829049497,0,1.9290080337961941,0.6637988515950066
497,-0.6610625732761451,0.6886889597007096,-0.377677550221962,-0.2125512258004474,1.3513885498341003,2.5954860736346244,0.568640858801703,2.839957781829749,0.7613435871721397,2.807961557468028,0.46374157829958396,0.46374157829956486,0,1.9321960157184712,0.663290057916073
498,-0.6623922624200399,0.6880388186219352,-0.37993399933436534,-0.21099460790449576,1.3569738959697275,2.598203833921267,0.5678245698358565,2.8507368992587803,0.7636185914212307,2.8193307664295966,0.4631281452049292,0.4631281452045204,0,1.9354286846476085,0.6627751492725096
499,-0.6636884339292111,0.6873809565770561,-0.3822109187542896,-0.20941922747263245,1.3625489947825697,2.6009599974494884,0.5670192569533404,2.861494754113416,0.7658769638436757,2.830675992846529,0.4625092143966838,0.46250921439665316,0,1.9387062403681308,0.6622537570808951
500,-0.6649495772538923,0.6867149043958887,-0.3845093913693712,-0.2078240574518744,1.3681134011790028,2.6037543318868495,0.5662250678610663,2.872230123389492,0.7681180979129278,2.8419962220740183,0.4618848254105439,0.4618848254104184,0,1.942028826705876,0.6617255051804241
501,-0.6661741769048373,0.6860401899408411,-0.38683050541503106,-0.20620801526828106,1.3736666480598267,2.6065865359718243,0.5654421474944781,2.882941743446271,0.7703414008700855,2.85329040124932,0.46125502729358514,0.4612550272935567,0,1.9453965255548833,0.6611900104160489
502,-0.667360718047701,0.6853563394192876,-0.389175350757833,-0.20456996169182723,1.3792082453143721,2.6094562338751386,0.5646706389957331,2.8936283096329007,0.7725462974027029,2.864557438314441,0.4606198793937535,0.46061987939343285,0,1.9488093505316366,0.6606468833425834
503,-0.6685076929089889,0.6846628789171993,-0.39154501459991564,-0.2029086999138793,1.3847376787928751,2.6123629693421595,0.5639106848260622,2.904288476066666,0.7747322337017786,2.8757962010912186,0.4599794521801104,0.4599794521800795,0,1.9522672402551606,0.660095729086918
504,-0.669613608061611,0.6839593361739328,-0.3939405765518203,-0.20122297488776392,1.3902544092658913,2.6153061996445386,0.5631624280300416,2.914920855594273,0.7768986819111416,2.8870055164283523,0.45933382810146606,0.4593338281009762,0,1.9557700512673484,0.6595361483759101
505,-0.6706769926567135,0.683245242617992,-0.39636310302106753,-0.19951147298934357,1.3957578713818366,2.618285289377744,0.5624260136711192,2.9255240199714527,0.779045144979123,2.898184169443417,0.4586831024658251,0.45868310246581423,0,1.9593175506231892,0.6589677387543795
506,-0.6716964076650125,0.682520135682564,-0.39881364086578164,-0.19777282206110558,1.4012474726369897,2.6212995041511524,0.5617015904594369,2.9360965003011157,0.7811711619169663,2.9093309028875383,0.458027384352647,0.45802738435250157,0,1.9629094081537732,0.6583900959966551
507,-0.6726704561855449,0.6817835614184157,-0.40129321026597686,-0.19600559190935132,1.406722592376781,2.624348004228507,0.5609893125938299,2.9466367877771975,0.783276313461886,2.9204444166672645,0.4573667975357507,0.457366797536072,0,1.9665451884802043,0.6578028157469733
508,-0.6735977948704716,0.6810350774191614,-0.40380279677086955,-0.1942082953308395,1.412182580850709,2.6274298381887142,0.5602893418415189,2.957143334785754,0.7853602281337769,2.931523367562774,0.4567014814259909,0.45670148142591116,0,1.9702243427966526,0.6572054953913324
509,-0.6744771465024039,0.6802742560706042,-0.4063433424889012,-0.19237938975082028,1.4176267583484592,2.630543936690588,0.5596018498795637,2.967614556421452,0.7874225886644843,2.942566369188793,0.45603159200663423,0.45603159200660426,0,1.9739462005155837,0.6565977361746989
510,-0.6753073137446757,0.6795006881313862,-0.40891573639872075,-0.19051727955902395,1.4230544144514707,2.633689106439912,0.5589270209220324,2.978048832486253,0.7894631387668192,2.9535719922545423,0.45535730277076114,0.45535730277072517,0,1.9777099608500655,0.6559791455889432
511,-0.6760871940631535,0.6787139866459817,-0.4115208037744697,-0.18862031923415196,1.428464807439121,2.63686402447231,0.5582650546569641,2.988444510041193,0.7914816901959096,2.964538765184795,0.45467880563044893,0.4546788056302078,0,1.9815146844461082,0.6553493400251114
512,-0.6768157957920024,0.6779137911837395,-0.4141592947378666,-0.18668681734899661,1.43385716389617,2.6400672328816563,0.5576161695156827,2.998799906589975,0.7934781300397186,2.975465175174542,0.4539963117932375,0.45399631179340005,0,1.9853592851732895,0.6547079477078908
513,-0.6774922552840573,0.6770997723884775,-0.41683187197333854,-0.18471504154732432,1.4392306785758606,2.6432971341396727,0.5569806062944214,3.009113313980288,0.7954524281581369,2.9863496697604135,0.4533100525863165,0.45331005258622015,0,1.9892425222424073,0.6540546118966741
514,-0.6781158550475986,0.676271636812065,-0.419539097670857,-0.18270322458010654,1.444584514579201,2.646551987167876,0.5563586321450734,3.019383003111246,0.7974046446700775,2.9971906589987274,0.45262028020407463,0.452620280204044,0,1.9931629927992316,0.6533889943681099
515,-0.6786860427276786,0.6754291319928097,-0.4222814197945218,-0.18064957148071187,1.449917803919205,2.6498299043373397,0.555750544946491,3.0296072295413135,0.7993349373679556,3.007986518351495,0.45192726836725106,0.45192726836697306,0,1.997119125199044,0.6527107791373736
516,-0.6792024507402847,0.6745720517251417,-0.4250591578125898,-0.17855226794628487,1.4552296485447997,2.6531288495833887,0.5551566780606887,3.0397842400904094,0.80124356891769,3.018735592387481,0.4512313128580767,0.4512313128581886,0,2.001109173161977,0.6520196764210295
517,-0.679664916312145,0.6737002414509871,-0.4278724880671968,-0.1764094899751268,1.4605191219040483,2.6564466378310376,0.5545774054700885,3.0499122805275483,0.8031309136812058,3.0294361994106476,0.4505327319139947,0.45053273191391163,0,2.0051312110551,0.651315426774834
518,-0.6800735016206733,0.6728136036863096,-0.4307214290077557,-0.17421941478577635,1.4657852711310335,2.6597809359313747,0.5540131472805151,3.059989604430827,0.8049974639792893,3.040086637132493,0.44983186644545614,0.4498318664454235,0,2.0091831305364183,0.6505978053945833
519,-0.6804285136678399,0.6719121033790508,-0.4336058265584738,-0.17198023301431048,1.4710271199396365,2.6631292653057255,0.5534643755618488,3.070014483291515,0.8068438355950196,3.050685189499083,0.44912908005586893,0.4491290800558416,0,2.0132626388288792,0.6498666264757329
520,-0.6807305234608109,0.6709957730767018,-0.4365253399396974,-0.16969016214923047,1.4762436723064987,2.666489006486641,0.5529316204833828,3.0799852179192735,0.8086707723052058,3.061230134779207,0.44842475882716304,0.44842475882720034,0,2.0173672588852476,0.6491217476005331
521,-0.6809803840164054,0.6700647177662857,-0.43947942830605646,-0.16734746112162605,1.4814339170165511,2.669857405724595,0.5524154766836475,3.08990015117681,0.8104791492193671,3.071719755001596,0.44771931084865635,0.44771931084846495,0,2.021494331700359,0.6483630740235902
522,-0.6811792466571671,0.6691191192351355,-0.4424673386054102,-0.16495044591949418,1.4865968331336727,2.673231583802262,0.5519166097959906,3.099757682041788,0.8122699747060582,3.082152346809115,0.4470131654566558,0.4470131654567955,0,2.025641021014841,0.6475905627860943
523,-0.6813285750296302,0.6681592397907864,-0.4454880950925425,-0.16249750604350524,1.4917313964392274,2.676608547158235,0.5514357630319267,3.1095562809494774,0.814044390694444,3.092526233762767,0.44630677217033066,0.4463067721701357,0,2.0298043206293457,0.6468042265283671
524,-0.681430156255486,0.6671854251732678,-0.44854049094926807,-0.1599871215673455,1.4968365868568003,2.6799852013713106,0.5509737637044203,3.119294506319848,0.8158036711583164,3.102839780086555,0.44560059929195606,0.4456005992919878,0,2.0339810644940934,0.6460041368765683
525,-0.6814861086272272,0.6661981064938439,-0.45162308246484295,-0.15741788051120775,1.5019113968511004,2.6833583669958325,0.5505315295544775,3.1289710221173417,0.8175492186204616,3.1130914057944876,0.44489513217586896,0.44489513217567755,0,2.038167939697355,0.6451904272979636
526,-0.6814988852868546,0.6651978010435581,-0.4547341862106745,-0.1547884961876272,1.5069548407497586,2.686724797666113,0.5501100747275737,3.138584616224359,0.8192825585571256,3.1232796030762464,0.444190871147228,0.4441908711471032,0,2.0423615023907127,0.6443632952749292
527,-0.6814712733822578,0.6641851118320955,-0.45787187960261777,-0.15209782413529732,1.5119659648961927,2.6900812003097587,0.549710515232868,3.1481342193464963,0.821005331636811,3.133402953753893,0.4434883290884386,0.4434883290885172,0,2.0465581966138346,0.6435230036952548
528,-0.681406388282492,0.663160725743973,-0.46103400517792376,-0.14934487822464698,1.5169438584947348,2.693424257225794,0.5493340737093587,3.157618924099233,0.8227192837916151,3.1434601475479016,0.4427880287023216,0.44278802870207756,0,2.0507543758808966,0.6426698813441081
529,-0.6813076625517058,0.662125410234772,-0.46421817882306265,-0.14652884550188386,1.5218876649630835,2.696750649699336,0.548982083319886,3.167038003864925,0.8244262541922535,3.1534500008194657,0.44209049948480894,0.4420904994846184,0,2.054946327290507,0.6418043224083148
530,-0.6811788295269777,0.6610800085333203,-0.4674218020761225,-0.14364909933871678,1.5267965935622574,2.7000570827451176,0.5486559905982722,3.1763909309573313,0.8261281612751337,3.1633714753889874,0.44139627444758256,0.4413962744476334,0,2.0591302978106683,0.6409267849342122
531,-0.6810239015156156,0.6600254333660514,-0.4706420784952889,-0.14070521047607126,1.531669931034853,2.7033403105018525,0.5483573570864254,3.185677393593274,0.827826987048572,3.1732236969729684,0.44070588664202437,0.44070588664196997,0,2.0633025222978727,0.6400377882038328
532,-0.6808471428128247,0.6589626592738291,-0.4738760339405158,-0.13769695559223935,1.5365070529515266,2.706597161744443,0.5480878596180179,3.1948973111534897,0.829524759979821,3.1830059727399718,0.44001986554893846,0.4400198655487664,0,2.067459252708967,0.639137909034984
533,-0.6806530379315782,0.6578927136464942,-0.47712054046666175,-0.1346243230891074,1.5413074344468372,2.709824564945918,0.5478492891334087,3.204050847220352,0.8312235368303077,3.1927178074650873,0.4393387334051351,0.4393387334051151,0,2.0715967878978474,0.6382277770479368
534,-0.6804462556231962,0.6568166666536578,-0.4803723433808641,-0.13148751587132096,1.546070660021299,2.7130195723093484,0.5476435479445052,3.2131384199114823,0.8329253838591131,3.202358917765345,0.43866300154478965,0.4386630015447399,0,2.075711503335482,0.6373080689737312
535,-0.6802316094352795,0.6557356202968354,-0.48362809088618974,-0.12828695098946083,1.550796432098878,2.7161793822048836,0.5474726454087834,3.2221607090875883,0.8346323578493295,3.2119292439297533,0.43799316683610234,0.4379931668360473,0,2.0797998800700412,0.636379502134687
536,-0.6800140156937394,0.6546506968461108,-0.48688436562477866,-0.12502325612376514,1.5554845780573459,2.7193013594877375,0.54733869201526,3.2311186600948947,0.8363464874259761,3.2214289589134655,0.4373297082925869,0.4373297082925809,0,2.08385853225261,0.6354428272348298
537,-0.6797984498972207,0.6535630269502425,-0.4901377173560916,-0.12169726299295619,1.5601350554940998,2.722383053239627,0.5472438919302103,3.240013483808899,0.8380697551264477,3.230858474149494,0.43667308393479276,0.43667308393475013,0,2.08788423259427,0.6344988206452209
538,-0.6795899025681458,0.6524737377212756,-0.4933846959638604,-0.11830999787771707,1.5647479555478776,2.725422211563185,0.5471905340945048,3.2488466528661837,0.8398040806544899,3.240218441933896,0.4360237279687409,0.4360237279687067,0,2.091873935187473,0.6335482763754592
539,-0.6793933356119239,0.6513839410922186,-0.4966218839822561,-0.11486266954241595,1.5693235041652716,2.72841679316311,0.547180982004771,3.2576198941011247,0.8415513056991724,3.249509754259218,0.4353820483379165,0.4353820483377513,0,2.095824795227623,0.6325919979350361
540,-0.6792136401941842,0.6502947227296907,-0.49984592786694354,-0.11135665491779279,1.5738620612749636,2.7313649755606955,0.547217662345674,3.2663351773342413,0.8433131806339804,3.2587335380962363,0.4347484246908673,0.4347484246906581,0,2.0997341852749134,0.6316307902852101
541,-0.6790555970593559,0.6492071317538988,-0.5030535673072565,-0.10779348296583212,1.5783641179074552,2.734265159904891,0.547303052668404,3.2749947007817273,0.845091353332996,3.2678911472490624,0.434123206793231,0.43412320679306027,0,2.1035997078326103,0.63066545207153
542,-0.6789238400904185,0.6481221714785629,-0.5062416619749637,-0.10417481718466379,1.582830291369473,2.7371159724544705,0.5474396683297476,3.28360087346356,0.8468873602565418,3.27698415102497,0.4335067133959243,0.43350671339595914,0,2.1074192041445787,0.6296967683092038
543,-0.6788228237572582,0.6470407913362521,-0.5094072152261166,-0.10050243722492927,1.5872613186451794,2.7399162629071787,0.547630048917156,3.2921562950745797,0.8487026198723584,3.2860143200610987,0.43289923155764365,0.43289923155783394,0,2.1111907592421386,0.6287255036641897
544,-0.6787567949324278,0.6459638801034662,-0.5125473944059958,-0.09677822008055081,1.5916580482481886,2.74266509983731,0.5478767443870832,3.3006637338449862,0.8505384283965759,3.2949836097303598,0.4323010164043759,0.43230101640455176,0,2.11491270339016,0.6277523964465099
545,-0.6787297693771143,0.6448922604877744,-0.5156595475450073,-0.0930041212895653,1.5960214307865437,2.745361763570155,0.5481823011386575,3.3091261029521832,0.8523959577643669,3.303894141605047,0.4317122912988227,0.4317122912990383,0,2.118583610172548,0.6267781533965948
546,-0.6787455130305208,0.6438266850903405,-0.5187412163657809,-0.08918215653733483,1.6003525085261747,2.7480057368678397,0.5485492482313922,3.3175464360544815,0.8542762556782875,3.3127481834874226,0.43113324838296396,0.43113324838273903,0,2.122202291550197,0.6258034453164303
547,-0.6788075280761305,0.6427678337119117,-0.5217901456445522,-0.08531438400068526,1.6046524042471844,2.750596693826527,0.5489800839387567,3.3259278625007345,0.8561802475323697,3.3215481285221604,0.4305640494444687,0.43056404944434545,0,2.1257677902666754,0.6248289035594246
548,-0.6789190436219439,0.6417163119329328,-0.5248042890748454,-0.08140288770971042,1.6089223096831167,2.75313448739175,0.5494772628064316,3.3342735827339323,0.8581087399764024,3.3302964738904968,0.43000482706698406,0.43000482706688237,0,2.1292793700241237,0.6238551173673463
549,-0.6790830107163899,0.6406726508678681,-0.5277818118677268,-0.0774497621411866,1.613163473817017,2.755619135887462,0.5500431833604184,3.342586844351814,0.8600624258633887,3.3389957995497594,0.42945568600229733,0.4294556860020009,0,2.13273650385784,0.6228826320284333
550,-0.679302101334108,0.639637307971588,-0.5307210903882488,-0.07345709819401718,1.6173771912835633,2.7580508089309,0.5506801765845662,3.3508709192233455,0.8620418903161414,3.347648747433994,0.4289167047220901,0.428916704722057,0,2.1361388611372494,0.6219119477934747
551,-0.6795787109054015,0.6386106687621423,-0.5336207091704406,-0.06942697063934379,1.6215647910945026,2.7604298130700466,0.551390495260996,3.3591290819866924,0.8640476176527606,3.356258001471305,0.4283879370984285,0.4283879370982868,0,2.139486293589747,0.6209435194792747
552,-0.6799149639247135,0.6375930493163033,-0.5364794556795994,-0.06536142708456284,1.6257276258700901,2.762756577439939,0.5521763042438336,3.3673645901810647,0.8660799989233233,3.364826268710346,0.4278694141657442,0.4278694141656332,0,2.142778820740454,0.6199777566989417
553,-0.6803127221618843,0.6365846993951333,-0.5392963131952941,-0.061262478446467705,1.629867061721362,2.7650316396883126,0.5530396717122827,3.3755806661905066,0.8681393398305078,3.3733562617810695,0.42736114592900165,0.4273611459287965,0,2.146016615079029,0.6190150246086388
554,-0.6807735950017721,0.6355858060600542,-0.54207045218391,-0.05713209089075085,1.633984468892626,2.767255632375729,0.55398256143045,3.3837804811112204,0.8702258688309062,3.3818506828526753,0.42686312317652364,0.42686312317647435,0,2.1491999872610474,0.6180556451143144
555,-0.6812989514599478,0.6345964976498998,-0.5448012205087945,-0.05297217916704959,1.6380812132384932,2.7694292700103924,0.5550068260216956,3.391967140591136,0.872339745241667,3.3903122091906526,0.4263753192745974,0.42637531927474903,0,2.1523293715721863,0.6170998984370852
556,-0.6818899334511146,0.6336168479999175,-0.5474881328009416,-0.04878460124709977,1.6421586485789892,2.77155333683645,0.5561142012511413,3.400143672638778,0.8744810672049035,3.398743480363027,0.4258976919134547,0.4258976919134796,0,2.1554053118695946,0.6161480249658875
557,-0.6825474699271141,0.6326468807978064,-0.5501308592795949,-0.04457115415968715,1.6462181099486695,2.7736286754568096,0.5573063012959686,3.408313017353189,0.8766498793906323,3.407147087098928,0.42543018478780414,0.4254301847874329,0,2.1584284481296,0.6152002273257393
558,-0.6832722915424965,0.6316865739850295,-0.5527292142784918,-0.040333570907684614,1.6502609077329975,2.7756561763390093,0.5585846149739189,3.416478018492362,0.8788461803448048,3.4155255617654,0.4249727291972967,0.4249727291972316,0,2.1613995037441214,0.6142566725944998
559,-0.6840649455533575,0.6307358641270566,-0.5552831446954022,-0.03607351834943725,1.6542883226662801,2.777636768224773,0.5599505028904127,3.4246414167707306,0.8810699294140806,3.423881370397787,0.42452524555979587,0.4245252455596633,0,2.1643192736115866,0.6133174946128186
560,-0.6849258106972915,0.6297946506888089,-0.5577927185487545,-0.031792595927859095,1.6583016016509344,2.7795714094410244,0.5614051954598592,3.4328058447573393,0.883321053199431,3.4322169061958827,0.4240876448207933,0.42408764482062655,0,2.167188613102449,0.6123827963377741
561,-0.6858551118475684,0.6288628001652662,-0.5602581137903219,-0.027492335134069318,1.6623019543473865,2.7814610800923325,0.5629497917508907,3.440973823234864,0.8855994515102918,3.4405344843821974,0.42365982976807426,0.4236598297674381,0,2.170008427892416,0.6114526521981474
562,-0.6868529342734819,0.6279401500284927,-0.5626796074922931,-0.023174199599188233,1.6662905504763823,2.783306775100609,0.5645852591025738,3.4491477588735906,0.8879050028059157,3.4488363383081073,0.42324169623940033,0.42324169623918273,0,2.1727796646823534,0.6105271104176504
563,-0.6879192373767139,0.6270265124631813,-0.5650575654984682,-0.018839585715194073,1.6702685177712824,2.7851094980482127,0.5663124334558847,3.4573299430731756,0.8902375691241161,3.457124616688079,0.4228331342344078,0.422833134234353,0,2.1755033027735924,0.6096061952740142
564,-0.6890538678039195,0.6261216778710078,-0.5673924326060261,-0.014489823694388828,1.6742369405161002,2.786870255773427,0.5681320203450538,3.4655225518283475,0.8925970005070178,3.4654013818413723,0.4224340289236279,0.4224340289235444,0,2.1781803464855978,0.6086899092869307
565,-0.6902565718675756,0.6252254181332644,-0.5696847233206442,-0.010126178986259313,1.6781968586048996,2.7885900536636874,0.5700445964908002,3.4737276464799667,0.8949831389424588,3.473668608822063,0.42204426156447195,0.4220442615646367,0,2.180811818360561,0.6077782353015126
566,-0.6915270072275812,0.6243374896259235,-0.5719350132125403,-0.005749853979079069,1.6821492670600071,2.790269891589516,0.5720506119405414,3.481947175220759,0.8973958218442761,3.481928185322711,0.4216637103295209,0.4216637103294625,0,2.1833987531227566,0.6068711384661079
567,-0.6928647538091827,0.6234576359878019,-0.5741439308839928,-0.0013619899229307382,1.686095115949171,2.7919107604222666,0.5741503926996157,3.4901829752346543,0.8998348850994734,3.4901819122434894,0.4212922510458057,0.42129225104574797,0,2.1859421923269444,0.6059685680950957
568,-0.6942693239495465,0.6225855906463573,-0.5763121505473449,0.0030363309815700954,1.6900353106455361,2.7935136390800706,0.5763441437993677,3.4984367753588432,0.9023001657130879,3.498431504826107,0.42092975785998643,0.420929757859803,0,2.1884431796662964,0.6050704594130729
569,-0.695740171776802,0.6217210791082443,-0.578440385203702,0.0074440833762106666,1.693970712378064,2.795079492048094,0.5786319527505033,3.5067101991675074,0.9047915040818084,3.5066785942592693,0.4205761038272957,0.4205761038269047,0,2.190902756866029,0.6041767351809728
570,-0.6972767018384308,0.6208638210249009,-0.5805293804039919,0.011860296460370649,1.697902139024866,2.796609267322351,0.5810137933309014,3.515004768387552,0.907308745928817,3.514924729671847,0.42023116143334116,0.42023116143315953,0,2.1933219601231477,0.6032873071985545
571,-0.6988782770028513,0.6200135320447502,-0.5825799085691693,0.016284051662717257,1.7018303661061613,2.798103894729586,0.5834895296598657,3.5233219065666175,0.9098517439313594,3.523171380438084,0.4198948030560694,0.41989480305593796,0,2.1957018170362383,0.6024020776924766
572,-0.7005442256645169,0.6191699254647443,-0.5845927638422634,0.020714480297873244,1.705756127938097,2.7995642845790822,0.5860589205129451,3.531662942923219,0.912420359071757,3.5314199387273426,0.4195669013685528,0.4195669013684664,0,2.198043343986867,0.6015209405919215
573,-0.7022738482871188,0.6183327136947461,-0.5865687574422553,0.02515076123143734,1.7096801189131863,2.800991326606062,0.5887216238337587,3.54002911631872,0.9150144617410976,3.5396717222395346,0.4192473296926946,0.4192473296926966,0,2.200347543910149,0.6006437826955469
574,-0.7040664233218276,0.6175016095481679,-0.5885087134885988,0.02959211857249342,1.7136029948769478,2.8023858891696984,0.5914772014021061,3.5484215792985245,0.9176339326230241,3.5479279770740804,0.4189359623059179,0.41893596230585106,0,2.2026154044329083,0.5997704847364242
575,-0.7059212125401195,0.6166763273727703,-0.5904134652639392,0.034037819408809275,1.7175253745745278,2.8037488186726507,0.5943251236195832,3.556841402158356,0.9202786633835891,3.5561898806879473,0.41863267470624566,0.4186326747058102,0,2.204847896322314,0.5989009223489457
576,-0.7078374658200455,0.6158565840346953,-0.5922838518832686,0.03848717159667432,1.7214478411444638,2.805080939171951,0.5972647743771321,3.5652895769983086,0.9229485571906084,3.564458544904498,0.4183373438381657,0.4183373438380822,0,2.2070459722247513,0.5980349669466087
577,-0.7098144254256534,0.6150420997687113,-0.5941207153379243,0.04293952161460995,1.725370943640035,2.806383052154623,0.6002954559711898,3.573767021733493,0.9256435290844944,3.572735018940513,0.4180498482899666,0.4180498482898598,0,2.2092105656397623,0.5971724865145069
578,-0.7118513298180744,0.6142325989070014,-0.5959248978838066,0.04739425248771486,1.729295198561643,2.8076559364541045,0.603416394037612,3.582274584035838,0.9283635062202662,3.581020292424159,0.4177700684539647,0.41777006845385545,0,2.2113425901300934,0.5963133463235271
579,-0.7139474170352389,0.6134278104979962,-0.5976972397448096,0.051850781787337964,1.7332210913864132,2.808900348286304,0.6066267424755146,3.590813045186728,0.9311084279985085,3.5893152983814747,0.4174978866654433,0.4174978866652057,0,2.2134429387127064,0.5954574095729304
580,-0.7161019276762703,0.6126274688261938,-0.5994385771035399,0.05630855970948804,1.7371490780831953,2.8101170213867475,0.6099255883353428,3.5993831238237988,0.9338782461014856,3.5976209161724184,0.41723318731499126,0.4172331873148374,0,2.215512483419608,0.5946045379657008
581,-0.7183141075248504,0.61183131384347,-0.6011497403528269,0.06076706723345161,1.7410795866038642,2.811306667232389,0.6133119566476469,3.607985479570205,0.9366729244488139,3.605937974362392,0.4169758569416495,0.41697585694146855,0,2.217552075007596,0.59375459222333
582,-0.720583209842413,0.611039091520522,-0.6028315525843194,0.06522581436159386,1.745013018342737,2.812469975333611,0.6167848151728784,3.6166207165357513,0.9394924390850711,3.614267253516118,0.4167257843053376,0.41672578430519946,0,2.219562542788195,0.5929074325450281
583,-0.7229084973630239,0.6102505541282623,-0.6044848282900538,0.06968433843972908,1.7489497495586812,2.8136076135840913,0.6203430790522966,3.6252893866850986,0.9423367780111953,3.622609488906635,0.41648286044424454,0.4164828604441486,0,2.221544694568782,0.5920629190148681
584,-0.7252892440161848,0.609465460456,-0.6061103722570721,0.07414220255747833,1.752890132754525,2.8147202286574298,0.6239856153454253,3.633991993066926,0.9452059409690438,3.6309653731306946,0.4162469787174221,0.41624697871710037,0,2.2234993166909782,0.5912209119655238
585,-0.7277247364049034,0.6086835759745728,-0.6077089786345298,0.07859899402672395,1.7568344980107666,2.815808446441247,0.6277112474388046,3.6427289929032796,0.9480999391881689,3.639335558627424,0.4160180348333742,0.41601803483325006,0,2.2254271741433906,0.5903812722974031
586,-0.7302142750620372,0.6079046729503877,-0.6092814301561169,0.08305432293643873,1.760783154270797,2.8168728725004004,0.631518759315135,3.651500800537344,0.951018795102105,3.647720660095976,0.415795926870534,0.4157959268703926,0,2.22732901073785,0.5895438617620585
587,-0.7327571755087358,0.6071285305173058,-0.6108284975001369,0.08750782078132181,1.7647363905761402,2.817914092562666,0.6354068996713765,3.660307790241492,0.953962542041256,3.656121256811765,0.41558055528388316,0.4155805552837897,0,2.229205549351959,0.5887085432101076
588,-0.7353527691326516,0.6063549347104271,-0.6123509387739207,0.09195913916193157,1.7686944772504336,2.8189326730202806,0.6393743858797177,3.6691502988856888,0.9569312239071106,3.664537894839017,0.4153718229062955,0.41537182290615915,0,2.231057492209734,0.5878751808099572
589,-0.7380004039073488,0.6055836784681454,-0.6138494991070633,0.09640794855334685,1.772657667032284,2.8199291614427793,0.6434199077827879,3.6780286284707056,0.9599248948336544,3.6729710891419876,0.41516963494087733,0.4151696349407148,0,2.232885521204706,0.5870436402375967
590,-0.7406994449681886,0.60481456160582,-0.6153249103421871,0.10085393713975951,1.7766261961565932,2.8209040870964066,0.6475421313197862,3.6869430485278345,0.9629436188395472,3.681421325594392,0.41497389894750425,0.41497389894722403,0,2.2346902982530663,0.5862137888425223
591,-0.7434492750609542,0.6040473907657933,-0.6167778908112119,0.10529680971182127,1.7806002853854956,2.82185796146659,0.6517397019789891,3.695893798390586,0.9659874694747264,3.689889062890626,0.41478452482313477,0.414784524822962,0,2.2364724656737742,0.5853854957922917
592,-0.746249294876204,0.6032819793462364,-0.6182091451878354,0.10973628662415318,1.7845801409890028,2.8227912787800347,0.6560112480760699,3.7048810893404815,0.9690565294641514,3.6983747343588997,0.41460142477892425,0.4146014247787506,0,2.238232646583072,0.5845586321960563
593,-0.7490989232843318,0.602518147413634,-0.619619364405382,0.11417210280985787,1.788565955677431,2.8237045165244834,0.6603553838551208,3.7139051066341824,0.9721508903518398,3.7068787496818865,0.41442451331118235,0.41442451331101093,0,2.2399714453117867,0.583733071212075
594,-0.7519975974799843,0.6017557215996757,-0.6210092256336731,0.11860400684944429,1.7925579094858894,2.8245981359631633,0.6647707124154615,3.722966011413526,0.975270652146266,3.7154014965245836,0.4142537071704935,0.4142537071702712,0,2.241689447823474,0.5829086881385965
595,-0.7549447730491493,0.600994534987137,-0.6223793923053971,0.12303176009103933,1.796556170613347,2.825472582642928,0.6692558284625495,3.732063942506678,0.9784159229697086,3.7239433420762236,0.4140889253270901,0.4140889253268578,0,2.2433872221504183,0.5820853604918543
596,-0.7579399239654959,0.6002344269848857,-0.6237305141872543,0.12745513581967075,1.8005608962168709,2.826328286893945,0.6738093208882017,3.7411990181217867,0.9815868187119866,3.732504634505884,0.413930088934394,0.41393008893418104,0,2.2450653188211582,0.5812629680721555
597,-0.7609825425272642,0.5994752431958951,-0.6250632274878941,0.1318739184725323,1.8045722331635272,2.827165664320419,0.6784297751802185,3.750371337440998,0.9847834626905766,3.741085704338445,0.4137771212899908,0.4137771212897372,0,2.2467242713012276,0.5804413930184746
598,-0.7640721392398936,0.5987168352785113,-0.626378154998746,0.13628790289802745,1.8085903187410832,2.8279851162809444,0.6831157756671281,3.759580982117735,0.9880059853170224,3.74968686575235,0.4136299477952785,0.4136299477950509,0,2.248364596424631,0.5796205198551827
599,-0.7672082426528417,0.5979590608032872,-0.6276759062620304,0.14069689365605226,1.8126152813295238,2.828787030358057,0.6878659076012011,3.7688280176825812,0.9912545237709247,3.7583084178032875,0.4134884959137024,0.41348849591343395,0,2.2499867948281818,0.578800235529116
600,-0.7703903991555934,0.5972017831063289,-0.6289570777621118,0.1451007043573137,1.8166472410349956,2.8295717808163103,0.692678759084883,3.7781124948624676,0.994529221681379,3.7669506455773454,0.41335269512801576,0.4133526951277,0,2.251591351373933,0.5779804294414608
601,-0.7736181727395566,0.5964448711407708,-0.6302222531357328,0.1494991570393338,1.8206863102880209,2.830339729048738,0.6975529228450877,3.7874344508176896,0.997830228816691,3.7756138212770716,0.41322247689623115,0.4132224768960322,0,2.253178735576295,0.5771609934716193
602,-0.7768911447291231,0.5956881993264574,-0.6314720033987093,0.15389208157725837,1.824732594407367,2.831091224011099,0.7024869978622198,3.7967939103000887,1.0011577007819032,3.78429820524265,0.41309777460844055,0.41309777460803065,0,2.254749402011716,0.5763418219981853
603,-0.7802089134874561,0.5949316473997457,-0.6327068871850628,0.15827931512735588,1.8287861921316089,2.8318266026440755,0.7074795908579653,3.8061908867380616,1.0045117987244792,3.793004046913044,0.4129785235405308,0.4129785235402359,0,2.2563037907301284,0.5755228119131122
604,-0.7835710941011492,0.5941751002638008,-0.63392745099606,0.1626607016013531,1.8328471961198054,2.832546190283458,0.7125293176484517,3.8156253832515272,1.0078926890484097,3.8017315857292133,0.4128646608113986,0.41286466081096695,0,2.257842327647552,0.5747038626345677
605,-0.7869773180453905,0.5934184478394943,-0.6351342294575357,0.1670360911699017,1.836915693422684,2.833250301057905,0.7176348043694202,3.825097393600251,1.0113005431356858,3.8104810519819825,0.4127561253356724,0.4127561253353238,0,2.2593654249422066,0.5738848761145388
606,-0.7904272328345042,0.592661584918181,-0.6363277455824969,0.1714053397934919,1.8409917659261512,2.833939238274861,0.7227946885785916,3.834606903070043,1.014735537075801,3.8192526676082985,0.4126528577811217,0.41265285778060523,0,2.2608734814267217,0.5730657568466757
607,-0.7939205016598194,0.5919044110165208,-0.6375085110374666,0.17576830877917432,1.845075490768224,2.834613294794579,0.7280076202417147,3.8441538892996054,1.0181978514026568,3.828046646937898,0.41255480052119875,0.41255480052097226,0,2.262366882925872,0.572246411867809
608,-0.7974568030171961,0.5911468302337443,-0.6386770264110101,0.18012486436170067,1.849166940731181,2.8352727533924953,0.7332722626084632,3.8537383230519016,1.0216876708386067,3.8368631973935634,0.4124618975928991,0.41246189759256646,0,2.263846002628765,0.5714267507627189
609,-0.8010358303262576,0.5903887511115332,-0.6398337814829981,0.18447487730769568,1.853266184609681,2.835917887110103,0.7385872929844729,3.863360168932231,1.0252051840452767,3.8457025201464528,0.4123740946502512,0.4123740946500296,0,2.2653112014443284,0.5706066856641216
610,-0.8046572915438027,0.5896300864974151,-0.6409792554929454,0.18881822254146186,1.8573732875568214,2.8365489595948254,0.743951403404631,3.8730193860575013,1.0287505833810735,3.854564810730492,0.4122913389213818,0.4122913389210643,0,2.266762828337808,0.5697861312560635
611,-0.8083209087715223,0.5888707534106928,-0.6421139174072077,0.19315477879128778,1.8614883114084342,2.837166225428804,0.7493633012151334,3.882715928677205,1.0323240646644105,3.863450259615578,0.41221357916395496,0.41221357916368806,0,2.268201220660332,0.5689650047673269
612,-0.8120264178602931,0.5881106729116427,-0.6432382261836753,0.1974844282552546,1.8656113149873257,2.8377699304470485,0.7548217095695371,3.8924497467498593,1.0359258269427114,3.872359052742848,0.4121407656223357,0.41214076562215807,0,2.2696267044672593,0.568143225978905
613,-0.8157735680142512,0.5873497699758725,-0.6443526310316428,0.20180705628497952,1.8697423543889518,2.838360312045876,0.7603253678414915,3.902220786479909,1.0395560722674377,3.8812913720268387,0.41207284998426985,0.4120728499841486,0,2.2710395948270126,0.5673207172172812
614,-0.8195621213905314,0.586587973369815,-0.6454575716695989,0.20612255108703312,1.8738814832481285,2.8389375994805714,0.765873031965982,3.912028990811251,1.0432150054728715,3.8902473958195185,0.41200978533888444,0.41200978533833954,0,2.2724401961180374,0.5664974033600112
615,-0.8233918527033517,0.5858252155334013,-0.6465534785753002,0.21043080344014628,1.8780287529898476,2.839502014154618,0.771463474705266,3.9218742998883585,1.0469028339612416,3.8992272993476926,0.41195152613333397,0.4119515261331945,0,2.273828802324514,0.5656732118285706
616,-0.8272625488221192,0.5850614324615525,-0.6476407732346067,0.21473170642866862,1.8821842130619424,2.8400537698979917,0.7770954858572267,3.9317566514749442,1.0506197674894513,3.9082312551119216,0.41189802813269005,0.4118980281323803,0,2.2752056973017836,0.564848072595125
617,-0.8311740083770173,0.5842965635941064,-0.6487198683806729,0.21902515518999505,1.886347911154263,2.840593073238111,0.7827678723967643,3.9416759813457265,1.0543660179621475,3.917259433263653,0.4118492483780549,0.411849248377665,0,2.2765711550579004,0.5640219181790993
618,-0.8351260413627292,0.5835305517069053,-0.6497911682291427,0.22331104667621454,1.8905198934021017,2.84112012366124,0.7884794585655417,3.9516322236430055,1.058141799226728,3.9263120019507554,0.4118051451456277,0.41180514514525113,0,2.277925440007953,0.5631946836517714
619,-0.8391184687453934,0.5827633428072677,-0.650855068706343,0.22758927942894583,1.8947002045760803,2.8416351138658538,0.7942290859099904,3.961625311204089,1.0619473268718898,3.935389127637598,0.411765677907483,0.4117656779069381,0,2.279268807225127,0.5623663066388
620,-0.8431511220722449,0.5819948860332729,-0.6519119576706558,0.23185975336663955,1.8988888882588295,2.842138230008075,0.8000156132724573,3.97165517586031,1.065782818028923,3.944490975400029,0.41173080729051037,0.41173080729010203,0,2.2806015026871718,0.5615367273197425
621,-0.8472238430839182,0.5812251335564266,-0.6529622151271915,0.23612236958394478,1.9030859870090981,2.8426296519393204,0.8058379167403035,3.9817217487090635,1.0696484911753452,3.9536177091962514,0.4117004950386154,0.41170049503846884,0,2.281923763501722,0.5607058884363574
622,-0.8513364833298892,0.5804540404879918,-0.6540062134353137,0.24037703016235512,1.9072915425138919,2.8431095534366486,0.8116948895561165,3.9918249603602223,1.0735445659405576,3.9627694921147474,0.41167470397366035,0.4116747039732216,0,2.2832358181398695,0.5598737352955316
623,-0.8554889037872956,0.5796815647887678,-0.6550443175090173,0.24462363799184023,1.9115055957292773,2.84357810242598,0.8175854419931476,4.001964741158317,1.0774712629133283,3.971946486600251,0.41165339795517,0.4116533979550383,0,2.284537886649091,0.5590402157756538
624,-0.8596809744832534,0.578907667182295,-0.6560768850099905,0.2488620966027654,1.9157281870103298,2.8440354611985605,0.8235085011991957,4.012141021381717,1.081428803450735,3.9811488546587896,0.4116365418458039,0.41163654184562004,0,2.285830180863832,0.5582052803334858
625,-0.8639125741208692,0.578132311071424,-0.6571042665333329,0.2530923100078436,1.919959356230749,2.844481786620923,0.8294630110123143,4.02235373141996,1.0854174094883755,3.990376758042625,0.41162410147134576,0.41162410147088613,0,2.2871129046076106,0.5573688820120051
626,-0.868183589709208,0.5773554624582509,-0.658126805785755,0.2573141825535481,1.9241991428926435,2.8449172303386523,0.8354479317512576,4.032602801930446,1.0894373033516556,3.9996303584160864,0.41161604358386006,0.41161604358339643,0,2.288386253888266,0.5565309764490673
627,-0.8724939161962229,0.5765770898667315,-0.6591448397568154,0.26152761878081343,1.9284475862267114,2.845341938973989,0.8414622399844307,4.042888163974793,1.0934887075674167,4.008909817502247,0.41161233582641765,0.4116123358259647,0,2.2896504170854026,0.5556915218871881
628,-0.8768434561066897,0.5757971642690487,-0.6601586988821531,0.2657325232943644,1.932704725283567,2.84575605431799,0.8475049282784368,4.053209749137233,1.0975718446766487,4.018215297212763,0.4116129466956284,0.4116129466951499,0,2.2909055751326877,0.5548504791839401
629,-0.8812321191824151,0.5750156590139563,-0.6611687072002128,0.26992880064088454,1.9369705990161261,2.846159713516757,0.8535750049312866,4.063567489623798,1.101686937046787,4.027546959759106,0.41161784550624025,0.4116178455057864,0,2.292151901691871,0.5540078118234892
630,-0.8856598220282693,0.5742325497591766,-0.6621751825005938,0.2741163551949457,1.9412452463540524,2.846553049252975,0.8596714936893668,4.07396131834602,1.105834206685089,4.036904967749084,0.4116270023553579,0.4116270023548685,0,2.2933895633230215,0.5531634859285415
631,-0.8901264877603654,0.5734478144054621,-0.663178436466083,0.2782950910533126,1.9455287062698399,2.846936189921863,0.8657934334539885,4.084391168986894,1.1100138750512096,4.046289484265761,0.41164038808735404,0.4116403880868811,0,2.2946187196470396,0.5523174702733216
632,-0.8946320456586054,0.5726614330336992,-0.6641787748071569,0.28246491193674245,1.9498210178373392,2.847309259802554,0.8719398779772908,4.094856976051859,1.1142261628698356,4.055700672931604,0.4116579742590438,0.41165797425854,0,2.2958395235038123,0.551469736297304
633,-0.8991764308236497,0.5718733878447435,-0.6651764973891592,0.28662572109930856,1.9541222202829471,2.8476723792248326,0.8781098955499202,4.10535867490515,1.1184712899434066,4.065138697957941,0.41167973310500194,0.41167973310449923,0,2.2970521211044534,0.5506202581189474
634,-0.9037595838367154,0.5710836631012128,-0.6661718983529069,0.29077742124507555,1.9584323530295478,2.8480256647312707,0.8843025686832672,4.115896201791438,1.1227494749639515,4.07460372417938,0.41170563750346023,0.4117056375029573,0,2.298256652179081,0.5497690125507573
635,-0.9083814504236619,0.5702922450717958,-0.6671652662281544,0.29491991445187266,1.9627514557335388,2.848369229235164,0.8905169937870223,4.126469493844177,1.127060935324741,4.084095917074479,0.41173566094240077,0.41173566094192715,0,2.2994532501192557,0.5489159791144105
636,-0.9130419811231476,0.5694991219779373,-0.6681568840401171,0.29905310210195374,1.9670795683153333,2.848703182174423,0.8967522808437458,4.137078489081258,1.1314058869316002,4.093615442773125,0.4117697774857594,0.4117697774852167,0,2.3006420421168725,0.5480611400560043
637,-0.9177411309581922,0.5687042839424067,-0.6691470294094926,0.30317688481953314,1.9714167309834167,2.849027629661445,0.90300755308253,4.147723126388062,1.135784544013507,4.103162468050443,0.41180796174009004,0.4118079617395489,0,2.301823149298105,0.5472044803617981
638,-0.9224788591110042,0.5679077229394784,-0.6701359746461736,0.30729116241510174,1.9757629842518645,2.84934267462898,0.909281946653372,4.158403345488267,1.1401971189323874,4.1127371603073835,0.41185018882171365,0.4118501888211714,0,2.302996686852901,0.5463459877744947
639,-0.9272551286027302,0.567109432747742,-0.67112398683593,0.3113958338360925,1.9801183689522794,2.8496484169726854,0.9155746103019305,4.169119086904398,1.144643821992946,4.122339687540023,0.4118964343236846,0.41189643432314527,0,2.3041627641621503,0.5454856528089667
640,-0.9320699059760736,0.5663094089039995,-0.6721113279213071,0.31549079712418676,1.9844829262395443,2.849944953689841,0.921884705048024,4.1798702919067345,1.1491248612515481,4.131970218295765,0.41194667428338017,0.4119466742828011,0,2.3053214849200523,0.5446234687681386
641,-0.9369231609825383,0.5655076486593631,-0.6730982547759361,0.3195759493788248,1.9888566975921735,2.8502323790148485,0.928211403867144,4.19065690245279,1.1536404423250437,4.141628921618717,0.4120008851500958,0.4120008851495327,0,2.306472947254329,0.5437594317589141
642,-0.9418148662722893,0.5647041509361399,-0.6740850192734344,0.32365118672726334,1.993239724806828,2.8505107845511235,0.9345538913780259,4.20147886111603,1.158190768198554,4.151315966982507,0.41205904375335667,0.41205904375288593,0,2.307617243841763,0.5428935407076172
643,-0.9467449970895674,0.5638989162870253,-0.6750718683497019,0.32771640430051596,1.9976320499878575,2.850780259400126,0.9409113635348028,4.212336111006469,1.162776039033864,4.161031524213358,0.41212112727089356,0.4121211272703016,0,2.30875446202283,0.5420257973756084
644,-0.951713530970835,0.5630919468550927,-0.6760590440600289,0.3317714962156603,2.0020337155315087,2.851040890286986,0.9472830273266788,4.223228595681867,1.1673964519769344,4.1707757634017195,0.4121871131973964,0.4121871131970578,0,2.309884683912537,0.5411562063727682
645,-0.9567204474477214,0.5622832463351328,-0.6770467836304348,0.33581635556414074,2.006444764105127,2.851292761683234,0.9536681004851383,4.234156259050702,1.1720522009658465,4.180548854803591,0.4122569793131663,0.412256979312819,0,2.3110079865087627,0.5402847751726108
646,-0.9617657277535531,0.5614728199360345,-0.6780353195037998,0.3398508744061709,2.0108652386214554,2.8515359559264266,0.9600658111995723,4.245119045267282,1.1767434765385112,4.190350968731775,0.4123307036536621,0.412330703653045,0,2.312124441799648,0.5394115141249669
647,-0.9668493545350798,0.5606606743446145,-0.6790248793804016,0.34387494377094424,2.015295182208446,2.8517705533370834,0.9664753978413229,4.256116898619979,1.181470465641215,4.200182275438004,0.41240826447819545,0.4124082644778153,0,2.3132341168665445,0.5385364364687155
648,-0.9719713115673942,0.5598468176896136,-0.6800156862540078,0.34788845366308074,2.019734638174161,2.851996632332466,0.9728961086986823,4.267149763411582,1.186233351437039,4.210042944984527,0.4124896402411742,0.412489640240564,0,2.3143370739884257,0.5376595583422796
649,-0.9771315834750794,0.5590312595076395,-0.6810079584423017,0.35189129307451034,2.0241836499678225,2.8522142695379755,0.9793272017203625,4.278217583834747,1.1910323131159237,4.21993314710851,0.41257480955970793,0.41257480955912285,0,2.315433370741771,0.5367808987945195
650,-0.9823301554561866,0.5582140107084742,-0.6820019096135951,0.35588335000272536,2.0286422611359427,2.852423539895299,0.9857679442720462,4.289320303839552,1.1958675257047355,4.229853051075473,0.4126637511865112,0.4126637511859137,0,2.3165230601002746,0.5359004797933125
651,-0.9875670130129379,0.557395083542377,-0.6829977488081308,0.3598645114743875,2.0331105152749296,2.852624516768299,0.9922176129019878,4.30045786699742,1.2007391598795598,4.239802825526685,0.41275644397927946,0.4127564439786502,0,2.317606190533616,0.5350183262327715
652,-0.9928421416866047,0.5565744915671946,-0.683995680455611,0.3638346635748901,2.0375884559795576,2.85281727204597,0.9986754931196319,4.311630216359067,1.2056473817790914,4.249782638317486,0.41285286687232015,0.4128528668715008,0,2.3186828061044675,0.5341344659389375
653,-0.9981555267977535,0.5557522496160882,-0.6849959043885553,0.36779369148360885,2.0420761267876215,2.8530018762427454,1.0051408791859742,4.322837294308119,1.2105923528198894,4.259792656348367,0.4129529988472418,0.41295299884663783,0,2.319752946565737,0.5332489296748322
654,-1.003507153192206,0.5549283737654338,-0.685998615851857,0.37174147951495634,2.046573571120974,2.8531783985961168,1.0116130739169586,4.3340790424103055,1.2155742295140142,4.269833045388447,0.41305681890698875,0.41305681890621937,0,2.3208166474527103,0.5323617511409999
655,-1.0088970049934076,0.5541028813038841,-0.687004005508154,0.37567791116461796,2.051080832223376,2.853346907161857,1.0180913884978564,4.345355401260464,1.2205931632894376,4.279903969893979,0.41316430604538135,0.4131643060449197,0,2.3218739401821673,0.5314729669773759
656,-1.0143250653599711,0.5532757907005935,-0.6880122594403983,0.3796028691618096,2.0555979530947672,2.8535074689062734,1.0245751423126443,4.356666310325009,1.2256493003130184,4.290005592818759,0.4132754392224842,0.4132754392217879,0,2.3229248521445234,0.5305826167597072
657,-1.0197913162501018,0.552447121574178,-0.6890235591508118,0.3835162355268123,2.060124976422678,2.8536601497959997,1.0310636627854797,4.368011707782669,1.2307427813170253,4.3001380754197545,0.4133901973364873,0.41339019733584337,0,2.3239694067962557,0.5296907429973783
658,-1.0252957381926662,0.551616894661623,-0.6900380815568666,0.38741789163392415,2.0646619445105334,2.853805014885119,1.0375562852357192,4.379391530363178,1.2358737414294088,4.3103015770573725,0.41350855919820795,0.4135085591976069,0,2.3250076237582364,0.5287973911247907
659,-1.0308383100652514,0.5507851317874006,-0.6910559989844225,0.3913077182797127,2.0692088992037085,2.853942128399622,1.0440523527460408,4.390805713184839,1.241042310008221,4.320496254991368,0.4136305035054455,0.41363050350460107,0,2.326039518902779,0.5279026094944337
660,-1.0364190088793894,0.549951855832022,-0.6920774791584783,0.39518559575670864,2.0737658818124287,2.854071553819145,1.0505512160450734,4.402254189590341,1.2462486104806254,4.330722264171449,0.4137560088174628,0.4137560088166736,0,2.3270651044542117,0.5270064493626814
661,-1.0420378095734453,0.5491170907009791,-0.6931026851914184,0.3990514039320642,2.0783329330329545,2.854193353956057,1.0570522334025736,4.413736890983284,1.251492760186881,4.340979757025478,0.4138850535320806,0.4138850535313767,0,2.328084389075668,0.5261089648783801
662,-1.0476946848138033,0.5482808612935032,-0.6941317755690648,0.4029050223312073,2.0829100928664386,2.854307591031875,1.0635547705382178,4.425253746664583,1.2567748702300494,4.351268883244172,0.4140176158602471,0.4140176158596891,0,2.329097377968453,0.5252102130614467
663,-1.0533896048033535,0.547443193470111,-0.6951649041355203,0.4067463302269892,2.0874974005357503,2.854414326750688,1.0700582005458412,4.436804683668694,1.2620950453311797,4.361589789561921,0.4141536738045517,0.4141536738037159,0,2.3301040729615585,0.5243102537862603
664,-1.0591225370997919,0.5466041140213843,-0.696202220075504,0.41057520673281384,2.092094894401078,2.8545136223701357,1.076561903828063,4.448389626603119,1.2674533836913926,4.371942619538183,0.41429320513552503,0.41429320513472323,0,2.3311044726102157,0.5234091497576312
665,-1.064893446442177,0.5457636506349773,-0.6972438678961158,0.4143915309012023,2.0967026118736745,2.854605538769313,1.0830652680472916,4.460008497487954,1.2728499768606802,4.382327513335025,0.4144361873718174,0.4144361873710243,0,2.3320985722850756,0.5225069664813713
666,-1.0707022945871192,0.5449218318631261,-0.6982899874070633,0.4181951818263832,2.1013205893288385,2.8546901365139705,1.0895676880879637,4.471661215599295,1.2782849096140807,4.392744607495702,0.4145825977582396,0.41458259775768336,0,2.3330863642735404,0.5216037722383984
667,-1.0765490401544364,0.5440786870893844,-0.6993407137002303,0.4219860387514951,2.1059488620176676,2.85476747591879,1.096068566032556,4.483347697315251,1.2837582598356225,4.403194034722526,0.41473241324696275,0.4147324132460235,0,2.334067837868436,0.5206996380476725
668,-1.0824336384831506,0.5432342464947122,-0.700396177128691,0.42576398117995184,2.1105874639782893,2.8548376171067256,1.1025673111508705,4.495067855965431,1.289270098410863,4.413675923654984,0.4148856104766878,0.4148856104759655,0,2.3350429794711336,0.5197946376335301
669,-1.0883560414973077,0.5423885410231196,-0.7014565032854917,0.4295288889909347,2.1152364279466305,2.854900620065356,1.1090633399015954,4.506821601684885,1.2948204891278166,4.424190398649378,0.41504216575745745,0.4150421657567891,0,2.3360117726812035,0.5188888473822315
670,-1.0943161975829983,0.5415416023467149,-0.7025218129822595,0.4332806425585348,2.1198957852668956,2.854956544700305,1.1155560759463465,4.518608841272732,1.3004094885874957,4.434737579560166,0.41520205505189844,0.41520205505089747,0,2.336974198396792,0.5179823463005713
671,-1.1003140514767484,0.5406934628308631,-0.7035922222277484,0.43701912287422034,2.1245655658026115,2.855005450885755,1.1220449501742684,4.530429478057293,1.3060371461243199,4.445317581525337,0.4153652539581272,0.41536525395739154,0,2.337930234915523,0.5170752159679299
672,-1.106349544164216,0.5398441554973241,-0.7046678422075578,0.4407442116734188,2.129245797847387,2.855047398511582,1.1285294007411317,4.5422834117651965,1.3117035037362004,4.4559305147524,0.4155317376979857,0.4155317376972363,0,2.338879858022894,0.5161675404859003
673,-1.1124226127915753,0.5389937139880724,-0.7057487792638882,0.4444557915644671,2.133936508036835,2.8550824475277303,1.1350088731169687,4.55417053839883,1.3174085960257371,4.466576484310786,0.4157014810999513,0.41570148109928096,0,2.3398230411022434,0.5152594064232372
674,-1.1185331905879907,0.5381421725273711,-0.7068351348768607,0.4481537461611055,2.1386377212610967,2.855110657985174,1.141482820146822,4.566090750119407,1.3231524501520375,4.477255589926942,0.4158744585882861,0.4158744585875427,0,2.3407597552226838,0.5143509027599418
675,-1.1246812068016139,0.5372895658846185,-0.7079270056462793,0.45183796021667594,2.143349460578814,2.8551320900741004,1.1479507021189381,4.578043935139493,1.328935085794653,4.487967925787287,0.4160506441699747,0.41605064416943205,0,2.3416899692480952,0.5134421208240605
676,-1.1308665866465475,0.5364359293349891,-0.7090244832757465,0.4555083197616072,2.148071747132339,2.8551468041585153,1.154411986845945,4.590029977621615,1.334756515128528,4.4987135803444875,0.41623001142608373,0.4162300114252795,0,2.342613649929828,0.5125331542263138
677,-1.1370892512636424,0.535581298620387,-0.7101276545579156,0.45916471224235295,2.1528046000647527,2.855154860807942,1.1608661497534973,4.602048757586794,1.3406167428117692,4.509492636132204,0.41641253350065277,0.416412533499543,0,2.343530762009345,0.5116240987954295
678,-1.1433491176940629,0.534725709909899,-0.7112366013616401,0.46280702666183543,2.157548036439002,2.855156320825899,1.1673126739772424,4.614100150832262,1.3465157659857714,4.520305169587432,0.4165981830925569,0.41659818309177865,0,2.344441268322574,0.5107150525007325
679,-1.1496460988652384,0.5338691997584878,-0.7123514006219229,0.4664351537222462,2.1623020711590164,2.8551512452749206,1.1737510504705637,4.626184028857294,1.3524535742878854,4.531151250878916,0.41678693245161624,0.4167869324507558,0,2.345345129889864,0.5098061153825988
680,-1.1559801035912933,0.5330118050665269,-0.7134721243314006,0.47004898596769823,2.1670667168936837,2.8551396954987145,1.1801807781166909,4.638300258800868,1.3584301498777547,4.542030943746865,0.4169787533696492,0.4169787533689182,0,2.3462423060268733,0.5088973894694586
681,-1.16235103658571,0.5321535630376298,-0.7145988395351304,0.4736484179286055,2.171841984003381,2.8551217331407837,1.1866013638502095,4.650448703388199,1.364445467476377,4.552944305349975,0.4171736171783955,0.41717361717745827,0,2.347132754439257,0.5079889786988501
682,-1.1687587984885897,0.5312945111367992,-0.7157316083275886,0.4772333462656724,2.1766278804696286,2.855097420160124,1.193012322783015,4.662629220889147,1.370499494419348,4.563891386123951,0.4173714947456908,0.41737149474459034,0,2.3480164313247096,0.5070809888318912
683,-1.1752032859068324,0.5304346870475788,-0.7168704878529719,0.48080366991434625,2.1814244118280146,2.8550668188435444,1.199413178336857,4.674841665087002,1.376592190723445,4.574872229649682,0.4175723564744669,0.4175723564733611,0,2.348893291474159,0.506173527366228
684,-1.1816843914676647,0.5295741286285747,-0.7180155303087631,0.4843592902290615,2.1862315811045874,2.8550299918147917,1.2058034623811265,4.68708588525842,1.3827235091669192,4.585886872532179,0.41777617230198283,0.4177761723012057,0,2.34976328836891,0.5052667034436276
685,-1.1882020038865255,0.5287128738698834,-0.7191667829523106,0.48790011112650516,2.1910493887560314,2.8549870020406294,1.21218271537419,4.699361726165408,1.3888933953842284,4.596935344291711,0.41798291170250934,0.4179829117017846,0,2.3506263742795293,0.5043606277590165
686,-1.1947560080479291,0.5278509608492749,-0.7203242881109397,0.4914260392277983,2.1958778326136885,2.8549379128338073,1.2185504865077175,4.711669028059252,1.395101787974324,4.608017667267255,0.41819254368813175,0.41819254368730796,0,2.351482500367288,0.5034554124635595
687,-1.2013462851003724,0.5269884276882001,-0.7214880831954891,0.49493698399900865,2.2007169078318536,2.854882787852986,1.2249063338535024,4.724007626696626,1.4013486186233484,4.619133856532691,0.41840503681328745,0.418405036812346,0,2.352331616781234,0.5025511710690638
688,-1.2079727125635298,0.5261253125063523,-0.7226582007182066,0.4984328578909523,2.2055666068402098,2.854821691099392,1.2312498245148331,4.736377353366335,1.407633812240729,4.63028391982381,0.4186203591800204,0.4186203591793558,0,2.3531736727526824,0.5016480183442384
689,-1.2146351644495899,0.5252616533774684,-0.7238346683137117,0.5019135764755444,2.210426919300893,2.854754686910823,1.237580534775778,4.748778034930032,1.413957287109587,4.641467857481171,0.4188384784461885,0.41883847844531075,0,2.354008616692833,0.5007460702151993
690,-1.2213335113974872,0.5243974882845924,-0.7250175087640671,0.5053790585800587,2.2152978320701413,2.8546818399526273,1.2438980502519013,4.761209493874836,1.4203189550509316,4.652685662405945,0.41905936182960746,0.4190593618288223,0,2.354836396287695,0.49984544366238026
691,-1.228067620819164,0.5235328550744137,-0.7262067400282263,0.5088292264190917,2.220179329164733,2.85460321520572,1.2502019660425163,4.773671548376936,1.426718721601026,4.663937320027929,0.41928297612138365,0.41928297612064425,0,2.3556569585892686,0.4989462566140679
692,-1.2348373570589697,0.5226677914133785,-0.7274023752747406,0.5122640057219658,2.2250713917332106,2.854518877952146,1.2564918868777213,4.786164012379661,1.4331564862022974,4.675222808290957,0.41950928769427787,0.41950928769335927,0,2.356470250110082,0.4980486278394416
693,-1.2416425815651573,0.5218023347418819,-0.7286044229192868,0.5156833258579729,2.2299739980323317,2.8544288937576354,1.2627674272684872,4.798686695681311,1.439632142407683,4.686542097648979,0.41973826251484336,0.41973826251393254,0,2.3572762169107127,0.49715267684425957
694,-1.2484831530727345,0.5209365222302331,-0.7298128866657354,0.5190871199565938,2.234887123408365,2.854333328451846,1.2690282116501017,4.8112394040367645,1.4461455780971053,4.697895151079424,0.41996986615687715,0.4199698661559599,0,2.35807480468955,0.4962585237596766
695,-1.255358927798113,0.5200703907342097,-0.7310277655514676,0.5224753250238242,2.2398107402836205,2.854232248106005,1.2752738745239505,4.82382193927021,1.452696675706804,4.709281924109923,0.42020406381519626,0.4202040638142701,0,2.3588659588691367,0.49536628923421944
696,-1.262269759644462,0.5192039767506978,-0.732249053996867,0.5258478820541469,2.244744818148198,2.8541257190081737,1.281504060595818,4.836434099399099,1.4592853124705238,4.720702364859081,0.42044082032163965,0.420440820320821,0,2.3596496246793737,0.4944760943260511
697,-1.2692155004177963,0.5183373163738833,-0.7334767418587774,0.5292047361375559,2.249689323556961,2.854013807636234,1.287718424909184,4.849075678769653,1.4659113606724536,4.732156414092053,0.420680100161521,0.42068010016067703,0,2.360425747238906,0.49358806039440317
698,-1.2761960000529298,0.5174704452530131,-0.7347108144875044,0.5325458365604384,2.254644220131478,2.8538965806289385,1.293916632970307,4.8617464682045,1.4725746879109356,4.74364400529241,0.42092186749075444,0.42092186748989047,0,2.3611942716376486,0.4927023089887923
699,-1.2832111068490717,0.5166033985485041,-0.7359512527885705,0.5358711369029115,2.2596094685677124,2.853774104754548,1.3000983608729373,4.874446255158502,1.4792751573733285,4.755165064744369,0.4211660861553954,0.42116608615443196,0,2.3619551430094288,0.49181896174237005
700,-1.2902606677143198,0.5157362108912564,-0.7371980332872503,0.5391805951282693,2.264585026648056,2.853646446878032,1.3062632954098379,4.887174823887638,1.4860126281203645,4.766719511633634,0.4214127197103654,0.42141271970939864,0,2.3627083066102053,0.49093814026465
701,-1.2973445284183207,0.5148689163403787,-0.7384511281978585,0.5424741736685862,2.2695708492595226,2.8535136739260243,1.3124111341830111,4.899931955625105,1.49278695538032,4.778307258157979,0.4216617314412885,0.4216617314403015,0,2.363453707887344,0.4900599660354845
702,-1.3044625338532425,0.5140015483441164,-0.7397105054954501,0.5457518395019436,2.274566888415674,2.8533758528506814,1.318541585699999,4.912717428769429,1.4995979908519337,4.789928209655649,0.42191308438420627,0.421913084383287,0,2.364191292549183,0.4891845602988756
703,-1.3116145283013936,0.513134139698699,-0.7409761289923628,0.5490135642260832,2.2795730932850677,2.8532330505914523,1.3246543694694672,4.925531019078123,1.5064455830157935,4.801582264741773,0.42216674135013044,0.4221667413491845,0,2.3649210066283373,0.4883120439602493
704,-1.3188003557097125,0.5122667225115964,-0.7422479584166009,0.5522593241225126,2.2845894102228512,2.8530853340360594,1.3307492160792194,4.938372499873423,1.5133295774528681,4.813269315463684,0.42242266494578873,0.42242266494498626,0,2.3656427965476827,0.48744253748537325
705,-1.3260198599701978,0.5113993281624702,-0.7435259494946437,0.5554891002167582,2.289615782808795,2.852932769979804,1.336825867273514,4.951241642252159,1.520249817170617,4.824989247462857,0.4226808175996022,0.4226808175985879,0,2.366356609177325,0.48657616079957977
706,-1.3332728852054778,0.5105319872684849,-0.7448100540359965,0.5587028783292318,2.2946521518879597,2.8527754250842428,1.3428840760124292,4.964138215306298,1.5272061429346215,4.836741940154524,0.4229411615832419,0.42294116158250405,0,2.3670623918900318,0.4857130331913688
707,-1.3405592760588563,0.5096647296478475,-0.7461002200216951,0.5619006491216627,2.299698455617633,2.8526133658345008,1.3489236065287982,4.9770619863468175,1.5341983936062071,4.848527266913562,0.42320365903996415,0.42320365903907664,0,2.367760092614717,0.4848532732169546
708,-1.3478788779889215,0.508797584286145,-0.74739639169468,0.5650824081352535,2.304754629517718,2.8524466584960506,1.354944234370969,4.9900127211354794,1.5412264064850763,4.860345095274307,0.4234682720069105,0.4234682720059517,0,2.36844965988442,0.48399699860854595
709,-1.355231537566521,0.5079305793045923,-0.7486985096524312,0.5682481558214161,2.3098206065243456,2.8522753690709366,1.3609457464332386,5.002990184122166,1.5482900176551833,4.872195287141495,0.42373496244208875,0.42373496244129916,0,2.36913104288322,0.4831443261846977
710,-1.3626171027753444,0.5070637419281812,-0.7500065109421528,0.5713978975665447,2.314896317048714,2.8520995632533013,1.36692794097945,5.015994138685662,1.5553890623350464,4.884077699008711,0.42400369225154444,0.42400369225070556,0,2.369804191487207,0.4822953717637013
711,-1.37003542331379,0.5061970984552483,-0.751320329158105,0.5745316437101439,2.3199816890393805,2.851919306384501,1.3728906276555843,5.0290243473785345,1.56252337523022,4.89599218218614,0.4242744233139275,0.424274423312903,0,2.37046905629976,0.48145025008137976
712,-1.3774863508984312,0.5053306742307947,-0.7526398945395367,0.5776494095535627,2.3250766480463128,2.8517346634084335,1.3788336274852067,5.042080572177519,1.5696927908874274,4.907938583040588,0.42454711750787544,0.424547117506729,0,2.371125588692572,0.4806090747124041
713,-1.3849697395683755,0.504464493618277,-0.7539651340713466,0.5807512153646683,2.330181117290459,2.8515456988262535,1.3847567728617793,5.05516257473378,1.57689714405072,4.919916743238417,0.42482173673872126,0.4248217367377658,0,2.3717737408312125,0.4797719579918365
714,-1.3924854459892448,0.5035985799747733,-0.7552959715853333,0.5838370863741054,2.3352950177347482,2.8513524766514333,1.390659907524865,5.06827011662703,1.5841362700174813,4.931926499998812,0.4250982429660115,0.42509824296511556,0,2.3724134657038194,0.4789390109450591
715,-1.4000333297573837,0.5027329556269581,-0.756632327862524,0.5869070527651719,2.3404182681586807,2.8511550603649147,1.39654288652724,5.08140295962044,1.5914100049950073,4.943967686352348,0.4253765982293045,0.42537659822825713,0,2.3730447171428457,0.47811034321863266
716,-1.407613253702032,0.5018676418500334,-0.7579741207359593,0.5899611496561713,2.3455507852337023,2.8509535128707024,1.4024055761871388,5.094560865917597,1.5987181864553464,4.956040131407708,0.42565676467431524,0.4256567646735805,0,2.373667449850528,0.47728606301764653
717,-1.4152250841870933,0.5010026588455392,-0.7593212651947953,0.5929994170783808,2.3506924836038623,2.8507478964515323,1.408247854036862,5.10774359841716,1.6060606534902067,4.968143660619032,0.425938704582395,0.42593870458092953,0,2.3742816194066743,0.47646627704068045
718,-1.4228686914093294,0.5001380257244027,-0.7606736734874655,0.5960218999445879,2.355843275964501,2.850538272725561,1.4140696087506859,5.120950920970405,1.613437247162037,4.980278096063737,0.42622238039238014,0.426222380391156,0,2.3748871822901756,0.4756510904318967
719,-1.430543949695197,0.49927376048800853,-0.7620312552261708,0.5990286480147462,2.3610030731465432,2.8503247026031384,1.4198707400719062,5.134182598634602,1.6208478108542788,4.992443256718256,0.42650775473102875,0.42650775472992386,0,2.375484095880129,0.4748406067187094
720,-1.4382507377937892,0.49840988001394976,-0.7633939174898812,0.6020197158526156,2.366171784198972,2.8501072462448485,1.4256511587210918,5.147438397927459,1.6282921906171897,5.004638958741756,0.42679479043620727,0.42679479043529267,0,2.376072318467213,0.4740349277745275
721,-1.4459889391662641,0.49754640004117845,-0.7647615649280242,0.6049951627791087,2.3713493164748733,2.8498859630199234,1.4314107863001446,5.160718087077598,1.6357702355105799,5.016865015758807,0.42708345058385144,0.4270834505829679,0,2.3766518092515043,0.47323415376589173
722,-1.453758442271972,0.49668333515793567,-0.7661340998626803,0.6079550528184847,2.376535575717604,2.849660911465871,1.4371495551833635,5.174021436273511,1.6432817979425898,5.0291212391457085,0.42737369851212237,0.4273736985106613,0,2.377222528341687,0.47243838311995967
723,-1.461559140848729,0.4958206987920531,-0.7675114223899093,0.6108994546390062,2.381730466145784,2.8494321492491324,1.44286740839661,5.187348217909717,1.6508267340025289,5.041407438318882,0.427665497845354,0.42766549784418206,0,2.3777844367551086,0.47164771249052295
724,-1.4693909341902993,0.49495850320062157,-0.76889343048063,0.6138284414902978,2.3869338905427107,2.8491997331264995,1.4485642994935235,5.200698206827981,1.658404903790661,5.053723421020671,0.4279588125198046,0.4279588125185807,0,2.3783374964034785,0.47086223671952654
725,-1.4772537274172304,0.4940967594635952,-0.7702800200793147,0.6167420911338293,2.3921457503420815,2.848963718908056,1.454240192416156,5.214071180556134,1.6660161717406858,5.066068993608442,0.4282536068053633,0.42825360680429636,0,2.3788816700859297,0.4700820488190871
726,-1.4851474317437823,0.49323547747663127,-0.7716710852020883,0.6196404857710677,2.397365945717484,2.848724161420913,1.4598950613535973,5.227466919540869,1.6736604069380743,5.07844396133958,0.42854984533124507,0.42854984533006135,0,2.3794169214683656,0.46930723994915136
727,-1.4930719647373734,0.4923746659492323,-0.7730665180315621,0.622523711963635,2.4025943756658537,2.848481114474855,1.465528890581843,5.240885207378539,1.681337483429833,5.09084812866094,0.42884749310335124,0.42884749310233516,0,2.3799432150788835,0.46853789939302004
728,-1.50102725057528,0.49151433239892744,-0.7744662090119323,0.6253918605548691,2.407830938099109,2.8482346308283732,1.4711416743113896,5.254325831037018,1.6890472805315127,5.103281299488442,0.42914651553135985,0.42914651553006467,0,2.380460516272896,0.4677741145517782
729,-1.5090132202918594,0.4906544831529663,-0.7758700469396382,0.6282450265817909,2.4130755299252042,2.8479847621570364,1.4767334165103794,5.267788581076331,1.6967896831233165,5.1157432774933,0.42944687844511664,0.4294468784438217,0,2.380968791222188,0.46701597093114966
730,-1.5170298120229129,0.4897951233465111,-0.7772779190536829,0.6310833091884666,2.4183280471368755,2.8477315590224324,1.4823041307350255,5.281273251860378,1.704564581943054,5.128233866378386,0.4297485481172756,0.4297485481161458,0,2.3814680068829635,0.46626355213625015
731,-1.5250769712423964,0.48893625692444354,-0.7786897111226274,0.6339068115340182,2.4235883848954844,2.8474750708429215,1.4878538399472405,5.294779641764298,1.7123718738703115,5.140752870154737,0.43005149128317965,0.43005149128235987,0,2.3819581309662237,0.46551693987436327
732,-1.5331546509928378,0.4880778866451001,-0.7801053075288932,0.6367156406973666,2.4288564376126764,2.8472153458658376,1.493382576324858,5.308307553376148,1.7202114622033302,5.153300093415321,0.4303556751573714,0.43035567515627493,0,2.382439131912406,0.464776213949496
733,-1.5412628121095449,0.4872200140846026,-0.7815245913505681,0.6395099075800095,2.4341320990316713,2.8469524311410748,1.4988903810682639,5.32185679369175,1.7280832569287554,5.165875341603758,0.4306610674520408,0.4306610674508451,0,2.3829109788601492,0.4640414522770011
734,-1.5494014234397426,0.4863626396416207,-0.7829474444407258,0.6422897268074074,2.439415262309013,2.846686372495974,1.5043773042046649,5.335427174302949,1.7359871749852773,5.178478421277867,0.4309676363947976,0.430967636393901,0,2.38337364160405,0.46331273088937097
735,-1.5575704620551682,0.48550576254354905,-0.7843737475037758,0.6450552166282525,2.444705820094421,2.8464172145117086,1.5098434043872697,5.349018511579472,1.7439231405196352,5.191109140368872,0.43127535074622103,0.43127535074487944,0,2.383827090557058,0.46259012395082877
736,-1.5657699134561693,0.48464938085684467,-0.7858033801675575,0.6478064988090952,2.450003664601943,2.846145000501586,1.515288748681667,5.3626306268458945,1.7518910851326628,5.203767308439828,0.4315841798110598,0.43158417980978925,0,2.384271296723185,0.46187370377423775
737,-1.5739997717739653,0.48379349149349915,-0.7872362210542239,0.6505436985323373,2.4553086876906622,2.845869772490006,1.5207134123632846,5.376263346549406,1.7598909481227039,5.216452736932328,0.4318940934574562,0.4318940934561084,0,2.384706231643908,0.4611635408422061
738,-1.5822600399638544,0.4829380902223942,-0.7886721478464456,0.6532669442895277,2.460620780934366,2.8455915711934803,1.526117478700628,5.389916502423118,1.7679226767183978,5.229165239413096,0.43220506212820764,0.43220506212675325,0,2.3851318673603847,0.4604597038289566
739,-1.5905507299936719,0.4820831716803803,-0.7901110373507898,0.6559763677749253,2.465939835692098,2.84531043600283,1.5315010387396093,5.403589931642071,1.7759862263055262,5.241904631813384,0.43251705685358566,0.43251705685271347,0,2.385548176371513,0.4597622596287372
740,-1.598871863028259,0.48122872938289923,-0.7915527655582347,0.6586721037797282,2.471265743180623,2.8450264049666005,1.536864191089994,5.417283476972265,1.7840815606486005,5.254670732661077,0.4328300492675723,0.4328300492661725,0,2.3859551315768313,0.45907127338568365
741,-1.607223469604374,0.4803747557396125,-0.7929972076998312,0.6613542900824056,2.4765983945326013,2.844739514776435,1.542207041697944,5.430996986915019,1.7922086521013258,5.267463363312271,0.4331440116112739,0.43314401160968496,0,2.3863527062492835,0.4583868085226315
742,-1.615605589806054,0.47952124206552293,-0.7944442383006886,0.6640230673433695,2.481937680868225,2.8444498007530177,1.5475297036331603,5.444730315842813,1.8003674818163453,5.280282348170409,0.43345891675131565,0.43345891674973824,0,2.386740873967492,0.4577089267809331
743,-1.6240182734306203,0.4786681785970676,-0.7958937312290796,0.6666785789963853,2.4872834933516925,2.844157296833898,1.55283229686279,5.4584833241305635,1.8085580399440655,5.293127514904683,0.4337747381844004,0.4337747381842778,0,2.387119608578174,0.45703768825453484
744,-1.6324615801544586,0.47781555450520186,-0.7973455597433127,0.6693209711434894,2.4926357232570457,2.843862035562058,1.55811494803613,5.472255878279693,1.816780325829947,5.305998694658282,0.43409145005481387,0.4340914500529647,0,2.3874888841255286,0.45637315143127033
745,-1.6409355796869045,0.4769633579156247,-0.7987995965325735,0.6719503924446375,2.4979942620107853,2.8435640480767406,1.5633777902497676,5.486047851038483,1.8250343481981373,5.318895722258364,0.43440902714550633,0.4344090271451524,0,2.387848674839728,0.45571537323594935
746,-1.6494403519323038,0.4761115759192682,-0.8002557137581439,0.6745669940174438,2.5033590012655926,2.8432633641037457,1.5686209628443986,5.499859121513161,1.8333201253423033,5.331818436407901,0.43472744490859294,0.4347274449072367,0,2.3881989550275224,0.45506440907151724
747,-1.657975987133927,0.47526019459544766,-0.8017137830864656,0.677170929327169,2.5087298329311363,2.8429600119489185,1.5738446111657787,5.513689575277596,1.841637685296305,5.344766679886044,0.43504667945146647,0.4350466794497563,0,2.3885396990750007,0.4544203128685034
748,-1.666542586027532,0.47440919902503664,-0.8031736757224596,0.6797623540869052,2.5141066492383293,2.8426540184909475,1.579048886358504,5.527539104474485,1.849987066013398,5.357740299730669,0.4353667075553671,0.4353667075535319,0,2.388870881353015,0.45378313713266705
749,-1.6751402599841057,0.4735585733102505,-0.8046352624371259,0.682341426154012,2.5194893427792824,2.8423454091762705,1.5842339451426497,5.541407607913252,1.8583683155329784,5.37073914742225,0.43568750667754497,0.435687506675829,0,2.389192476177579,0.4531529329936479
750,-1.6837691311525433,0.4727083005929785,-0.8060984135920364,0.6849083054292754,2.524877806551804,2.842034208014685,1.5893999495976552,5.555294991162746,1.8667814921457166,5.383763079060264,0.43600905495537123,0.4360090549536024,0,2.3895044577533318,0.45252975025632525
751,-1.6924293326001072,0.4718583630733425,-0.8075629991604745,0.6874631537581298,2.530271934001209,2.8417204375758685,1.5945470669487487,5.56920116663934,1.8752266645550624,5.3968119555340435,0.436331331211377,0.43633133120945766,0,2.389806800114701,0.45191363745544066
752,-1.7011210084506494,0.4710087420290746,-0.8090288887446913,0.6900061348329346,2.535671619058516,2.8414041189869224,1.5996754693541095,5.5831260536909575,1.8837039120349102,5.4098856426890345,0.4366543149561881,0.43665431495442464,0,2.3900994770724058,0.451304641909271
753,-1.7098443140219437,0.47015941783441934,-0.8104959515900919,0.6925374140981567,2.541076756177886,2.8410852719306234,1.6047853336968578,5.597069578676906,1.8922133245850215,5.422984011487205,0.4369779863928671,0.4369779863908221,0,2.3903824621500847,0.4507028097746053
754,-1.7185994159611777,0.4693103699803032,-0.8119640565952452,0.6950571586561777,2.5464872403690317,2.8407639146446693,1.6098768413766769,5.61103167504439,1.9007550030829086,5.436106938163847,0.43730232641800804,0.4373023264161393,0,2.390655728534275,0.4501081861042402
755,-1.7273864923806874,0.46846157709365116,-0.813433072319073,0.6975655371766133,2.5519029672298617,2.8404400639215304,1.6149501781076534,5.62501228340131,1.909329059434675,5.449254304378548,0.4376273166248863,0.43762731662306975,0,2.3909192490102837,0.4495208149052381
756,-1.7362057329929546,0.46761301695750596,-0.8149028669841589,0.700062719806982,2.557323832975075,2.8401137351090875,1.6200055337173387,5.639011351586225,1.9179356167235135,5.4624259973625735,0.43795293930481183,0.43795293930257495,0,2.3911729959059826,0.44894073919634847
757,-1.745057339245664,0.46676466653124066,-0.8163733084766353,0.7025488780857385,2.562749734462205,2.839784942111963,1.6250431019492275,5.653028834735501,1.926574809356814,5.47562191006203,0.4382791774467074,0.43827917744445344,0,2.391416941036404,0.44836800106898567
758,-1.753941524458263,0.46591650197029283,-0.8178442643430395,0.705024184858397,2.5681805692172817,2.8394536973933433,1.6300630802706273,5.667064695347958,1.9352467832133924,5.488841941276565,0.4386060147400046,0.43860601473768535,0,2.3916510556388983,0.4478026417470451
759,-1.762858513958504,0.46506849864668065,-0.8193156017833214,0.7074888141951629,2.5736162354558414,2.8391200119775273,1.6350656696818922,5.681118903347441,1.94395169578916,5.502085995795131,0.4389334355737169,0.4389334355711423,0,2.3918753103203025,0.44724470164943364
760,-1.7718085452213124,0.46422063116911244,-0.8207871876408014,0.7099429413116591,2.57905663210311,2.8387838954528832,1.640051074530899,5.695191436143677,1.9526897163437307,5.5153539845280655,0.43926142503584886,0.4392614250331386,0,2.3920896749963503,0.44669422044785767
761,-1.7807918680093122,0.46337287340304745,-0.8222588883888408,0.7123867424922814,2.5845016588119085,2.838445355975322,1.6450195023315566,5.709282278691465,1.9614610260473053,5.528645824635875,0.43958996891382496,0.4395899689108216,0,2.3922941188301206,0.4461512371363838
762,-1.7898087445158548,0.4625251984909478,-0.8237305701141296,0.7148203950158363,2.5899512159782474,2.838104400272198,1.6499711635857763,5.723391423548938,1.970265818128602,5.541961439655592,0.4399190536929183,0.439919053689918,0,2.39248861017789,0.4456157900855313
763,-1.7988594495107921,0.46167757887233674,-0.8252020984967902,0.7172440770840863,2.5954052047546,2.8377610336466255,1.6549062716099496,5.737518870934831,1.9791042980241784,5.555300759624348,0.44024866655547146,0.44024866655251627,0,2.3926731165261996,0.44508791711080864
764,-1.8079442704898354,0.4608299863037601,-0.8266733387873186,0.7196579677529402,2.600863527061811,2.8374152599820928,1.6598250423657792,5.751664628785338,1.9879766835299644,5.568663721200769,0.44057879537969,0.44057879537652966,0,2.3928476044347424,0.444567655538044
765,-1.8170635078276025,0.4599823918786285,-0.8281441557803766,0.7220622468664557,2.6063260855987576,2.83706708174744,1.6647276942954683,5.765828712810885,1.9968832049551482,5.582050267784527,0.4409094287380326,0.44090942873405936,0,2.3930120394757286,0.4440550422597491
766,-1.826217474934406,0.45913476604727244,-0.8296144137851926,0.7244570949930869,2.6117927838489803,2.8367165000021304,1.6696144481601627,5.780011146552901,2.005824105278413,5.595460349634404,0.4412405558928145,0.4412405558885668,0,2.3931663861831978,0.44355011380688314
767,-1.8354064984191139,0.45828707863614554,-0.8310839765933697,0.7268426933656371,2.6172635260883146,2.8363635144016515,1.6744855268851955,5.794211961441313,2.0147996403090214,5.608893923984643,0.4415721667985597,0.4415721667941068,0,2.393310607980679,0.44305290640834194
768,-1.844630918255926,0.45743929886752777,-0.8325527074431349,0.7292192238231536,2.6227382173879046,2.836008123203249,1.6793411554075677,5.808431196852687,2.023810078850433,5.622350955160733,0.44190425209700646,0.4419042520919563,0,2.39344466713095,0.44256345605797653
769,-1.8538910879574082,0.45659139537884247,-0.8340204689807394,0.7315868687558783,2.628216763616568,2.83565032327179,1.6841815605286645,5.822668900169759,2.0328557028689356,5.635831414694571,0.4422368031141217,0.44223680310884683,0,2.3935685246791474,0.44208179857735264
770,-1.863187374753811,0.4557433362417582,-0.8354871232187987,0.7339458110530072,2.6336990714415363,2.8352901100857624,1.6890069707715663,5.8369251268423215,2.041936807667275,5.649335281439112,0.4425698118588479,0.44256981185356015,0,2.3936821403911694,0.44160796967912397
771,-1.8725201597794146,0.45489508898087977,-0.8369525314917248,0.7362962340533614,2.6391850483289483,2.8349274777433764,1.6938176162435032,5.851199940450034,2.051053702064071,5.6628625416829665,0.4429032710223406,0.44290327101611493,0,2.393785472686898,0.441142005037809
772,-1.8818898382649916,0.45404662059286477,-0.8384165544079503,0.738638321498494,2.64467460253867,2.834562418968848,1.6986137285008602,5.86549341276744,2.060206708578131,5.676413189265906,0.4432371739705294,0.4432371739625536,0,2.3938784785983707,0.4406839403470748
773,-1.8912968197393878,0.4531978975647219,-0.8398790517992942,0.7409722574886991,2.650167643122299,2.8341949251186995,1.7033955404205667,5.879805623831571,2.069396163620587,5.689987225694621,0.44357151474417833,0.44357151473434353,0,2.3939611137043197,0.4402338113865065
774,-1.9007415282389568,0.45234888589199646,-0.841339882667511,0.7432982264421205,2.6556640799176234,2.8338249861880667,1.708163286075667,5.894136662012337,2.0786224176937824,5.703584660259554,0.4439062880569975,0.44390628804409493,0,2.394033332062591,0.4397916540886482
775,-1.9102244025254875,0.45149955109700585,-0.8427989051276025,0.7456164130561153,2.6611638235409463,2.8334525908171546,1.7129172006144406,5.908486624086253,2.087885835597373,5.717205510153508,0.4442414892937885,0.4442414892740678,0,2.39409508615782,0.43935750460231127
776,-1.9197458963138698,0.4506498582466393,-0.8442559763483453,0.7479270022715552,2.6666667853791384,2.833077726297665,1.7176575201446271,5.922855615313525,2.097186796643027,5.730849800591659,0.44457711451116344,0.44457711447162374,0,2.3941463268279364,0.4389313993575277
777,-1.9293064844073515,0.44979977114941055,-0.8457109533906747,0.7502301805669639,2.6721728839544814,2.832700378283276,1.722384485305362,5.937243757032633,2.1065257006410385,5.744517571727614,0.44491275655297446,0.444913160616792,0,2.39418700337486,0.4385122303162645
778,-1.9374174792679708,0.44908098486795417,-0.8469388908083432,0.7521710762179789,2.676828750238697,2.8323795140769628,1.726369252611176,5.9494189563097715,2.1144483852146227,5.756087265330543,0.4451974969015984,0.44519749694036204,0,2.3942131054243676,0.4381664085428012
779,-1.9470056753293987,0.4482341157570841,-0.8483827443805985,0.7544502170745344,2.682314239482072,2.831999360909706,1.731049912954544,5.963774276258672,2.1238136407716293,5.769733364548787,0.44553271396579186,0.44553271398414585,0,2.394234075447635,0.43776528540980664
780,-1.9566799790264455,0.44738271544138847,-0.849830975371462,0.7567333515320303,2.6878287505609366,2.831614871527556,1.7357402305605298,5.97821748162643,2.1332625780770034,5.783468059593512,0.4458699426103414,0.44586994262215685,0,2.394244452459028,0.4373704190347225
781,-1.9663953178149576,0.4465307820963027,-0.8512765482912308,0.7590097862595294,2.6933460615063334,2.8312278326275218,1.7404181061525057,5.992680348410279,2.142751107243961,5.797226434741867,0.44620758541694894,0.4462075854253822,0,2.3942440533391474,0.43698377926366927
782,-1.9761522378017673,0.4456782784768018,-0.8527193134320002,0.7612797070374675,2.698866087942881,2.8308382237561625,1.745083779332752,6.007163033112419,2.1522796970814166,5.811008564526648,0.44654564226762816,0.4465456422748344,0,2.3942328182800936,0.4366054054549653
783,-1.9859513019608341,0.444825166993152,-0.8541591196614994,0.7635432997314245,2.7043887462049496,2.8304460231534336,1.7497374900144211,6.02166570145369,2.1618488327033507,5.824814532481073,0.44688411369697123,0.44688411370291514,0,2.3942106854448495,0.43623533769140854
784,-1.995793090404046,0.4439714097312385,-0.8555958143323339,0.7658007502651427,2.7099139532900463,2.830051207761195,1.7543794783146744,6.036188528411318,2.171459015778917,5.838644431209675,0.44722300088236566,0.447223000886928,0,2.394177590915839,0.43587361683215065
785,-2.0056782007203937,0.44311696846819254,-0.8570292431961918,0.7680522446089353,2.7154416268385435,2.829653753229678,1.7590099844772926,6.050731698344183,2.1811107648485972,5.852498362541395,0.4475623056445064,0.44756230564889954,0,2.3941334686339024,0.43552028458334524
786,-2.0156072483316825,0.4422618046878344,-0.8584592503147912,0.7702979687704139,2.720971685113302,2.829253633923982,1.763629248799334,6.065295405125657,2.190804615655684,5.8663764376886816,0.4479020304480761,0.44790203045224297,0,2.3940782503416544,0.43517538357051055
787,-2.0255808668658712,0.44140587959552063,-0.8598856779680181,0.7725381087885749,2.7265040469784974,2.828850822930575,1.7682375115631492,6.079879852284414,2.20054112149435,5.8802787774126335,0.44824217839768865,0.44824217840100355,0,2.3940118655264255,0.4348389573942404
788,-2.0355997085483977,0.4405491541328651,-0.8613083665587805,0.7747728507303673,2.73203863187684,2.8284452920639,1.7728350129722659,6.094485253153685,2.2103208535745384,5.894205512195135,0.4485827532370026,0.4485827532387707,0,2.393934241360549,0.43451105069835005
789,-2.045664444614424,0.43969158899160976,-0.8627271545149445,0.7770023806902111,2.737575359811784,2.828037011872872,1.7774219930935182,6.109111831029796,2.2201444014066047,5.908156782418112,0.4489237593434008,0.4489237593460911,0,2.393845302646673,0.43419170921859074
790,-2.0557757657358002,0.43883314462875084,-0.8641418781873363,0.7792268847921118,2.743114151309231,2.8276259516480238,1.7819986917982185,6.123759819338732,2.2300123731996986,5.922132738550708,0.449265201737856,0.44926520174005,0,2.3937449717577555,0.43388097988286933
791,-2.065934382477198,0.43797378127909115,-0.8655523717454391,0.7814465491949895,2.748654927405553,2.827212079428077,1.7865653487156135,6.138429461814725,2.23992539628792,5.936133541344722,0.44960708607254074,0.4496070860746606,0,2.3936331685822836,0.4335789108397021
792,-2.076141025767922,0.43711345896930986,-0.8669584670690621,0.7836615601009789,2.7541976096093834,2.8267953620072936,1.7911222031844622,6.1531210126876825,2.2498841175712623,5.950159362039059,0.44994941863853066,0.4499494186375954,0,2.393509810460709,0.43328555154354875
793,-2.0863964474077163,0.43625213752898045,-0.8683599936375971,0.7858721037667259,2.759742119898144,2.8263757649421914,1.795669494218657,6.167834736884433,2.259889203988954,5.964210382573795,0.4502922063509516,0.45029220635287803,0,2.393374812146195,0.43300095279055206
794,-2.0967014205767227,0.435389776606648,-0.8697567784137857,0.7880783665175704,2.765288380640653,2.8259532525602693,1.8002074604586658,6.182570910236128,2.2699413429965922,5.978286795813972,0.45063545677680295,0.45063545677868744,0,2.393228085716558,0.43272516683838536
795,-2.107056740400265,0.4345263356780409,-0.8711486457268778,0.7902805347656305,2.7708363146144515,2.8255277879666547,1.8047363401538403,6.1973298197059,2.280041243095827,5.992388805784874,0.45097917810722965,0.45097917810891563,0,2.393069540547538,0.4324582474140266
796,-2.1174632245205864,0.43366177405938544,-0.8725354171500507,0.7924787950306394,2.7763858449495356,2.825099333052885,1.8092563711304885,6.212111763624006,2.290189634370554,6.00651662791844,0.45132337917176213,0.45132337917331533,0,2.3928990832394197,0.43220024980904626
797,-2.1279217137075555,0.43279605091773604,-0.8739169113752472,0.7946733339648125,2.781936895100408,2.8246678485053143,1.8137677907739418,6.226917051939355,2.3003872690605274,6.020670489311948,0.45166806943714466,0.4516680694381674,0,2.392716617566516,0.4319512309339095
798,-2.138433072498213,0.4319291252814823,-0.8752929440838617,0.7968643383807836,2.787489388809139,2.824233293814213,1.8182708360136122,6.2417460064853,2.3106349221625515,6.034850628999905,0.4520132590078956,0.4520132590092629,0,2.392522044419783,0.43171124939056815
799,-2.1489981898720614,0.43106095604960937,-0.8766633278141421,0.7990519952841796,2.7930432500702054,2.8237956272831792,1.822765743316195,6.256598961261811,2.3209333920661237,6.049057298239908,0.45235895862902487,0.4523589586301884,0,2.392315261746946,0.4314803655322268
800,-2.1596179799605713,0.4301915020006073,-0.878027871824423,0.8012364919094842,2.7985984030921958,2.823354806039243,1.8272527486838188,6.271476262733731,2.3312835012219133,6.063290760813025,0.45270517968684043,0.452705179688041,0,2.392096164503925,0.43125864153192195
801,-2.1702933827952995,0.4293207218003575,-0.8793863819526412,0.8034180157607717,2.804154772257034,2.8229107860435376,1.8317320876597172,6.286378270147269,2.3416860968474875,6.077551293340214,0.45305193421233625,0.4530519342134607,0,2.3918646445930474,0.43104614144688913
802,-2.1810253650961573,0.42844857400919356,-0.8807386604717679,0.8055967546566406,2.8097122820774922,2.8224635221027126,1.8362039953407483,6.301305355865059,2.3521420516717164,6.0918391856152905,0.4533992348839124,0.45339923488483436,0,2.391620590812651,0.4308429312869646
803,-2.1918149211036293,0.42757501708771434,-0.882084505941329,0.8077728967800953,2.815270857154881,2.8220129678810046,1.8406687063984122,6.316257905721681,2.362652264721634,6.106154740955963,0.45374709502953214,0.45374709503057375,0,2.3913638887989475,0.4306490790785098
804,-2.202663073455422,0.4267000094017559,-0.8834237130545313,0.8099466307335008,2.8208304221303,2.8215590759132936,1.8451264551070126,6.331236319399966,2.373217662152197,6.120498276573608,0.4540955286329158,0.45409552863392366,0,2.3910944209746305,0.43046465493581954
805,-2.2135708741139863,0.4258235092256677,-0.8847560724814214,0.8121181455991485,2.8263909016384754,2.821101797618923,1.849577475382134,6.346241010830652,2.383839198125265,6.134870123963559,0.4544445503356753,0.4544445503363186,0,2.390812066493008,0.4302897311223366
806,-2.2245394053446463,0.42494547474456934,-0.8860813707073711,0.8142876310054742,2.8319522202541036,2.82064108331664,1.8540220008271877,6.361272408615699,2.3945178557375106,6.149270629316844,0.4547941754421303,0.45479417544298784,0,2.3905167011893633,0.4301243821242027
807,-2.2355697807513493,0.42406586405457863,-0.8873993898673832,0.8164552771998621,2.8375143024397502,2.8201768822405207,1.858460264791723,6.376330956477878,2.405254648004165,6.163700153955039,0.45514441992677424,0.45514441992780896,0,2.390208197522365,0.4299686847152322
808,-2.2466631463710356,0.4231846351616022,-0.8887099075755402,0.8186212751279607,2.8430770724869427,2.8197091425571648,1.8628925004396089,6.391417113737592,2.416050618899514,6.178159074789719,0.455495300438689,0.4554953004394924,0,2.3898864245266593,0.4298227180275527
809,-2.257820681833415,0.42230174597779885,-0.8900126967499673,0.8207858165205236,2.84864045445724,2.819237811384041,1.8673189408303865,6.406531355819444,2.426906844460837,6.192647784808205,0.4558468343073927,0.4558468343083275,0,2.3895512477618936,0.4296865636195113
810,-2.2690436015893494,0.4214171543159663,-0.8913075254327997,0.8229490939881043,2.8542043721175725,2.8187628348092235,1.87173981901313,6.421674174790264,2.4378244339588333,6.2071666935875065,0.45619903955219687,0.45619903955297114,0,2.389202529260702,0.4295603055460995
811,-2.2803331562129263,0.4205308178814111,-0.8925941566051612,0.8251113011242033,2.8597687488718906,2.8182841579126334,1.8761553681344927,6.436846079930777,2.448804531139569,6.221716227838266,0.4565519348884699,0.456551934888926,0,2.3888401274800337,0.42944403042997337
812,-2.2916906337843836,0.4196426942608324,-0.8938723479970994,0.8272726326178842,2.8653335076902913,2.8178017247886564,1.880565821562937,6.452047598343778,2.4598483155448663,6.236296831981051,0.45690553973728565,0.4569055397378341,0,2.3884638972553547,0.4293378275313482
813,-2.3031173613573848,0.4187527409083611,-0.8951418518919818,0.8294332843761745,2.870898571030547,2.817315478570579,1.884971413028756,6.467279275600919,2.470957003914558,6.250908968757274,0.45725987423453596,0.45725987423518566,0,2.388073689747096,0.4292417888216522
814,-2.31461470652018,0.41786091512781864,-0.8964024149255672,0.831593453657724,2.87646386075683,2.816825361456578,1.8893723767835235,6.482541676431426,2.4821318516798994,6.265553119877137,0.45761495924233664,0.45761495924307694,0,2.387669352399229,0.4291560090552533
815,-2.3261840790557753,0.4169671740511999,-0.8976537778792434,0.8337533392180275,2.8820292980528253,2.8163313147376035,1.8937689477791415,6.497835385455704,2.4933741545531114,6.280229786707539,0.45797081635995984,0.4579708163603031,0,2.387250728892286,0.42908058584322006
816,-2.3378269327102057,0.4160714746128225,-0.8988956754672995,0.8359131414679007,2.887594803326696,2.815833278827133,1.8981613618688034,6.513161007967401,2.504685250221876,6.294939491003,0.45832746793548296,0.4583274679358471,0,2.3868176590963563,0.4290156197286539
817,-2.3495447670772416,0.4151737735186296,-0.9001278361179474,0.8380730626457634,2.893160296111345,2.8153311932929164,1.9025498560319183,6.528519170767544,2.5160665201568952,6.309682775682678,0.45868493708132174,0.45868493708177693,0,2.38636997902852,0.42896121426233913
818,-2.361339129609616,0.41427402721001816,-0.901349981747887,0.8402333070055654,2.898725694956734,2.814824996890739,1.9069346686255082,6.543910523055139,2.5275193915423113,6.324460205657304,0.4590432476877475,0.4590432476882502,0,2.385907520808532,0.4289174760807284
819,-2.373211617766796,0.41337219182180013,-0.9025618275299242,0.8423940810213558,2.904290917313605,2.814314627600347,1.9113160396638555,6.559335737378534,2.539045339338675,6.339272368709916,0.4594024244397974,0.4594024244403423,0,2.3854301126156967,0.42888451498304336
820,-2.3851638813110903,0.4124682231334193,-0.9037630816533883,0.844555593610205,2.9098558794089557,2.8138000226635396,1.915694211129685,6.574795510652566,2.5506458884899357,6.354119876434578,0.459762492835079,0.45976249283564474,0,2.3849375786479494,0.42886244401320406
821,-2.397197624765164,0.41156207651279336,-0.904953445076903,0.8467180563753088,2.915420496111007,2.813281118624495,1.9200694273196481,6.590290565247119,2.5623226162870862,6.369003365238092,0.4601234792023643,0.46012347920335483,0,2.3844297390786573,0.4288513795430511
822,-2.409314610044389,0.4106537068520136,-0.9061326112729149,0.848881683870754,2.9209846807835516,2.8127578513723828,1.9244419352270201,6.605821650152809,2.5740771549014645,6.383923497409685,0.460485410724625,0.46048541072518034,0,2.3839064100148724,0.428851441355949
823,-2.4215166592787285,0.4097430684940162,-0.9073002659636569,0.8510466938912647,2.926548345119522,2.8122301561863656,1.9288119849651426,6.621389542230191,2.58591119410202,6.398880962264252,0.4608483154605536,0.4608483154599967,0,2.383367403453022,0.428862752731773
824,-2.433805657854256,0.40883011514764717,-0.9084560868477841,0.8532133077840265,2.9321113990218084,2.811697967781878,1.9331798302415724,6.636995047553967,2.5978264841852265,6.413876477367945,0.4612122223673705,0.46121222236785364,0,2.382812527242665,0.4288854405378535
825,-2.4461835576488467,0.407914799795829,-0.9095997433164433,0.8553817507990557,2.937673750312325,2.8111612203619014,1.937545728865165,6.652639002845694,2.6098248390941694,6.4289107898446884,0.46157716133642346,0.4615771613366666,0,2.3822415850317102,0.4289196353289597
826,-2.4586523805610354,0.406997074585199,-0.910730896159244,0.8575522524579302,2.9432353046431645,2.810619847666584,1.9419099433302969,6.668322277029438,2.62190813982059,6.4439846777860215,0.4619431632143023,0.4619431632148132,0,2.381654376231493,0.42896547143349206
827,-2.4712142222719193,0.40607689070709685,-0.9118491972576088,0.8597250469676065,2.948795965211524,2.8100737830281424,1.9462727414410177,6.684045772892867,2.634078338033695,6.459098951757127,0.46231025984194973,0.46231025984213137,0,2.3810506959635607,0.4290230870632201
828,-2.4838712563230643,0.40515419826052607,-0.9129542892656308,0.8619003736669075,2.954355632548719,2.8095229594260416,1.950634397010474,6.699810428883345,2.6463374600145824,6.474254456419065,0.4626784840873177,0.4626784840878999,0,2.3804303350100775,0.42909262441421525
829,-2.496625738509964,0.4042289460996282,-0.9140458052761827,0.8640784775160688,2.9599142042505764,2.8089673095447276,1.9549951906264014,6.71561722104152,2.6586876108962874,6.489452072272363,0.4630478698884053,0.46304786988877433,0,2.3797930797608924,0.42917422978277964
830,-2.5094800116349387,0.4033010816619049,-0.9151233684715687,0.8662596096316272,2.965471574697516,2.8084067658326632,1.9593554104967197,6.73146716508985,2.671130979251681,6.50469271753576,0.46341845229357936,0.46341845229396994,0,2.3791387121488192,0.42926805368234167
831,-2.5224365106497917,0.40237055077595885,-0.9161865917566168,0.868444027871477,2.97102763474566,2.8078412605626855,1.9637153533800573,6.747361318688835,2.6836698420583898,6.519977350171731,0.4637902675120935,0.46379026751254715,0,2.3784670095901195,0.42937425097129234
832,-2.5354977682265725,0.4014372974466469,-0.9172350773721537,0.8706319974745688,2.9765822713876626,2.807270725893467,1.9680753256091676,6.763300783877479,2.696306570077637,6.535306970073249,0.46416335296579514,0.4641633529660658,0,2.3777777449071875,0.4294929809852057
833,-2.548666420801453,0.40050126361488725,-0.9182684164868535,0.872823791761459,2.9821353673814768,2.8066950939314363,1.97243564421762,6.779286709716414,2.7090436336903405,6.5506826214276845,0.4645377473467369,0.46453774734703135,0,2.377070686245194,0.42962440768541565
834,-2.561945215138245,0.39956238888972984,-0.9192861887646064,0.8750196929010144,2.987686800843775,2.806114296792782,1.9767966381788065,6.795320295153174,2.7218836092351752,6.56610539527496,0.46491349068203736,0.4649134906822585,0,2.3763455969781875,0.4297686998136494
835,-2.5753370154655375,0.3986206102496302,-0.9202879619044622,0.8772199927503154,2.9932364448035904,2.805528266664949,1.9811586497686842,6.811402792132167,2.734829185900504,6.581576432279647,0.4652906244034072,0.4652906244037882,0,2.3756022356005335,0.42992603106334704
836,-2.588844811246576,0.3976758617098389,-0.9212732911495071,0.87942499377524,2.9987841667085995,2.8049369358669467,1.9855220360639234,6.827535508973945,2.7478831732269415,6.597096925738632,0.4656691914259603,0.46566919142621144,0,2.3748403556017736,0.43009658026428
837,-2.6024717256495653,0.396728073952155,-0.9222417187607509,0.881635010059458,3.004329827885034,2.804340236907554,1.9898871705894339,6.843719814051769,2.7610485092855956,6.612668124848786,0.466049236232599,0.46604923623268046,0,2.3740597053202603,0.43028053158653057
838,-2.6162210247933717,0.3957771739130079,-0.9231927734513122,0.8838503684116237,3.009873282942029,2.803738102540564,1.99425444513027,6.859957139796423,2.7743282696039424,6.628291338261679,0.46643080496950473,0.46643080496955713,0,2.373260027776836,0.4304780747628594
839,-2.630096127850077,0.3948230843258729,-0.9241259697752369,0.8860714095803787,3.0154143791095884,2.8031304658160114,1.9986242717229012,6.876248987063061,2.7877256769174745,6.643967937955368,0.4668139455518836,0.46681394555195443,0,2.372441060478902,0.43068940533597555
840,-2.6441006181017777,0.3938657232126529,-0.9250408074649877,0.8882984895886051,3.0209529555112886,2.802517260126069,2.0029970848458367,6.8925969299001615,2.8012441118406084,6.65969936345806,0.4671987077781512,0.46719870777839967,0,2.371602535194065,0.4309147249312679
841,-2.658238255056857,0.39290500331865147,-0.9259367707102931,0.8905319811999661,3.0264888423585554,2.8018984192440604,2.0073733438294497,6.909002620763525,2.814887124557773,6.675487126461531,0.4675851434602569,0.4675851434603806,0,2.3707441776824845,0.4311542415610168
842,-2.6725129877425506,0.3919408314855249,-0.9268133273696919,0.8927722755310081,3.0320218600540922,2.801273877355263,2.01175353550606,6.925467796223519,2.828658447646639,6.6913328158669545,0.46797330656461433,0.46797330656492564,0,2.369865707392153,0.4314081699620438
843,-2.6869289693137763,0.3909731079547016,-0.9276699281056069,0.8950197838257719,3.037551818200464,2.8006435690772165,2.016138177128099,6.941994283222289,2.8425620101677738,6.707238103312644,0.46836325337192974,0.4683632533719799,0,2.3689668371005634,0.4316767319756214
844,-2.7014905731261947,0.39000172559432494,-0.9285060054313107,0.8972749394097909,3.043078514493834,2.8000074294677897,2.0205278195801752,6.958584005941463,2.8566019531624818,6.7232047492374445,0.46875504265068213,0.46875504265078693,0,2.3680472724952297,0.43196015697177703
845,-2.71620241045018,0.3890265690407788,-0.9293209726571249,0.8995381998442494,3.048601733492967,2.799365394018327,2.0249230509182823,6.975238993351632,2.8707826467281974,6.739234609542339,0.4691487358538613,0.46914873585387307,0,2.367106711691149,0.432258682326661
846,-2.7310693500218655,0.3880475137453652,-0.9301142227208151,0.901810049302245,3.0541212452485325,2.798717398629219,2.029324500271335,6.991961387522874,2.885108708859408,6.755329642920236,0.4695443973345519,0.46954439733456343,0,2.3661448446686713,0.4325725539599463
847,-2.7460965396538817,0.3870644249154538,-0.9308851268847228,0.9040910011937794,3.0596368037633854,2.7980633795649426,2.0337328421446625,7.008753452785814,2.899585026267416,6.7714919189329645,0.469942094588516,0.46994209458862723,0,2.3651613526222217,0.43290202694189794
848,-2.761289430163509,0.38607715633777184,-0.9316330332795973,0.9063816010674839,3.065148145272026,2.7974032733850067,2.038148801171488,7.025617585846397,2.9142167774258763,6.787723626926418,0.47034189852209884,0.47034189852233377,0,2.3641559072048928,0.43324736617938076
849,-2.7766538019141627,0.38508554906964226,-0.932357265272007,0.9086824298235187,3.070654986311704,2.7967370168466967,2.0425731573653714,7.042556326971883,2.9290094581257105,6.804027085887272,0.470743883752776,0.4707438837527942,0,2.363128169654769,0.43360884719131754
850,-2.792195794300786,0.38408942998311807,-0.9330571196276485,0.9109941072742309,3.076157021547687,2.7960645467756313,2.0470067519297213,7.0595723723794075,2.9439689098560193,6.820404755357602,0.471148128942271,0.47114812894269265,0,2.362077789784916,0.43398675698912825
851,-2.807921938569761,0.38308861014354056,-0.9337318644392709,0.9133172960972453,3.081653921317524,2.795385799899024,2.0514504936934466,7.076668587980631,2.9591013513853492,6.836859247542393,0.4715547171738592,0.4715547171736785,0,2.3610044048199126,0.43438139507848694
852,-2.8238391944250987,0.38208288300146975,-0.9343807367824937,0.915652706230266,3.0871453288669177,2.794700712635694,2.0559053662515896,7.093848024659568,2.9744134139762055,6.853393340765913,0.4719637363648681,0.4719637363650009,0,2.359907638045065,0.4347930745900408
853,-2.83995499092683,0.3810720223754484,-0.935002940055669,0.9180010997650728,3.0926308571997003,2.794009220837485,2.060372435895249,7.111113935280169,2.9899121807175133,6.870009994450637,0.47237527974031446,0.47237527974073323,0,2.3587870972582357,0.4352221235780793
854,-2.8562772722961567,0.3800557801966676,-0.9355976409540739,0.9203632964081357,3.098110085511741,2.793311259474061,2.064852860439265,7.128469793661182,3.0056052305641208,6.886712365826999,0.4727894463551414,0.47278944635504994,0,2.357642372982821,0.43566888649070146
855,-2.872814549317463,0.3790338839849264,-0.9361639660183239,0.9227401795844931,3.1035825551178013,2.7926067622539636,2.0693478990625036,7.145919315782826,3.0215006877446275,6.903503828607243,0.4732063416815442,0.47320634168152065,0,2.356473036399637,0.4361337258533955
856,-2.8895759571593804,0.3780060340183526,-0.9367009976873258,0.9251327032761626,3.1090477647905437,2.79189566117282,2.0738589233015867,7.163466483537662,3.037607277325688,6.920387993897326,0.47362607827369274,0.4736260782737918,0,2.355278636983496,0.43661702418840864
857,-2.9065713205761323,0.37697190015354076,-0.9372077697730654,0.9275418997001152,3.114505165419075,2.791177885978607,2.078387429360787,7.181115571388165,3.0539343878542455,6.937368733664922,0.47404877651100863,0.47404877651111477,0,2.3540586997639763,0.4371191862143107
858,-2.9238112276158374,0.3759311182457839,-0.937683262258907,0.9299688879502249,3.119954153853672,2.7904533635430875,2.0829350519271896,7.198871176350856,3.0704921421578226,6.954450207131312,0.47447456543827626,0.4744745654384048,0,2.352812722178264,0.43764064136430303
859,-2.9413071131724986,0.37488328610913624,-0.9381263953049256,0.93241488375068,3.125394065788342,2.7897220171266617,2.0875035797171324,7.216738251801091,3.0872914775846727,6.971636890518972,0.47490358371373187,0.4749035837139959,0,2.3515401704498884,0.4381818466759104
860,-2.95907135396245,0.37382795894607707,-0.9385360223205799,0.9348812104925728,3.1308241675054784,2.788983765522723,2.09209497301792,7.234722145674729,3.104344237199622,6.988933610657839,0.4753359806821109,0.47533598068209226,0,2.350240475408264,0.438743290113893
861,-2.977117376810138,0.37276464416233906,-0.9389109219376638,0.9373693117620246,3.136243646248876,2.7882385220656185,2.096711383541283,7.252828643745795,3.121663273743456,7.006345583041257,0.47577191758861836,0.47577191758834014,0,2.348913027670678,0.43932549439416535
862,-2.9954597824947258,0.3716927954667388,-0.9392497886819694,0.9398807656039917,3.1416515989640934,2.78748619348458,2.101355176964095,7.2710640187794615,3.1392625685154902,7.023878455025732,0.4762115689590869,0.47621156895923855,0,2.3475571720866366,0.43992902139752044
863,-3.0141144878500925,0.3706118061364094,-0.9395512220997185,0.9424173008179872,3.147047019038915,2.786726678584485,2.1060289586039866,7.289435086500826,3.157157367762478,7.041538354988901,0.4766551241709178,0.4766551241712631,0,2.346172201310685,0.4405544772724106
864,-3.0330988893800837,0.3695210013023466,-0.9398137140424817,0.944980815638952,3.152428780647402,2.7859598667312753,2.110735602772277,7.307949269499138,3.175364339703559,7.059331948411611,0.4771027892410715,0.4771027892408479,0,2.344757348384754,0.44120251834563184
865,-3.052432052307626,0.3684196290815568,-0.9400356337481035,0.9475733992318072,3.1577956201326214,2.7851856361192406,2.115478286451755,7.326614670384569,3.193901755951667,7.077266502016279,0.4775547888684708,0.4775547888682945,0,2.3433117781275126,0.4418738579911383
866,-3.0721349298314795,0.36730685034458144,-0.9402152102726348,0.9501973565166079,3.1631461137648693,2.784403851794975,2.1202605280857507,7.345440155765148,3.212789701913072,7.095349957302788,0.4780113687745622,0.47801136877461525,0,2.3418345771709577,0.44256927462386964
867,-3.0922306183974655,0.3661817268613315,-0.9403505117239475,0.9528552369543295,3.1684786510067062,2.783614363412253,2.1250862324317286,7.364435452899381,3.2320503217391687,7.113591015060531,0.47847279838663503,0.4784727983865871,0,2.3403247423684426,0.4432896210431445
868,-3.1127446560764676,0.36504320751267144,-0.9404394206147126,0.9555498680596147,3.173791402167056,2.7828170026932537,2.129959742635377,7.383611261219405,3.251708104639582,7.131999232712016,0.47893937391780006,0.47893937391775343,0,2.3387811673239796,0.4440358353687852
869,-3.1337053727487727,0.363890112184579,-0.9404796044838918,0.9582843945769424,3.1790822790240654,2.7820115805741765,2.1348859009359216,7.402979381315242,3.2717902209103658,7.1505851366593625,0.4794114219143175,0.47941142191423936,0,2.337202626684306,0.4448089538896087
870,-3.155144302770095,0.36272111287657527,-0.9404684807186889,0.961062324465977,3.1843488865342335,2.781197884022164,2.1398701197183474,7.42255286441223,3.2923269179302213,7.169360352148308,0.47988930333979374,0.47988930333928037,0,2.3355877578173327,0.4456101262034031
871,-3.1770966732529993,0.36153471145009675,-0.940403174230965,0.9638875830983936,3.1895884631747817,2.7803756725258735,2.1449184650038737,7.44234618585763,3.313351988741756,7.188337753524017,0.4803734182803716,0.48037341828034785,0,2.3339350394115304,0.4464406331139479
872,-3.199601984107251,0.36032921331444423,-0.9402804662830243,0.9667645773777644,3.1947978066785563,2.7795446742911736,2.1500377549171383,7.462375446616227,3.3349033287303067,7.207531638082834,0.4808642113641999,0.480864211364334,0,2.332242766457219,0.44730190783327206
873,-3.222704699619941,0.35910269619496477,-0.9400967322949809,0.9696982718670699,3.199973180785225,2.778704582225349,2.1552356761909346,7.482658607179179,3.357023599414242,7.226957926938426,0.48136217798140146,0.4813621779814896,0,2.3305090210336643,0.44819556119076687
874,-3.246455075688692,0.3578529729494926,-0.9398478658701032,0.9726942794342847,3.2051101971742386,2.7778550498799373,2.160520922361945,7.503215758479379,3.3797610225347974,7.246634396277361,0.481867871393177,0.4818678713930358,0,2.328731638241382,0.44912341163733416
875,-3.270910151696072,0.35657754720461565,-0.9395291855119724,0.9757589693938188,3.210203664586046,2.7769956876734248,2.1659033579191758,7.524069434057786,3.4031703323367775,7.266580941756988,0.4823819107809606,0.4823819107809446,0,2.326908166666154,0.450087521006866
876,-3.296134941114153,0.35527356039234254,-0.9391353195440056,0.978899596572121,3.2152473941680975,2.7761260599684907,2.1713942131952626,7.545244966313135,3.4273139188654174,7.286819877078811,0.4829049902147262,0.48290499021470046,0,2.325035822865382,0.45109023710207596
877,-3.322203859259147,0.35393772863285367,-0.9386600635556333,0.982124455025413,3.2202339459195155,2.77524568400747,2.177006315001744,7.566770886153553,3.4522631993216617,7.307376263947123,0.483437888372912,0.4834378883727415,0,2.3231114397583124,0.4521342442482874
878,-3.349202427917446,0.3525662679458383,-0.9380962033093546,0.9854430600103389,3.2251542950921555,2.774354032442284,2.1827543574027035,7.588679357849747,3.478100255862608,7.328278262877153,0.4839814785547436,0.48398147855447604,0,2.3211314096198694,0.45322262282167314
879,-3.3772292901366097,0.35115480671361504,-0.9374352945788209,0.9888663606558493,3.2299973890571705,2.773450542442695,2.18865521461987,7.611006625882637,3.5049197722171486,7.349557479349946,0.48453673797736885,0.4845367379768555,0,2.3190916241349964,0.4543589183056995
880,-3.4063985443669944,0.3496982856489388,-0.9366673902443692,0.9924069824396738,3.2347495531317807,2.7725346365214696,2.1947282918700903,7.633793421610162,3.5328312785940934,7.371249251560468,0.4851047543247584,0.4851047543246412,0,2.3169874173987584,0.455547219121903
881,-3.436842345502521,0.3481908486938466,-0.9357807051379965,0.9960794906141418,3.239393688184914,2.771605763930273,2.200995896089919,7.657085222872624,3.5619616555976337,7.393392773540318,0.48568672564638504,0.4856867256462989,0,2.3148135243862873,0.4567922395434847
882,-3.4687135813653622,0.3466257351732957,-0.9347612129007475,0.999900648640706,3.2439081810742056,2.7706634779705777,2.2074835794998844,7.680932157744956,3.5924577150875683,7.4160308510188,0.4862839462243118,0.4862839462242716,0,2.312564080063499,0.45809939790696763
883,-3.502188139676189,0.34499519778894616,-0.9335921815409257,1.0038896103663644,3.2482654263996675,2.769707575796995,2.2142203505186093,7.705388156818303,3.6244883952253057,7.439208912782283,0.48689776480058167,0.48689776480043223,0,2.3102327079856124,0.45947486781011593
884,-3.515727639970383,0.34433933690373686,-0.9330912583890468,1.0054962537680576,3.2499156568342245,2.769330914876334,2.216923580517677,7.715108431262871,3.637444176194842,7.4484097121983135,0.4871420746641981,0.48714207466412107,0,2.309299320477938,0.46003159439812435
885,-3.5327388572134772,0.3435181371344739,-0.9324392836461665,1.0075095293551661,3.251897336740528,2.7688659138635505,2.220302867777223,7.727181492136354,3.653722328113148,7.459827880416641,0.4874457581124547,0.487445758112397,0,2.3081347428813173,0.46073117098207383
886,-3.553781924632399,0.3425065024753516,-0.9315983279360219,1.0099919817551055,3.254207340116062,2.7683035297920964,2.2244573849490803,7.741901463794799,3.6738591987795544,7.473734211374308,0.48781632893040827,0.48781632893065296,0,2.3067070801055234,0.4615964496858864
887,-3.564671164189229,0.34198476601117944,-0.9311483441281926,1.0112732020369763,3.2553413227871153,2.7680181376177524,2.2265963252044734,7.749425799062533,3.6842798139629496,7.480835933138394,0.4880058580359865,0.48800585803611507,0,2.305974074705694,0.46204406291136113
888,-3.5782908467669254,0.34133383875111084,-0.9305714387540733,1.0128725062125972,3.2567007432045525,2.767666641178211,2.229261325640415,7.7587479895274996,3.6973136987116453,7.489627995409771,0.4882407474458468,0.48824074744590273,0,2.3050629525076087,0.4626036886701601
889,-3.5864428884150934,0.34094507570667787,-0.9302186887338542,1.0138281024430673,3.25748311988263,2.7674591777299096,2.2308510694542036,7.764280661547764,3.7051153019485006,7.494842527102844,0.48838018111974724,0.48838018111999393,0,2.304520676439636,0.4629385012893126
890,-3.5968368954211822,0.3404502970320523,-0.929760889589401,1.0150447219285443,3.25844669322132,2.767197860155946,2.232872244863903,7.771283904451002,3.7150627133432303,7.501439220143406,0.4885566929329701,0.48855669293221804,0,2.3038326617831624,0.4633651983707021
891,-3.6018066447176054,0.340214077072445,-0.9295388299938413,1.0156257316727735,3.258893965954212,2.7670741912889274,2.2338363735553575,7.774612245930675,3.719819020113507,7.504572810441817,0.48864058401720767,0.48864058401709043,0,2.303505059917159,0.46356913137111677
892,-3.6079589322282786,0.33992195990894314,-0.9292611026834039,1.01634436902532,3.259435625040918,2.7669222467103936,2.2350278975365776,7.778714529668731,3.725707161547482,7.508433673428369,0.4887439810792644,0.4887439810788352,0,2.3031007414139326,0.46382150529527344
893,-3.615590287721334,0.33956008702565965,-0.9289122722197941,1.017234823764003,3.2600890082205467,2.7667355524787913,2.236502795929291,7.783775385431308,3.733011001610547,7.513194560513344,0.4888715316368941,0.4888715316368988,0,2.3026011390967813,0.464134413381049
894,-3.6253092351314136,0.33909996808179815,-0.9284610964649695,1.0183673559006958,3.260891508743468,2.7665006606941787,2.2383762628092136,7.790176446734091,3.742313062529383,7.519212776946253,0.48903283776914597,0.48903283776924455,0,2.3019679824578887,0.4645326782358956
895,-3.6357139015800306,0.3386082967945548,-0.927969534159074,1.0195779343369917,3.261713906460911,2.7662527974391735,2.2403758865606083,7.796974420723105,3.7522717159701666,7.525599873807773,0.489204101836463,0.4892041018365001,0,2.3012940790533243,0.46495871838507963
896,-3.6462751900702695,0.3381101718800287,-0.9274615710515153,1.0208047862708605,3.262509919052379,2.7660050539360057,2.242399298180507,7.803817095603614,3.76238059312177,7.532024403500838,0.48937642424822947,0.4893764242483496,0,2.300614253559398,0.4653908003760847
897,-3.656994797563928,0.33760554022124944,-0.9269367653888951,1.0220480365635163,3.2632780140461404,2.765757613327987,2.2444465962073714,7.810703237219033,3.7726413447926985,7.538485013827822,0.48954974725960243,0.4895497472600552,0,2.299928665310177,0.4658289480165583
898,-3.659699125593025,0.3374783835147524,-0.9268029048867208,1.0223613665643039,3.2634654579217623,2.765695834986786,2.2449620664791503,7.812431090815064,3.77522996840892,7.5401053370168505,0.48959321893473073,0.48959321893503827,0,2.2997564204953442,0.46593941449057397
899,-3.6626063284542822,0.3373417550881792,-0.9266583463591708,1.0226980607970388,3.2636641227281236,2.7656297143578956,2.245515750374614,7.814284364164587,3.7780128120627743,7.541842933244088,0.4896398369444255,0.4896398369443151,0,2.2995715782695347,0.46605813608636604
900,-3.662794320684757,0.3373329226222725,-0.9266489750902429,1.0227198268063324,3.2636768773771356,2.7656254491232444,2.2455515374342028,7.814404054937933,3.7781927635678287,7.541955141048844,0.48964284740396025,0.489642847362213,0,2.299559637210592,0.46606581179686746
901,-3.663066412976093,0.33732013938591576,-0.9266354064706713,1.0227513289486356,3.2636953162903026,2.7656192780470352,2.2456033306721563,7.814577258291681,3.7784532182360824,7.54211751324578,0.4896472037366102,0.4896472036338355,0,2.299542356710824,0.4660769210518718
902,-3.663202496628259,0.3373137462477084,-0.9266286180472133,1.022767083776858,3.263704529542064,2.765616192653592,2.2456292328501175,7.8146638695534465,3.778583481555965,7.542198707171347,0.48964938211596065,0.4896493819777552,0,2.2995337151912496,0.46608247707965766
903,-3.66327054789335,0.3373105493056085,-0.926625222793648,1.0227749620344393,3.263709135588176,2.7656146499870164,2.2456421853168087,7.814707177605268,3.7786486222696367,7.542239306118455,0.48965047136460127,0.48965047120284555,0,2.299529394113851,0.466085255425182
904,-3.663304575881847,0.33730895074271106,-0.926623524905421,1.0227789013648314,3.2637114385381403,2.765613878661123,2.245648661891157,7.814728832232483,3.778681194885992,7.542259606084921,0.48965101600388805,0.48965101582862114,0,2.2995272334962706,0.4660866446794065
