sourceColumn,apex,initialVelocity,height,pitchRate,contactCount,supportMask,signedFootSpan,relativeSpread,configuration
1,original,-0.028931192692882933,1.0013918777905557,-0.15003199594451957,4,1111,1.0265663201927713,0.026566320192771276,contact_apex_no_suspension
1,other,-0.07507414083486623,0.9985781524015642,0.15147551873941348,4,1111,1.1410748564178577,0.14107485641785766,contact_apex_no_suspension
2,original,-0.02332858032502757,1.0014621141661835,-0.15031466714637146,4,1111,1.0328954778190291,0.03289547781902913,contact_apex_no_suspension
2,other,-0.06963430798182463,0.9989394008189999,0.15161062592209773,4,1111,1.1352752446830818,0.13527524468308183,contact_apex_no_suspension
3,original,-0.01773598699410292,1.001507452624885,-0.15057535844074174,4,1111,1.0391976853588059,0.039197685358805856,contact_apex_no_suspension
3,other,-0.06418546662086314,0.9992783726078506,0.15172182037645043,4,1111,1.129439868814878,0.1294398688148779,contact_apex_no_suspension
4,original,-0.012154242851470229,1.0015278427272991,-0.15081372883751168,4,1111,1.0454718171090827,0.04547181710908266,contact_apex_no_suspension
4,other,-0.058728721693202326,0.9995946200504702,0.15180903763721998,4,1111,1.123571051613085,0.12357105161308501,contact_apex_no_suspension
5,original,-0.006584120113362695,1.0015232789439312,-0.1510294877071178,4,1111,1.0517167756036976,0.051716775603697585,contact_apex_no_suspension
5,other,-0.05326508594917435,0.9998877554426145,0.15187225507505184,4,1111,1.1176709297707519,0.11767092977075189,contact_apex_no_suspension
6,original,-0.0010263397216511746,1.001493797993763,-0.1512223906449217,4,1111,1.0579314871080014,0.057931487108001445,contact_apex_no_suspension
6,other,-0.047795490156279305,1.0001574464729284,0.15191148872903304,4,1111,1.1117414732120787,0.11174147321207872,contact_apex_no_suspension
7,original,-1.2033177520725092e-18,1.0014856219833113,-0.15125554150931603,4,1111,1.0590773153060562,0.0590773153060562,contact_apex_no_suspension
7,other,-0.04678346733057843,1.0002047260925098,0.15191611980488667,4,1111,1.1106419298677246,0.11064192986772459,contact_apex_no_suspension
8,original,0.004518422847950167,1.0014394765411128,-0.15139223587485903,4,1111,1.0641148968641643,0.06411489686416427,contact_apex_no_suspension
8,other,-0.042320791694241286,1.0004034121759298,0.15192679060215714,4,1111,1.1057845016254553,0.10578450162545527,contact_apex_no_suspension
9,original,0.010049532454283881,1.0013604292279346,-0.15153886112899484,4,1111,1.0702659640882333,0.07026596408823327,contact_apex_no_suspension
9,other,-0.036841781823985904,1.0006254193901967,0.1519182463720574,4,1111,1.0998016986360568,0.09980169863605681,contact_apex_no_suspension
10,original,0.015566389691960345,1.0012568070247778,-0.151662140953102,4,1111,1.0763836567074283,0.0763836567074283,contact_apex_no_suspension
10,other,-0.03135919185975725,1.0008232796669827,0.1518859734806697,4,1111,1.0937946239708118,0.09379462397081184,contact_apex_no_suspension
11,original,0.021068426705238837,1.0011287958893824,-0.1517619844000645,4,1111,1.0824669458123712,0.08246694581237124,contact_apex_no_suspension
11,other,-0.025873698428957974,1.0009968465857884,0.15183011957630455,4,1111,1.08776472389552,0.08776472389551992,contact_apex_no_suspension
12,original,0.023471941072785,1.0010652873642196,-0.15179848651927214,4,1111,1.085118579733411,0.08511857973341108,contact_apex_no_suspension
12,other,-0.02347194107270596,1.0010652873639652,0.1517984865191502,4,1111,1.0851185797334533,0.08511857973345327,contact_apex_no_suspension
13,original,0.026555103276122777,1.0009766156953754,-0.1518383330387852,4,1111,1.0885147997497562,0.08851479974975618,contact_apex_no_suspension
13,other,-0.02038592798868134,1.0011460134095382,0.15175086124707862,4,1111,1.0817133401693946,0.08171334016939458,contact_apex_no_suspension
14,original,0.032025903222779796,1.0008005195457539,-0.15189115941866443,4,1111,1.0945261779282773,0.09452617792827733,contact_apex_no_suspension
14,other,-0.014896460651676836,1.001270711173896,0.15164840319262257,4,1111,1.0756417175981619,0.07564171759816185,contact_apex_no_suspension
15,original,0.03748033073425556,1.0006007932161383,-0.15192046561827835,4,1111,1.1005000239770633,0.10050002397706326,contact_apex_no_suspension
15,other,-0.009405833582032338,1.0013709069196732,0.15152297747827906,4,1111,1.0695510105207524,0.06955101052075241,contact_apex_no_suspension
16,original,0.04291790690261816,1.000377755046719,-0.15192628230157648,4,1111,1.1064352585081554,0.10643525850815538,contact_apex_no_suspension
16,other,-0.0039145438579714234,1.0014466023786306,0.15137484329672518,4,1111,1.0634422880808896,0.06344228808088959,contact_apex_no_suspension
17,original,0.048338166094341536,1.0001317560526153,-0.15190866794312838,4,1111,1.1123307710942445,0.1123307710942445,contact_apex_no_suspension
17,other,0.0015769489738313204,1.0014978328474098,0.15120428691395574,4,1111,1.0573165385405006,0.05731653854050056,contact_apex_no_suspension
18,original,0.053740652175114166,0.9998631803691981,-0.15186770836217336,4,1111,1.1181854114227772,0.11818541142277716,contact_apex_no_suspension
18,other,0.007068220643411534,1.0015246663458792,0.15101162194720405,4,1111,1.05117467259439,0.051174672594390014,contact_apex_no_suspension
19,original,0.059124914450231485,0.9995724460286348,-0.15180351653568164,4,1111,1.1239979794119137,0.1239979794119137,contact_apex_no_suspension
19,other,0.012558880120597448,1.001527203027612,0.15079718995681618,4,1111,1.045017525716863,0.045017525716863016,contact_apex_no_suspension
20,original,0.06449050318936841,0.9992600060948362,-0.15171623269897155,4,1111,1.129767214053769,0.1297672140537689,contact_apex_no_suspension
20,other,0.0180485677275423,1.0015055748386066,0.15056136137358575,4,1111,1.0388458595263055,0.03884585952630548,contact_apex_no_suspension
21,original,0.06983696457996952,0.9989263501927272,-0.15160602474894372,4,1111,1.135491780694545,0.13549178069454504,contact_apex_no_suspension
21,other,0.023536953329090015,1.0014599454240767,0.15030453679138078,4,1111,1.0326603621242367,0.03266036212423673,contact_apex_no_suspension
22,original,0.07516383491649588,0.9985720064786637,-0.151473088972265,4,1111,1.1411702563868957,0.14117025638689573,contact_apex_no_suspension
22,other,0.029023734518379838,1.001390510287147,0.15002714866508035,4,1111,1.0264616473368715,0.026461647336871508,contact_apex_no_suspension
23,original,0.08047063378662495,0.9981975441142137,-0.15131765113222434,4,1111,1.146801112857669,0.14680111285766895,contact_apex_no_suspension
23,other,0.03450863469993037,1.0012974972097382,0.1497296634686245,4,1111,1.0202502527533044,0.020250252753304387,contact_apex_no_suspension
24,original,0.08575685595094916,0.9978035763253353,-0.1511399679622544,4,1111,1.1523826965119808,0.15238269651198078,contact_apex_no_suspension
24,other,0.039991400946581684,1.0011811669537918,0.14941258438673302,4,1111,1.0140266364190622,0.01402663641906221,contact_apex_no_suspension
25,original,0.09102196152565553,0.9973907641549643,-0.1509403291327323,4,1111,1.1579132047347716,0.15791320473477155,contact_apex_no_suspension
25,other,0.04547180146817631,1.0010418142714836,0.14907645463823818,4,1111,1.0077911720049806,0.007791172004980584,contact_apex_no_suspension
26,original,0.0962653639590871,0.9969598210524716,-0.15071905978406885,4,1111,1.1633906575390327,0.1633906575390327,contact_apex_no_suspension
26,other,0.05094962247238573,1.0008797692681592,0.1487218615625708,4,1111,1.0015441422303757,0.001544142230375689,contact_apex_no_suspension
27,original,0.10148641512973594,0.9965115184915316,-0.15047652375542422,4,1111,1.1688128633266448,0.1688128633266448,contact_apex_no_suspension
27,other,0.05642466411207138,1.000695399183155,0.1483494416464059,4,1111,0.9952857302798246,-0.0047142697201754125,contact_apex_no_suspension
28,original,0.10668438666769793,0.9960466928740928,-0.15021312769002249,4,1111,1.1741773771470436,0.17417737714704362,contact_apex_no_suspension
28,other,0.061896735086330146,1.0004891106850717,0.14795988673036103,4,1111,0.989016008918522,-0.010983991081477962,contact_apex_no_suspension
29,original,0.11185844628633705,0.995566254070218,-0.1499293262721606,4,1111,1.1794814493229788,0.17948144932297883,contact_apex_no_suspension
29,other,0.06736564527126353,1.0002613528243924,0.14755395172351948,4,1111,0.9827349269948416,-0.01726507300515845,contact_apex_no_suspension
30,original,0.11700762746742889,0.9950711960725463,-0.149625628958574,4,1111,1.1847219616098679,0.18472196160986787,contact_apex_no_suspension
30,other,0.07283119546936986,1.0000126208557711,0.14713246427737334,4,1111,0.9764422930392314,-0.023557706960768643,contact_apex_no_suspension
31,original,0.12213079021363663,0.9945626104263519,-0.14930260872451603,4,1111,1.1898953470933815,0.18989534709338152,contact_apex_no_suspension
31,other,0.07829316293102777,0.9997434612467911,0.14669633704651097,4,1111,0.9701377557633901,-0.02986224423660988,contact_apex_no_suspension
32,original,0.12722656968235166,0.9940417033550154,-0.14896091357815378,4,1111,1.1949974887097787,0.19499748870977873,contact_apex_no_suspension
32,other,0.08375128063668168,0.9994544783488744,0.14624658341472424,4,1111,0.9638207814978685,-0.03617921850213146,contact_apex_no_suspension
33,original,0.13229330822151725,0.9935098178698941,-0.14860128194440161,4,1111,1.2000235894629876,0.2000235894629876,contact_apex_no_suspension
33,other,0.08920520730678519,0.9991463434485794,0.1457843379258283,4,1111,0.9574906290946584,-0.04250937090534157,contact_apex_no_suspension
34,original,0.13732896446133874,0.9929684626805028,-0.14822456354020774,4,1111,1.2049680049415599,0.20496800494155987,contact_apex_no_suspension
34,other,0.09465448352630491,0.998819807290141,0.1453108831770718,4,1111,0.9511463237678444,-0.04885367623215564,contact_apex_no_suspension
35,original,0.14233099042533984,0.9924193504700568,-0.14783174814639274,4,1111,1.2098240254146957,0.2098240254146957,contact_apex_no_suspension
35,other,0.10009846691879243,0.9984757177336466,0.14482768567624332,4,1111,0.9447866331020605,-0.05521336689793954,contact_apex_no_suspension
36,original,0.14729616377479263,0.9918644491534351,-0.14742400585704774,4,1111,1.2145835904427704,0.21458359044277042,contact_apex_no_suspension
36,other,0.10553623549800659,0.9981150450958108,0.14433644421739922,4,1111,0.9384100516392494,-0.0615899483607506,contact_apex_no_suspension
37,original,0.15222035690187374,0.9913060511733457,-0.1470027441391603,4,1111,1.21923691359478,0.21923691359478004,contact_apex_no_suspension
37,other,0.11096644244688834,0.9977389190696593,0.1438391557889369,4,1111,0.932014806104736,-0.06798519389526403,contact_apex_no_suspension
38,original,0.1570982173364137,0.99074686775087,-0.14656968959012057,4,1111,1.2237719891398973,0.22377198913989726,contact_apex_no_suspension
38,other,0.11638709664190076,0.9973486831482188,0.14333820594738678,4,1111,0.9255989031908741,-0.07440109680912588,contact_apex_no_suspension
39,original,0.16192272509642117,0.9901901571259503,-0.14612700584130917,4,1111,1.2281739486887653,0.22817394868876528,contact_apex_no_suspension
39,other,0.12179523015904421,0.9969459754175394,0.14283649284677993,4,1111,0.9191602585926517,-0.08083974140734829,contact_apex_no_suspension
40,original,0.1666845843516347,0.9896398974573192,-0.14567746353899172,4,1111,1.232424239773371,0.2324242397733709,contact_apex_no_suspension
40,other,0.12718639631998563,0.9965328485203803,0.14233759603062265,4,1111,0.91269697339687,-0.08730302660313005,contact_apex_no_suspension
41,original,0.17137140654971053,0.9891010139592913,-0.14522468260605625,4,1111,1.2364996250363909,0.23649962503639088,contact_apex_no_suspension
41,other,0.13255392245211536,0.9961119459131962,0.14184600053908714,4,1111,0.9062078651649059,-0.09379213483509408,contact_apex_no_suspension
42,original,0.1759666706335444,0.9885796603716926,-0.14477346693023602,4,1111,1.240371082507005,0.2403710825070049,contact_apex_no_suspension
42,other,0.13788783435440619,0.995686753453144,0.1413673783302604,4,1111,0.8996934119776934,-0.10030658802230663,contact_apex_no_suspension
43,original,0.18044855267598026,0.9880835246426556,-0.14433023599017492,4,1111,1.244002886786665,0.24400288678666504,contact_apex_no_suspension
43,other,0.1431734185579169,0.9952619364568909,0.14090890016052554,4,1111,0.8931572945203894,-0.10684270547961061,contact_apex_no_suspension
44,original,0.18478899953987463,0.987622056554785,-0.14390350244245237,4,1111,1.2473525573912911,0.24735255739129114,contact_apex_no_suspension
44,other,0.148389603302626,0.9948437330412172,0.1404794802313584,4,1111,0.8866086063012935,-0.11339139369870654,contact_apex_no_suspension
45,original,0.18895399419238837,0.9872063837389615,-0.14350421508949646,4,1111,1.2503729942741102,0.2503729942741102,contact_apex_no_suspension
45,other,0.15350790742737866,0.9944402735780175,0.14008972368005815,4,1111,0.88006427571346,-0.11993572428653998,contact_apex_no_suspension
46,original,0.19290669478248615,0.9868485427037382,-0.14314559044868783,4,1111,1.2530185771111717,0.2530185771111717,contact_apex_no_suspension
46,other,0.15849367754604796,0.9940615282930588,0.13975119837335268,4,1111,0.873550031146271,-0.12644996885372894,contact_apex_no_suspension
47,original,0.19661502656140226,0.9865597354972188,-0.14284198041110768,4,1111,1.255255970424567,0.25525597042456694,contact_apex_no_suspension
47,other,0.16331186003508885,0.9937184881454654,0.1394747134727953,4,1111,0.8670969609857118,-0.13290303901428824,contact_apex_no_suspension
48,original,0.2000626526476747,0.986347940049949,-0.14260675118358293,4,1111,1.257076579481911,0.257076579481911,contact_apex_no_suspension
48,other,0.16793752420963445,0.9934214851403679,0.13926787811209668,4,1111,0.8607319027730049,-0.13926809722699507,contact_apex_no_suspension
49,original,0.2032578716636559,0.9862160603424475,-0.1424500583515311,4,1111,1.2585035437604308,0.25850354376043083,contact_apex_no_suspension
49,other,0.17236651439360892,0.9931783067038703,0.1391330846920559,4,1111,0.8544651189801528,-0.14553488101984724,contact_apex_no_suspension
50,original,0.20623445082119465,0.9861617713113123,-0.14237778941093396,4,1111,1.2595880378575073,0.2595880378575073,contact_apex_no_suspension
50,other,0.17661940599093906,0.9929931639247768,0.13906710514039788,4,1111,0.8482828471446364,-0.15171715285536358,contact_apex_no_suspension
51,original,0.20904418629266167,0.986178992899047,-0.14239209683597798,4,1111,1.2603973652877476,0.2603973652877476,contact_apex_no_suspension
51,other,0.18073672365772997,0.9928669551905289,0.1390623324927369,4,1111,0.8421488528581431,-0.15785114714185688,contact_apex_no_suspension
52,original,0.21174647628965557,0.9862599140765836,-0.14249284336778872,4,1111,1.261002071147881,0.2610020711478811,contact_apex_no_suspension
52,other,0.1847696542004855,0.9927983406581362,0.13910866265637398,4,1111,0.8360120773458446,-0.1639879226541554,contact_apex_no_suspension
53,original,0.2143999419718758,0.9863966149328393,-0.1426790659365202,4,1111,1.2614671340249917,0.26146713402499167,contact_apex_no_suspension
53,other,0.18877150819627195,0.9927848972735407,0.13919506616989252,4,1111,0.8298149890394323,-0.1701850109605677,contact_apex_no_suspension
54,original,0.21705778294046835,0.9865819934223574,-0.14295001301017335,4,1111,1.2618479940633516,0.2618479940633516,contact_apex_no_suspension
54,other,0.19279231812975808,0.9928239566103952,0.1393105160546165,4,1111,0.8234994978111105,-0.17650050218888946,contact_apex_no_suspension
55,original,0.21976618176953452,0.9868101358061762,-0.14330573155759188,4,1111,1.2621899169427433,0.2621899169427433,contact_apex_no_suspension
55,other,0.1968764040501764,0.9929130773477748,0.13944437149143246,4,1111,0.8170100113135726,-0.18298998868642735,contact_apex_no_suspension
56,original,0.22256447879390343,0.9870763657904054,-0.14374734159414282,4,1111,1.2625290154996702,0.2625290154996702,contact_apex_no_suspension
56,other,0.20106184158780468,0.9930502518076234,0.13958643066614074,4,1111,0.8102944395638871,-0.18970556043611286,contact_apex_no_suspension
57,original,0.22548611958887793,0.9873771496459516,-0.14427713539005785,4,1111,1.2628938242217818,0.26289382422178176,contact_apex_no_suspension
57,other,0.205380865822821,0.9932339557893669,0.13972682341241158,4,1111,0.8033040648122233,-0.19669593518777673,contact_apex_no_suspension
58,original,0.22855979605662838,0.9877099576633738,-0.14489859126010618,4,1111,1.2633068684105915,0.2633068684105915,contact_apex_no_suspension
58,other,0.20986059529506734,0.9934631170696694,0.13985584579595967,4,1111,0.795992926121323,-0.204007073878677,contact_apex_no_suspension
59,original,0.23181050316153276,0.9880731290075624,-0.14561634961149453,4,1111,1.263786005025429,0.26378600502542904,contact_apex_no_suspension
59,other,0.2145237514481888,0.993737044958159,0.13996378942795737,4,1111,0.7883170948328835,-0.21168290516711652,contact_apex_no_suspension
60,original,0.23526039751561909,0.9884657548054608,-0.14643616529384504,4,1111,1.2643454786272401,0.2643454786272401,contact_apex_no_suspension
60,other,0.21938950544435695,0.9940553382709592,0.1400414306682727,0,0000,0.780261324157825,-0.219738675842175,gathered_suspension
61,original,0.23892882401536084,0.9888862868969045,-0.14736189869440497,4,1111,1.2649966496770864,0.26499664967708636,contact_apex_no_suspension
61,other,0.22449361326412368,0.9944162165488968,0.14012159717578768,0,0000,0.7721264156052297,-0.22787358439477035,gathered_suspension
62,original,0.24282882701045805,0.9893303784403338,-0.14838990171467692,4,1111,1.265745998189138,0.2657459981891379,contact_apex_no_suspension
62,other,0.22986591898450862,0.9948137827614827,0.14022750229193545,0,0000,0.7638725230566494,-0.23612747694335057,gathered_suspension
63,original,0.24696531845757563,0.9897938671582268,-0.149514829668972,4,1111,1.266592838978961,0.2665928389789609,contact_apex_no_suspension
63,other,0.23551860399141397,0.9952415247762274,0.140359387838401,0,0000,0.7554894417834234,-0.24451055821657663,gathered_suspension
64,original,0.25133630220510256,0.9902734175749461,-0.15073120765434106,4,1111,1.267530419858202,0.26753041985820203,contact_apex_no_suspension
64,other,0.24145657380064628,0.9956932121954475,0.1405175344379684,0,0000,0.7469752042942462,-0.25302479570575376,gathered_suspension
65,original,0.2559345023386875,0.9907665476713535,-0.15203379180853338,4,1111,1.2685474661701162,0.26854746617011616,contact_apex_no_suspension
65,other,0.24767906264630968,0.9961630824891723,0.14070229251371966,0,0000,0.7383348167491444,-0.26166518325085564,gathered_suspension
66,original,0.2607490066886234,0.9912716075701578,-0.15341786058495122,4,1111,1.2696296661354718,0.2696296661354718,contact_apex_no_suspension
66,other,0.25418132934626314,0.9966459635151843,0.14091411060280495,0,0000,0.7295787487828014,-0.2704212512171986,gathered_suspension
67,original,0.26576672916024485,0.9917877205999741,-0.15487941288987883,4,1111,1.2707609565660902,0.2707609565660902,contact_apex_no_suspension
67,other,0.26095621939415453,0.997137329735275,0.14115355695936388,0,0000,0.7207214613742248,-0.27927853862577523,gathered_suspension
68,original,0.2709735790736761,0.9923147016975052,-0.15641527187371332,4,1111,1.27192453425127,0.27192453425126994,contact_apex_no_suspension
68,other,0.2679954577482144,0.9976333014119624,0.14142133237691495,0,0000,0.7117801523300911,-0.28821984766990894,gathered_suspension
69,original,0.27635530598377417,0.9928529680942878,-0.15802310857582524,4,1111,1.2731035797619266,0.27310357976192656,contact_apex_no_suspension
69,other,0.2752906243438825,0.9981306025150464,0.14171827402166656,0,0000,0.7027737976056969,-0.2972262023943031,gathered_suspension
70,original,0.2818980447701644,0.9934034541033158,-0.15970140624132786,4,1111,1.274281722917664,0.27428172291766395,contact_apex_no_suspension
70,other,0.28283382773083693,0.9986264939919486,0.14204535119429973,0,0000,0.6937224926799614,-0.30627750732003856,gathered_suspension
71,original,0.2875886143142115,0.9939675375869275,-0.16144938570317693,4,1111,1.2754433000333638,0.2754433000333638,contact_apex_no_suspension
71,other,0.2906181262089781,0.9991186964019918,0.14240365424237275,0,0000,0.6846470566799876,-0.3153529433200124,gathered_suspension
72,original,0.2934146298788176,0.994546981817802,-0.1632669078695223,4,1111,1.2765734571298,0.27657345712979997,contact_apex_no_suspension
72,other,0.29863775614616717,0.999605311859665,0.14279437754570135,0,0000,0.6755688465042424,-0.3244311534957576,gathered_suspension
73,original,0.29936448327815707,0.9951438935997431,-0.16515436374081968,4,1111,1.277658147543783,0.27765814754378293,contact_apex_no_suspension
73,other,0.30688822298721624,1.000084751289655,0.14321879686657965,0,0000,0.666509728869546,-0.33349027113045404,gathered_suspension
74,original,0.3054272335613756,0.9957606967539354,-0.16711255710211836,4,1111,1.278684062677109,0.278684062677109,contact_apex_no_suspension
74,other,0.3153662997839075,1.00055566988179,0.14367824060198608,0,0000,0.6574921663777721,-0.3425078336222279,gathered_suspension
75,original,0.31159243897932937,0.9964001191612838,-0.16914258073758093,4,1111,1.2796385246962276,0.27963852469622763,contact_apex_no_suspension
75,other,0.32406996605512084,1.0010169114898047,0.14417405370596498,0,0000,0.6485393836972415,-0.3514606163027585,gathered_suspension
76,original,0.31784995087314283,0.9970651911780349,-0.17124568378272467,4,1111,1.2805093616652363,0.2805093616652363,contact_apex_no_suspension
76,other,0.3329983091534399,1.0014674614010768,0.14470755231316734,0,0000,0.6396755886628065,-0.3603244113371935,gathered_suspension
77,original,0.3241896826516148,0.997759253141345,-0.17342312549272282,4,1111,1.2812847794378115,0.2812847794378115,contact_apex_no_suspension
77,other,0.3421514020708664,1.0019064061784475,0.14527996640139484,0,0000,0.6309262292315416,-0.3690737707684584,gathered_suspension
78,original,0.33060136232063564,0.9984859696647069,-0.1756760090785658,4,1111,1.2819532405700373,0.28195324057003734,contact_apex_no_suspension
78,other,0.3515301659710598,1.002332898919514,0.14589236720065724,0,0000,0.6223182703722876,-0.3776817296277124,gathered_suspension
79,original,0.3370742749090812,0.9992493483729744,-0.17800508824759284,4,1111,1.2825033581808591,0.28250335818085914,contact_apex_no_suspension
79,other,0.3611362225628083,1.0027461281217878,0.1465455755375704,0,0000,0.6138804751519255,-0.38611952484807455,gathered_suspension
80,original,0.34359700141156435,1.0000537605886008,-0.18041053873201016,4,1111,1.2829238116220543,0.28292381162205427,contact_apex_no_suspension
80,other,0.37097174061213645,1.003145288267173,0.14724004699751678,0,0000,0.6056436717015317,-0.39435632829846834,gathered_suspension
81,original,0.3501571634041194,1.000903961255575,-0.18289168761716218,4,1111,1.2832032905330686,0.2832032905330686,contact_apex_no_suspension
81,other,0.3810392824275718,1.0035295501742918,0.14797572986361415,0,0000,0.5976409827440385,-0.40235901725596146,gathered_suspension
82,original,0.35674118711356856,1.0018051051279762,-0.18544669505704167,4,1111,1.2833304738060862,0.2833304738060862,contact_apex_no_suspension
82,other,0.39134166009588633,1.0038980290742232,0.14875189249330645,0,0000,0.5899079876117734,-0.41009201238822657,gathered_suspension
83,original,0.36333410707248054,1.00276275606649,-0.1880721864495172,4,1111,1.2832940495517864,0.2832940495517864,contact_apex_no_suspension
83,other,0.40188181757218716,1.0042497482349544,0.1495669184176222,0,0000,0.582482779405012,-0.41751722059498797,gathered_suspension
84,original,0.36991943666287996,1.003782886331851,-0.1907628387208741,4,1111,1.283082780629128,0.28308278062912806,contact_apex_no_suspension
84,other,0.41266276291180454,1.0045835958053162,0.15041807027547602,0,0000,0.5754058743161613,-0.4245941256838387,gathered_suspension
85,original,0.3764791390838769,1.0048718631991684,-0.1935109320810082,4,1111,1.282685616990931,0.2826856169909311,contact_apex_no_suspension
85,other,0.42368758346881086,1.0048982724090727,0.15130122785789288,0,0000,0.5687199294216831,-0.43128007057831685,gathered_suspension
86,original,0.38299373472146453,1.0060364211157973,-0.1963058877840232,4,1111,1.2820918505764223,0.2820918505764223,contact_apex_no_suspension
86,other,0.43495958269616875,1.005192226962955,0.1522106108222,0,0000,0.5624692334979675,-0.4375307665020325,gathered_suspension
87,original,0.3894425758305001,1.0072836188166612,-0.1991338213456825,4,1111,1.2812913010527125,0.2812913010527125,contact_apex_no_suspension
87,other,0.4464825752804966,1.0054635783251618,0.15313850228765832,0,0000,0.5566989563713312,-0.44330104362866884,gathered_suspension
88,original,0.3958043031312414,1.0086207816624826,-0.2019771465339073,4,1111,1.2802745129426318,0.28027451294263184,contact_apex_no_suspension
88,other,0.4582613610324155,1.0057100208620646,0.1540749941863514,0,0000,0.5514541771843461,-0.4485458228156539,gathered_suspension
89,original,0.40205747018363847,1.010055428872885,-0.20481426543080536,4,1111,1.2790329396831446,0.2790329396831446,contact_apex_no_suspension
89,other,0.47030236158402866,1.0059287131144705,0.15500777738188132,0,0000,0.5467787559627979,-0.4532212440372021,gathered_suspension
90,original,0.40818128247370644,1.0115951815546076,-0.20761937223099405,4,1111,1.277559092370696,0.2775590923706961,contact_apex_no_suspension
90,other,0.48261434333621106,1.0061161508053589,0.15592199813858926,0,0000,0.5427141544436591,-0.4572858455563409,gathered_suspension
91,original,0.4141563586380603,1.0132476391203324,-0.21036238599068982,4,1111,1.2758466444042544,0.27584664440425444,contact_apex_no_suspension
91,other,0.49520907033446243,1.0062680290706938,0.15680019856047078,0,0000,0.5392983317630415,-0.46070166823695846,gathered_suspension
92,original,0.4199653936701213,1.015020198226889,-0.21300901777406905,4,1111,1.2738905096186919,0.2738905096186919,contact_apex_no_suspension
92,other,0.508101642336923,1.0063791047812338,0.1576223557014348,0,0000,0.5365648198122653,-0.46343518018773466,gathered_suspension
93,original,0.4255936021959019,1.016919771606584,-0.21552098306736833,4,1111,1.2716869474284476,0.27168694742844757,contact_apex_no_suspension
93,other,0.5213101967877823,1.006443079126471,0.15836603831480675,0,0000,0.5345420116058117,-0.4654579883941883,gathered_suspension
94,original,0.4310288519902607,1.018952349521203,-0.21785640308201484,4,1111,1.2692337842158385,0.26923378421583855,contact_apex_no_suspension
94,other,0.5348546153876542,1.00645253393082,0.1590067175882341,0,0000,0.533252583131375,-0.466747416868625,gathered_suspension
95,original,0.43626146384608566,1.0211223446344615,-0.21997050268059562,4,1111,1.266530858887629,0.26653085888762895,contact_apex_no_suspension
95,other,0.5487539148226817,1.0063989717446067,0.15951829977199022,0,0000,0.5327128478985081,-0.46728715210149185,gathered_suspension
96,original,0.4412837459878442,1.0234316886241,-0.22181679289312903,4,1111,1.2635807785431767,0.26358077854317674,contact_apex_no_suspension
96,other,0.563022174840012,1.0062730251133027,0.15987398394424,0,0000,0.5329317707112968,-0.4670682292887032,gathered_suspension
97,original,0.44608943389840044,1.025878725900478,-0.2233489755856535,4,1111,1.2603899807359666,0.26038998073596664,contact_apex_no_suspension
97,other,0.5776632382141162,1.0060649030930666,0.16004755882247665,0,0000,0.5339094180587549,-0.4660905819412451,gathered_suspension
98,original,0.4506732895399445,1.0284570855378035,-0.2245237443931477,4,1111,1.2569699280302904,0.2569699280302904,contact_apex_no_suspension
98,other,0.59266503835421,1.005765113564811,0.16001519232388467,0,0000,0.5356348668649523,-0.4643651331350477,gathered_suspension
99,original,0.4550311231445291,1.0311548742795265,-0.22530439207534808,4,1111,1.253338044986093,0.2533380449860929,contact_apex_no_suspension
99,other,0.6079951273627414,1.0053654195951596,0.1597575951426113,0,0000,0.53808403090881,-0.46191596909119004,gathered_suspension
100,original,0.459160372552294,1.0339546186613615,-0.22566467265080015,4,1111,1.2495178720882647,0.2495178720882647,contact_apex_no_suspension
100,other,0.6235993450012075,1.0048598644061895,0.15926217547783064,0,0000,0.5412183236755435,-0.45878167632445654,gathered_suspension
101,original,0.46306110553972984,1.0368342562589303,-0.22559191649680221,4,1111,1.2455380310938566,0.24553803109385663,contact_apex_no_suspension
101,other,0.6394049992048144,1.0042455923163305,0.15852458485079707,0,0000,0.5449851981240814,-0.4550148018759186,gathered_suspension
102,original,0.46673703184892973,1.0397691019023751,-0.2250883336461594,4,1111,1.241430030154742,0.24143003015474207,contact_apex_no_suspension
102,other,0.6553282946329521,1.003523195906666,0.15754909306801038,0,0000,0.5493210857254089,-0.45067891427459106,gathered_suspension
103,original,0.47019603828746376,1.0427342843218013,-0.22416998200583899,4,1111,1.2372254671082537,0.23722546710825365,contact_apex_no_suspension
103,other,0.671283887058638,1.00269647399276,0.15634760451769816,0,0000,0.5541562583915342,-0.44584374160846585,gathered_suspension
104,original,0.4734499800588306,1.045706962248005,-0.22286376084211187,4,1111,1.2329534441450818,0.2329534441450818,contact_apex_no_suspension
104,other,0.6871936505632718,1.0017717099718138,0.1549376399432754,0,0000,0.5594203077163544,-0.4405796922836456,gathered_suspension
105,original,0.4765138148395017,1.0486678066133852,-0.221203440345882,4,1111,1.2286388201232665,0.22863882012326653,contact_apex_no_suspension
105,other,0.7029925100259528,1.0007567308417638,0.15333992546233421,0,0000,0.5650468371360442,-0.4349531628639558,gathered_suspension
106,original,0.4794044043061892,1.0516016076623411,-0.21922580708062617,4,1111,1.22430148922896,0.2243014892289601,contact_apex_no_suspension
106,other,0.7186307624216799,0.9996600094203527,0.1515761986021049,0,0000,0.5709765362897419,-0.4290234637102581,gathered_suspension
107,original,0.4821393273023188,1.0544971737803182,-0.21696762244538872,4,1111,1.219956500905604,0.21995650090560392,contact_apex_no_suspension
107,other,0.734073586558006,0.9984899699637266,0.14966757795172056,0,0000,0.5771585453745394,-0.42284145462546063,gathered_suspension
108,original,0.48473592407541455,1.0573468102637131,-0.21446361225691768,4,1111,1.2156146826140513,0.21561468261405126,contact_apex_no_suspension
108,other,0.7492989243731112,0.9972545402646751,0.14763356260702448,0,0000,0.5835504987245816,-0.41644950127541835,gathered_suspension
109,original,0.48721064465861746,1.0601456370677973,-0.2117453758926543,4,1111,1.2112834566630764,0.21128345666307635,contact_apex_no_suspension
109,other,0.7642947781867496,0.9959609173441577,0.1454915552870413,0,0000,0.5901177732986124,-0.40988222670138763,gathered_suspension
110,original,0.4895786762693472,1.0628909148476355,-0.20884096943803743,4,1111,1.2069676477826672,0.20696764778266719,contact_apex_no_suspension
110,other,0.7790565907921712,0.9946154857932025,0.14325674703610403,0,0000,0.5968323853237913,-0.40316761467620865,gathered_suspension
111,original,0.4918537831805468,1.0655814628396114,-0.20577491551594962,4,1111,1.202670180634538,0.2026701806345379,contact_apex_no_suspension
111,other,0.7935850244294758,0.9932238301851237,0.1409422158321847,0,0000,0.6036718260740012,-0.39632817392599884,gathered_suspension
112,original,0.494048288651612,1.0682171941656338,-0.20256844723087847,4,1111,1.198392636244423,0.19839263624442305,contact_apex_no_suspension
112,other,0.8078842234312047,0.9917907973069553,0.13855913116728338,0,0000,0.6106179919909789,-0.3893820080090211,gathered_suspension
113,original,0.4961731414295715,1.0707987632317286,-0.19923985694862648,4,1111,1.1941356737046849,0.19413567370468487,contact_apex_no_suspension
113,other,0.8219605260760147,0.9903205792736728,0.13611699612318282,0,0000,0.617656272004834,-0.382343727995166,gathered_suspension
114,original,0.49823802596461364,1.0733273073198257,-0.1958048721943032,4,1111,1.189899338731025,0.18989933873102505,contact_apex_no_suspension
114,other,0.8358215458152658,0.9888168006035908,0.13362388834564043,0,0000,0.6247748023869126,-0.37522519761308737,gathered_suspension
115,original,0.5002514899474483,1.0758042619481678,-0.1922770166747086,4,1111,1.185683283723654,0.18568328372365395,contact_apex_no_suspension
115,other,0.8494755359335991,0.9872826004279308,0.13108668091382963,0,0000,0.631963874352266,-0.368036125647734,gathered_suspension
116,original,0.5022210734561812,1.0782312315715417,-0.18866793677483978,4,1111,1.1814869215677621,0.18148692156776214,contact_apex_no_suspension
116,other,0.862930962421616,0.9857207059422098,0.12851123572283749,0,0000,0.639215470519825,-0.36078452948017503,gathered_suspension
117,original,0.5041534311683051,1.0806099006554253,-0.1849876867747086,4,1111,1.1773095312120598,0.17730953121205983,contact_apex_no_suspension
117,other,0.8761962253398229,0.9841334959782718,0.1259025682984927,0,0000,0.6465229054031904,-0.35347709459680965,gathered_suspension
118,original,0.5060544435913135,1.0829419736546715,-0.18124497289546904,4,1111,1.1731503288285898,0.17315032882858983,contact_apex_no_suspension
118,other,0.8892794838143115,0.9825230549987802,0.12326498603041673,0,0000,0.6538805477322985,-0.34611945226770147,gathered_suspension
119,original,0.5079293159266284,1.0852291354065766,-0.17744735955513014,4,1111,1.1690085147512217,0.1690085147512217,contact_apex_no_suspension
119,other,0.9021885520965178,0.9808912184572839,0.12060220304497357,0,0000,0.661283606158635,-0.338716393841365,gathered_suspension
120,original,0.509782664660407,1.0874730257899121,-0.1736014424680066,4,1111,1.1648833035592467,0.16488330355924674,contact_apex_no_suspension
120,other,0.9149308435701519,0.9792396106800276,0.1179174352087452,0,0000,0.6687279636308783,-0.3312720363691217,gathered_suspension
121,original,0.5116185927268246,1.0896752242596495,-0.16971299341460852,4,1111,1.1607739425509873,0.16077394255098731,contact_apex_no_suspension
121,other,0.9275133465482609,0.9775696764217914,0.11521347855669843,0,0000,0.6762100489833829,-0.3237899510166171,gathered_suspension
122,original,0.5134407544135776,1.091837241152343,-0.16578708118830748,4,1111,1.1566797223039558,0.15667972230395577,contact_apex_no_suspension
122,other,0.939942620700013,0.9758827071451442,0.11249277405058243,0,0000,0.6837267369423535,-0.31627326305764647,gathered_suspension
123,original,0.5152524112628356,1.093960513580449,-0.16182817269705213,4,1111,1.1525999819085282,0.1525999819085282,contact_apex_no_suspension
123,other,0.9522248064722231,0.9741798629337951,0.10975746113631822,0,0000,0.69127526985137,-0.30872473014863,gathered_suspension
124,original,0.5170564801766523,1.0960464043902725,-0.1578402176213357,4,1111,1.1485341106754863,0.14853411067548627,contact_apex_no_suspension
124,other,0.9643656423294484,0.9724621908092012,0.10700942215196178,0,0000,0.698853196034513,-0.301146803965487,gathered_suspension
125,original,0.5188555748316512,1.0980962031221146,-0.15382671948004342,4,1111,1.1444815475632781,0.14448154756327813,contact_apex_no_suspension
125,other,0.9763704863408881,0.9707306400888562,0.10425031926820556,0,0000,0.7064583209473349,-0.29354167905266515,gathered_suspension
126,original,0.5206520413801716,1.1001111282374059,-0.14979079546765564,4,1111,1.1404417791826629,0.14044177918266287,contact_apex_no_suspension
126,other,0.9882443398139288,0.9689860753112857,0.10148162533000181,0,0000,0.7140886681963465,-0.28591133180365347,gathered_suspension
127,original,0.5224479892855385,1.102092330106587,-0.1457352270074224,4,1111,1.1364143369644273,0.13641433696442729,contact_apex_no_suspension
127,other,0.9999918714777446,0.96722928715686,0.09870464970769938,0,0000,0.7217424482099848,-0.2782575517900152,gathered_suspension
128,original,0.5242453180174543,1.1040408944117595,-0.14166250261534594,4,1111,1.1323987938870004,0.13239879388700038,contact_apex_no_suspension
128,other,1.0116174412667598,0.9654610017142528,0.09592056005438954,0,0000,0.7294180328712404,-0.2705819671287596,gathered_suspension
129,original,0.5260457402242997,1.105957845730168,-0.13757485438042036,4,1111,1.1283947610290463,0.12839476102904634,contact_apex_no_suspension
129,other,1.0231251231236165,0.9636818883777212,0.09313040069453635,0,0000,0.7371139348199542,-0.26288606518004576,gathered_suspension
130,original,0.5278508019043665,1.1078441511431123,-0.1334742891293406,4,1111,1.124401884120291,0.12440188412029096,contact_apex_no_suspension
130,other,1.0345187264922884,0.961892566607269,0.09033510823063856,0,0000,0.744828790433836,-0.255171209566164,gathered_suspension
131,original,0.5296619000158399,1.1097007237688647,-0.1293626151517602,4,1111,1.120419840201584,0.12041984020158392,contact_apex_no_suspension
131,other,1.0458018163341796,0.9600936117416161,0.08753552484443383,0,0000,0.7525613457228351,-0.24743865427716494,gathered_suspension
132,original,0.5314802978967025,1.1115284261564413,-0.12524146520441906,4,1111,1.1164483344608254,0.11644833446082536,contact_apex_no_suspension
132,other,1.0569777316118074,0.958285560018907,0.08473240967963894,0,0000,0.7603104445456138,-0.2396895554543862,gathered_suspension
133,original,0.5333071388068767,1.1133280735026734,-0.12111231638591172,4,1111,1.1124870972825796,0.11248709728257955,contact_apex_no_suspension
133,other,1.0680496022508708,0.9564689129327139,0.08192644862236513,0,0000,0.7680750186869749,-0.23192498131302508,gathered_suspension
134,original,0.5351434578563659,1.1151004366731305,-0.1169765073698751,4,1111,1.1085358815286543,0.10853588152865434,contact_apex_no_suspension
134,other,1.0790203646367493,0.9546441410278913,0.0791182627377285,0,0000,0.7758540794365849,-0.2241459205634151,gathered_suspension
135,original,0.5369901925419158,1.1168462450192307,-0.11283525340065244,4,1111,1.1045944600540754,0.10459446005407536,contact_apex_no_suspension
135,other,1.0898927757243946,0.9528116872230089,0.07630841557515235,0,0000,0.783646710385839,-0.216353289614161,gathered_suspension
136,original,0.5388481920806643,1.1185661889920104,-0.10868965938660219,4,1111,1.100662623453941,0.10066262345394095,contact_apex_no_suspension
136,other,1.100669425854967,0.9509719697309449,0.07349741951740636,0,0000,0.7914520612198892,-0.2085479387801108,gathered_suspension
137,original,0.5407182257006108,1.12026092255814,-0.10454073137020559,4,1111,1.0967401780312793,0.09674017803127932,contact_apex_no_suspension
137,other,1.1113527503772016,0.9491253846372585,0.07068574131816299,0,0000,0.7992693423282589,-0.20073065767174114,gathered_suspension
138,original,0.5426009900236207,1.1219310654267505,-0.10038938660907641,4,1111,1.0928269439736118,0.0928269439736118,contact_apex_no_suspension
138,other,1.1219450401704592,0.9472723081862401,0.06787380694885299,0,0000,0.8070978200916163,-0.19290217990838365,gathered_suspension
139,original,0.5444971156568983,1.1235772050978405,-0.09623646246272717,4,1111,1.088922753722821,0.08892275372282099,contact_apex_no_suspension
139,other,1.1324484511655146,0.9454130988161029,0.06506200585450533,0,0000,0.8149368127336517,-0.1850631872663483,gathered_suspension
140,original,0.5464071730916591,1.1251998987434555,-0.09208272425065052,4,1111,1.0850274505239157,0.08502745052391569,contact_apex_no_suspension
140,other,1.1428650129510693,0.9435480989786537,0.062250694703027215,0,0000,0.8227856866456535,-0.17721431335434645,gathered_suspension
141,original,0.5483316779941771,1.1267996749335836,-0.08792887222045297,4,1111,1.081140887137217,0.08114088713721701,contact_apex_no_suspension
141,other,1.153196636551455,0.9416776367727007,0.059440200698173996,0,0000,0.8306438531110254,-0.1693561468889746,gathered_suspension
142,original,0.5502710959616295,1.1283770352180649,-0.08377554774395941,4,1111,1.0772629246994276,0.07726292469942764,contact_apex_no_suspension
142,other,1.1634451214505752,0.9398020274165456,0.05663082451562874,0,0000,0.8385107653699893,-0.16148923463001075,gathered_suspension
143,original,0.5522258468060837,1.1299324555758297,-0.07962333884179608,4,1111,1.0733934317199676,0.0733934317199676,contact_apex_no_suspension
143,other,1.1736121619343127,0.93792157458056,0.05382284291264555,0,0000,0.846385915975158,-0.153614084024842,gathered_suspension
144,original,0.5541963084201574,1.131466387741797,-0.07547278512140397,4,1111,1.0695322831991916,0.06953228319919158,contact_apex_no_suspension
144,other,1.1836993528134487,0.9360365715984584,0.051016511053589016,0,0000,0.8542688343988667,-0.1457311656011333,gathered_suspension
145,original,0.5561828202725494,1.1329792604216502,-0.07132438220227907,4,1111,1.0656793598570764,0.0656793598570764,contact_apex_no_suspension
145,other,1.1937081945881134,0.9341473025721223,0.048212064588129405,0,0000,0.8621590848580887,-0.13784091514191132,gathered_suspension
146,original,0.5581856865728251,1.1344714804031983,-0.06717858569024006,4,1111,1.061834547460522,0.06183454746052197,contact_apex_no_suspension
146,other,1.2036400981020878,0.9322540433842005,0.04540972151252398,0,0000,0.8700562643311867,-0.12994373566881334,gathered_suspension
147,original,0.5602051791426661,1.1359434335732383,-0.06303581475603016,4,1111,1.0579977362403608,0.05799773624036075,contact_apex_no_suspension
147,other,1.2134963887380505,0.9303570626291967,0.04260968384141939,0,0000,0.8779600007415587,-0.12203999925844133,gathered_suspension
148,original,0.5622415400234309,1.1373954858473578,-0.05889645536355869,4,1111,1.0541688203877446,0.05416882038774462,contact_apex_no_suspension
148,other,1.2232783101930569,0.9284566224735769,0.03981213911221571,0,0000,0.8858699512913424,-0.11413004870865762,gathered_suspension
149,original,0.5642949838480334,1.1388279840198852,-0.05476086318942985,4,1111,1.050347697622756,0.05034769762275593,contact_apex_no_suspension
149,other,1.2329870278734205,0.9265529794533212,0.03701726174252565,0,0000,0.8937858009269699,-0.10621419907303009,gathered_suspension
150,original,0.5663657000006749,1.1402412565404665,-0.05062936626761605,4,1111,1.0465342688267012,0.0465342688267012,contact_apex_no_suspension
150,other,1.2426236319426622,0.9246463852165402,0.034225214257024246,0,0000,0.9017072609251291,-0.0982927390748709,gathered_suspension
151,original,0.5684538545856882,1.1416356142230573,-0.04650226739090423,4,1111,1.0427284377323431,0.04272843773234314,contact_apex_no_suspension
151,other,1.2521891400525615,0.9227370872177573,0.031436148399230715,0,0000,0.9096340675856542,-0.09036593241434576,gathered_suspension
152,original,0.5705595922241792,1.143011350892799,-0.04237984629506591,4,1111,1.03893011066538,0.0389301106653801,contact_apex_no_suspension
152,other,1.2616844997853744,0.9208253293694931,0.028650206140631795,0,0000,0.9175659810228325,-0.08243401897716751,gathered_suspension
153,original,0.5726830376943254,1.144368743975321,-0.0382623616493859,4,1111,1.03513919633205,0.03513919633204998,contact_apex_no_suspension
153,other,1.2711105908291618,0.9189113526567764,0.025867520598596764,0,0000,0.9255027840460168,-0.07449721595398318,gathered_suspension
154,original,0.5748242974306519,1.1457080550331247,-0.03415005287401376,4,1111,1.0313556056479651,0.031355605647965135,contact_apex_no_suspension
154,other,1.2804682269103664,0.9169953957183962,0.02308821687291776,0,0000,0.9334442811224671,-0.06655571887753287,gathered_suspension
155,original,0.5769834608945554,1.1470295302527471,-0.030043141802157242,4,1111,1.0275792516038602,0.02757925160386021,contact_apex_no_suspension
155,other,1.2897581575008594,0.9150776953995651,0.02031241280960058,0,0000,0.9413902974159926,-0.05860970258400744,gathered_suspension
156,original,0.5791606018276817,1.1483334008862374,-0.025941834202692374,4,1111,1.0238100491640822,0.023810049164082248,contact_apex_no_suspension
156,other,1.2989810693166632,0.9131584872793279,0.017540219699278038,0,0000,0.9493406778965789,-0.050659322103421056,gathered_suspension
157,original,0.5813557793987656,1.1496198836503346,-0.021846321178041733,4,1111,1.0200479151951007,0.02004791519510074,contact_apex_no_suspension
157,other,1.308137587624952,0.9112380061758263,0.014771742917485706,0,0000,0.9572952865147382,-0.042704713485261836,gathered_suspension
158,original,0.583569039252234,1.1508891810857982,-0.017756780448592708,4,1111,1.0162927684199008,0.016292768419900794,contact_apex_no_suspension
158,other,1.3172282773698223,0.9093164866327471,0.012007082511909373,0,0000,0.9652540054385824,-0.03474599456141758,gathered_suspension
159,original,0.5858004144684352,1.1521414818803044,-0.013673377536190197,4,1111,1.012544529396858,0.012544529396858017,contact_apex_no_suspension
159,other,1.3262536441349566,0.9073941633884969,0.009246333742841138,0,0000,0.9732167343471929,-0.026783265652807087,gathered_suspension
160,original,0.5880499264383632,1.1533769611549334,-0.009596266854010433,4,1111,1.0088031205183792,0.00880312051837917,contact_apex_no_suspension
160,other,1.3352141349371625,0.9054712718336033,0.006489587579789783,0,0000,0.9811833897818278,-0.01881661021817216,gathered_suspension
161,original,0.5903175856665225,1.154595780719925,-0.0055255927153084,4,1111,1.0050684660305236,0.005068466030523577,contact_apex_no_suspension
161,other,1.3441101388864651,0.9035480484534494,0.0037369311608636117,0,0000,0.9891539045452373,-0.010846095454762672,gathered_suspension
162,original,0.5926033925014947,1.155798089298341,-0.0014614902666958774,4,1111,1.0013404920697335,0.0013404920697335232,contact_apex_no_suspension
162,other,1.352941987697638,0.9016247312628737,0.00098844821716565,0,0000,0.9971282271504656,-0.0028717728495344375,gathered_suspension
163,original,0.5949073610431138,1.1569840317816302,0.0025958993494137185,4,1111,0.9976191397656117,-0.0023808602343883267,contact_apex_no_suspension
163,other,1.3617100312207422,0.8997015376015002,-0.0017557708729832684,0,0000,1.0051062931279446,0.005106293127944639,extended_suspension
164,original,0.5972297885625997,1.1581538591251623,0.0066462645586426805,4,1111,0.9939045130374717,-0.006095486962528263,contact_apex_no_suspension
164,other,1.370415533064531,0.897778398038599,-0.0044955183668146555,0,0000,1.0130876996465243,0.013087699646524342,extended_suspension
165,original,0.5995711443304725,1.1593079007091978,0.010689196323960308,4,1111,0.9901968061746801,-0.009803193825319911,contact_apex_no_suspension
165,other,1.379060393496927,0.8958550501025678,-0.007230519341204877,0,0000,1.0210718424762324,0.021071842476232394,extended_suspension
166,original,0.6019318626374315,1.160446487159439,0.014724316372468713,4,1111,0.9864961851286663,-0.013503814871333675,contact_apex_no_suspension
166,other,1.3876464982539114,0.8939312368952308,-0.009960518655080198,0,0000,1.0290581665717833,0.029058166571783284,extended_suspension
167,original,0.6043123408938572,1.161569947729684,0.018751277756328174,4,1111,0.9828027871674095,-0.01719721283259046,contact_apex_no_suspension
167,other,1.3961757018717866,0.8920067112385617,-0.012685281391267695,0,0000,1.0370461673769138,0.0370461673769138,extended_suspension
168,original,0.60671294182938,1.1626786093654202,0.022769762907169637,4,1111,0.9791167228116637,-0.02088327718833627,contact_apex_no_suspension
168,other,1.4046498246707309,0.8900812357571849,-0.015404591601828159,0,0000,1.0450353872697056,0.045035387269705573,extended_suspension
169,original,0.6091339955803696,1.1637727958487687,0.026779481786099915,4,1111,0.9754380776626146,-0.02456192233738541,contact_apex_no_suspension
169,other,1.4130706500065948,0.88815458294996,-0.01811825111740935,0,0000,1.0530254122485887,0.0530254122485887,extended_suspension
170,original,0.6115758016771924,1.164852827023116,0.030780170121533213,4,1111,0.9717669141306942,-0.02823308586930584,contact_apex_no_suspension
170,other,1.4214399218039377,0.8862265352452858,-0.020826078415136,0,0000,1.061015868836684,0.06101586883668397,extended_suspension
171,original,0.6140386309246934,1.1659190180843206,0.03477158773634771,4,1111,0.968103273066367,-0.03189672693363299,contact_apex_no_suspension
171,other,1.4297593423016903,0.8842968850509896,-0.02352790754593277,0,0000,1.0690064212022778,0.06900642120227785,extended_suspension
172,original,0.6165227271844043,1.1669716789352995,0.03875351695808115,4,1111,0.9644471753007353,-0.035552824699264685,contact_apex_no_suspension
172,other,1.4380305700103186,0.8823654347964304,-0.026223587116890656,0,0000,1.0769967684777346,0.07699676847773462,extended_suspension
173,original,0.6190283090592028,1.1680111135959497,0.042725761109879745,4,1111,0.9607986230998505,-0.039201376900149465,contact_apex_no_suspension
173,other,1.4462552178446497,0.8804319969714469,-0.028912979327069946,0,0000,1.0849866422681462,0.08498664226814623,extended_suspension
174,original,0.6215555714845687,1.16903761966304,0.046688143078335846,4,1111,0.9571576015378898,-0.04284239846211024,contact_apex_no_suspension
174,other,1.4544348514130707,0.8784963941637174,-0.03159595905408938,0,0000,1.092975804338399,0.09297580433839903,extended_suspension
175,original,0.6241046872299403,1.170051487814505,0.05064050395435059,4,1111,0.9535240797942056,-0.046475920205794385,contact_apex_no_suspension
175,other,1.4625709874417772,0.8765584590965113,-0.03427241298886229,0,0000,1.1009640444678257,0.1009640444678257,extended_suspension
176,original,0.6266758083134809,1.1710530013528673,0.05458270174351924,4,1111,0.9498980123787191,-0.05010198762128093,contact_apex_no_suspension
176,other,1.4706650923131679,0.8746180346690453,-0.036942238816129555,0,0000,1.1089511784629438,0.10895117846294378,extended_suspension
177,original,0.6292690673338961,1.1720424357829715,0.05851461014239494,4,1111,0.9462793402901473,-0.053720659709852736,contact_apex_no_suspension
177,other,1.4787185806994803,0.8726749740011436,-0.03960534443835005,0,0000,1.1169370463189419,0.11693704631894186,extended_suspension
178,original,0.6318845787243696,1.1730200584208004,0.062436117376238484,4,1111,0.9426679921121389,-0.05733200788786108,contact_apex_no_suspension
178,other,1.486732814282867,0.8707291404823283,-0.042261647240005154,0,0000,1.1249215105189196,0.12492151051891964,extended_suspension
179,original,0.6345224399273992,1.1739861280254213,0.06634712509687911,4,1111,0.9390638850493578,-0.06093611495064222,contact_apex_no_suspension
179,other,1.4947091005198483,0.8687804078317628,-0.04491107339152269,0,0000,1.1329044544684708,0.13290445446847077,extended_suspension
180,original,0.6371827325024414,1.1749408944569533,0.07024754733331628,4,1111,0.9354669259112796,-0.06453307408872044,contact_apex_no_suspension
180,other,1.502648691480394,0.8668286601618187,-0.04755355718777214,0,0000,1.1408857810469872,0.14088578104698724,extended_suspension
181,original,0.6398655231600309,1.1758845983491564,0.07413730949600293,4,1111,0.9318770120432975,-0.06812298795670246,contact_apex_no_suspension
181,other,1.5105527826951493,0.8648737920566775,-0.0501890404220118,0,0000,1.1488654112803496,0.14886541128034958,extended_suspension
182,original,0.6425708647335341,1.1768174707996015,0.07801634742809295,4,1111,0.9282940322121193,-0.07170596778788074,contact_apex_no_suspension
182,other,1.518422512039821,0.8629157086590746,-0.05281747179071246,0,0000,1.156843283118369,0.15684328311836904,extended_suspension
183,original,0.6452987970868193,1.1777397330703443,0.08188460650234199,4,1111,0.924717867447095,-0.07528213255290495,contact_apex_no_suspension
183,other,1.5262589586176079,0.8609543257715749,-0.05543880632854937,0,0000,1.1648193503160773,0.1648193503160773,extended_suspension
184,original,0.6480493479631562,1.1786515962979254,0.08574204075968674,4,1111,0.9211483918416576,-0.07885160815834236,contact_apex_no_suspension
184,other,1.5340631416399555,0.8589895699711795,-0.0580530048709562,0,0000,1.17279358141024,0.17279358141023993,extended_suspension
185,original,0.6508225337771818,1.17955326120905,0.0895886120868466,4,1111,0.917585473317727,-0.082414526682273,contact_apex_no_suspension
185,other,1.5418360192883163,0.8570213787396511,-0.06066003354258159,0,0000,1.1807659587865478,0.18076595878654778,extended_suspension
186,original,0.6536183603533351,1.1804449178397673,0.09342428942979615,4,1111,0.9140289743563736,-0.08597102564362635,contact_apex_no_suspension
186,other,1.549578487549063,0.8550497006099779,-0.06325986326961702,0,0000,1.1887364778316258,0.18873647783162584,extended_suspension
187,original,0.6564368236125893,1.1813267452549747,0.09724904804044544,4,1111,0.910478752697505,-0.089521247302495,contact_apex_no_suspension
187,other,1.5572913790068086,0.8530744953311413,-0.06585246931437061,0,0000,1.1967051461656057,0.19670514616560575,extended_suspension
188,original,0.6592779102104156,1.182198911266139,0.1010628687536876,4,1111,0.9069346620115002,-0.09306533798849981,contact_apex_no_suspension
188,other,1.5649754615876894,0.8510957340517523,-0.06843783083026798,0,0000,1.2046719829505097,0.2046719829505097,extended_suspension
189,original,0.6621415981278852,1.1830615721445046,0.1048657372923269,4,1111,0.903396552545338,-0.09660344745466198,contact_apex_no_suspension
189,other,1.5726314372401373,0.84911339952446,-0.07101593043577865,0,0000,1.212637018270897,0.21263701827089698,extended_suspension
190,original,0.6650278572180581,1.1839148723275321,0.1086576435970368,4,1111,0.8998642717460903,-0.1001357282539097,contact_apex_no_suspension
190,other,1.5802599405429187,0.8471274863321631,-0.07358675380547551,0,0000,1.2206002925824904,0.22060029258249036,extended_suspension
191,original,0.6679366497097244,1.1847589441161561,0.11243858117931987,4,1111,0.8963376648638415,-0.10366233513615852,contact_apex_no_suspension
191,other,1.5878615372295446,0.8451380011376592,-0.07615028927704123,0,0000,1.2285618562265246,0.22856185622652458,extended_suspension
192,original,0.6708679306698894,1.1855939073604216,0.1162085464944913,4,1111,0.892816575536995,-0.107183424463005,contact_apex_no_suspension
192,other,1.5954367226170842,0.8431449629583275,-0.07870652747235526,0,0000,1.2365217690057526,0.2365217690057526,extended_suspension
193,original,0.6738216484269185,1.1864198691312018,0.11996753833287489,4,1111,0.8893008463617716,-0.11069915363822835,contact_apex_no_suspension
193,other,1.6029859199286607,0.841148403467359,-0.08125546093166128,0,0000,1.24448009982074,0.24448009982073993,extended_suspension
194,original,0.6767977449555485,1.1872369233755846,0.12371555722651113,4,1111,0.8857903194485814,-0.11420968055141856,contact_apex_no_suspension
194,other,1.610509478497673,0.8391483673234077,-0.08379708375913002,0,0000,1.2524369263633957,0.25243692636339565,extended_suspension
195,original,0.6797961562252018,1.1880451505534821,0.1274526048694086,4,1111,0.8822848369671912,-0.11771516303280882,contact_apex_no_suspension
195,other,1.618007671841576,0.8371449125303947,-0.08633139127874961,0,0000,1.2603923348665154,0.26039233486651536,extended_suspension
196,original,0.68281681251249,1.1888446172529363,0.13117868354888504,4,1111,0.8787842416831024,-0.12121575831689757,contact_apex_no_suspension
196,other,1.6254806955922096,0.8351381108296112,-0.08885837969905763,0,0000,1.2683464199073586,0.26834641990735864,extended_suspension
197,original,0.6858596386789698,1.189635375781535,0.1348937955859767,4,1111,0.8752883774871065,-0.12471162251289347,contact_apex_no_suspension
197,other,1.6329286652694701,0.8331280481262684,-0.09137804578560925,0,0000,1.2762992842644652,0.27629928426446515,extended_suspension
198,original,0.68892455441497,1.1904174637312979,0.13859794278265236,4,1111,0.8717970899202212,-0.1282029100797788,contact_apex_no_suspension
198,other,1.6403516138845666,0.8311148249526503,-0.09389038653988463,0,0000,1.284251038826672,0.2842510388266719,extended_suspension
199,original,0.6920114744498538,1.1911909035140584,0.14229112587366174,4,1111,0.8683102266960991,-0.13168977330390086,contact_apex_no_suspension
199,other,1.6477494893567788,0.8290985569707205,-0.09639539888344811,0,0000,1.2922018025540034,0.2922018025540034,extended_suspension
200,original,0.6951203087294034,1.1919557018645004,0.1459733439808897,4,1111,0.8648276382229684,-0.13517236177703162,contact_apex_no_suspension
200,other,1.6551221517288421,0.8270793755166113,-0.09889307934620552,0,0000,1.3001517024902893,0.30015170249028933,extended_suspension
201,original,0.6982509625603494,1.1927118493075932,0.1496445940679287,4,1111,0.8613491781272851,-0.13865082187271494,contact_apex_no_suspension
201,other,1.6624693701629878,0.8250574281902772,-0.10138342375750477,0,0000,1.30810087382776,0.30810087382775997,extended_suspension
202,original,0.7014033367221759,1.1934593195870065,0.15330487039271065,4,1111,0.8578747037811728,-0.1421252962188272,contact_apex_no_suspension
202,other,1.6697908196991655,0.8230328794933272,-0.10386642693899739,0,0000,1.3160494600243036,0.31604946002430356,extended_suspension
203,original,0.7045773275460387,1.1941980690509049,0.15695416395591252,4,1111,0.8544040768357968,-0.14559592316420322,contact_apex_no_suspension
203,other,1.677086077755512,0.821005911518893,-0.10634208239802291,0,0000,1.3239976129746278,0.3239976129746278,extended_suspension
204,original,0.7077728269603736,1.1949280359912113,0.16059246194265608,4,1111,0.8509371637630283,-0.1490628362369717,contact_apex_no_suspension
204,other,1.6843546203493585,0.818976724697166,-0.10881038202029768,0,0000,1.3319454932363524,0.33194549323635236,extended_suspension
205,original,0.7109897225026377,1.1956491399319673,0.1642197471553542,4,1111,0.8474738364073966,-0.1525261635926034,contact_apex_no_suspension
205,other,1.691595818014488,0.8169455386012019,-0.11127131576083239,0,0000,1.3398932703138233,0.3398932703138233,extended_suspension
206,original,0.71422789729631,1.1963612808623019,0.16783599743482486,4,1111,0.8440139725510156,-0.15598602744898438,contact_apex_no_suspension
206,other,1.6988089313894796,0.8149125928174906,-0.11372487133163979,0,0000,1.3478411230012353,0.34784112300123526,extended_suspension
207,original,0.7174872299920897,1.197064338408859,0.17144118506740474,4,1111,0.8405574564935687,-0.15944254350643128,contact_apex_no_suspension
207,other,1.7059931064482134,0.8128781478866393,-0.1161710338852117,0,0000,1.355789239788967,0.35578923978896704,extended_suspension
208,original,0.7207675946717498,1.1977581709420704,0.17503527617497128,4,1111,0.8371041796501791,-0.16289582034982086,contact_apex_no_suspension
208,other,1.7131473693408226,0.8108424863200143,-0.11860978569222785,0,0000,1.3637378193362197,0.36373781933621974,extended_suspension
209,original,0.7240688607131358,1.1984426146103822,0.17861823008511,4,1111,0.833654041169674,-0.166345958830326,contact_apex_no_suspension
209,other,1.72027062081201,0.8088059136984943,-0.12104110581227595,0,0000,1.3716870710145392,0.37168707101453924,extended_suspension
210,original,0.7273908926140676,1.1991174822954875,0.1821899986782346,4,1111,0.8302069485761019,-0.1697930514238981,contact_apex_no_suspension
210,other,1.7273616301571961,0.8067687598606441,-0.12346496975611428,0,0000,1.3796372155273375,0.37963721552733753,extended_suspension
211,original,0.7307335497727553,1.1997825624812155,0.185750525708308,4,1111,0.8267628184364666,-0.1732371815635334,contact_apex_no_suspension
211,other,1.7344190286750263,0.8047313801880858,-0.12588134913796334,0,0000,1.387588485611389,0.3875884856113889,extended_suspension
212,original,0.7340966862218637,1.2004376180278442,0.18929974609350453,4,1111,0.8233215770579013,-0.17667842294209868,contact_apex_no_suspension
212,other,1.7414413025694968,0.8026941569967425,-0.1282902113162396,0,0000,1.3955411268270335,0.39554112682703346,extended_suspension
213,original,0.7374801503127578,1.2010823848425476,0.19283758517293678,4,1111,0.8198831612176324,-0.18011683878236762,contact_apex_no_suspension
213,other,1.748426785248905,0.800657501043895,-0.13069151902102102,0,0000,1.4034953984453058,0.4034953984453058,extended_suspension
214,original,0.7408837843460511,1.2017165704357569,0.1963639579251132,4,1111,0.8164475189294383,-0.18355248107056166,contact_apex_no_suspension
214,other,1.7553736489637144,0.7986218531618257,-0.13308522996640848,0,0000,1.4114515744409624,0.41145157444096236,extended_suspension
215,original,0.7443074241439477,1.202339852352015,0.1998787681435048,4,1111,0.8130146102505014,-0.18698538974949863,contact_apex_no_suspension
215,other,1.762279895718558,0.7965876860302624,-0.13547129644584918,0,0000,1.4194099446021697,0.41940994460216974,extended_suspension
216,original,0.747750898558989,1.2029518764622238,0.2033819075640797,4,1111,0.8095844081329318,-0.19041559186706825,contact_apex_no_suspension
216,other,1.7691433473837068,0.7945555061015342,-0.13784966490823902,0,0000,1.4273708157691085,0.4273708157691085,extended_suspension
217,original,0.7512140289129999,1.2035522551028228,0.20687325493891678,4,1111,0.8061568993248112,-0.19384310067518884,contact_apex_no_suspension
217,other,1.7759616349240832,0.7925258556939506,-0.1402202755123946,0,0000,1.4353345132151523,0.43533451321515226,extended_suspension
218,original,0.7546966283601322,1.204140565046426,0.21035267504999847,4,1111,0.8027320853255164,-0.19726791467448357,contact_apex_no_suspension
218,other,1.782732186658616,0.7904993152695503,-0.1425830616575122,0,0000,1.443301382186498,0.44330138218649795,extended_suspension
219,original,0.7581985011633595,1.2047163452821588,0.21382001765561717,4,1111,0.7993099834012768,-0.2006900165987232,contact_apex_no_suspension
219,other,1.789452215424388,0.7884765059200922,-0.14493794948657057,0,0000,1.4512717896215965,0.45127178962159653,extended_suspension
220,original,0.7617194418790498,1.2052790945899696,0.21727511636206384,4,1111,0.795890627666884,-0.204109372333116,contact_apex_no_suspension
220,other,1.796118704559895,0.7864580920769696,-0.14728485735968277,0,0000,1.4592461260664313,0.45924612606643134,extended_suspension
221,original,0.7652592344346878,1.2058282688795379,0.22071778741114578,4,1111,0.792474070240701,-0.20752592975929895,contact_apex_no_suspension
221,other,1.8027283925372037,0.784444784477409,-0.14962369529370462,0,0000,1.4672248078158523,0.4672248078158523,extended_suspension
222,original,0.76881765108996,1.2063632782695428,0.22414782837417901,4,1111,0.7890603824801099,-0.2109396175198901,contact_apex_no_suspension
222,other,1.8092777561084226,0.7824373434117894,-0.15195436436448073,0,0000,1.4752082793070094,0.4752082793070094,extended_suspension
223,original,0.7723944512648367,1.2068834838740283,0.22756501674040797,4,1111,0.7856496563064643,-0.21435034369353567,contact_apex_no_suspension
223,other,1.8157629917762588,0.780436582288083,-0.15427675606693522,0,0000,1.4831970157990355,0.4831970157990355,extended_suspension
224,original,0.7759893802198137,1.2073881942622458,0.23096910838756196,4,1111,0.7822420056286001,-0.21775799437139987,contact_apex_no_suspension
224,other,1.822179995400404,0.7784433715484137,-0.1565907516282653,0,0000,1.4911915263757272,0.49119152637572716,extended_suspension
225,original,0.7796021675650086,1.207876661544674,0.23435983591921836,4,1111,0.7788375678758312,-0.22116243212416875,contact_apex_no_suspension
225,other,1.8285243396693602,0.7764586429886625,-0.15889622126854813,0,0000,1.4991923573225328,0.49919235732253275,extended_suspension
226,original,0.7832325255800928,1.2083480770452482,0.23773690685238125,4,1111,0.7754365056526311,-0.22456349434736889,contact_apex_no_suspension
226,other,1.8347912492156229,0.7744833945223434,-0.16119302340201264,0,0000,1.507200095920217,0.507200095920217,extended_suspension
227,original,0.7868801473121967,1.2088015664932084,0.24110000163534775,4,1111,0.7720390085284821,-0.22796099147151794,contact_apex_no_suspension
227,other,1.8409755729938113,0.7725186954603067,-0.16348100377196875,0,0000,1.5152153747306096,0.5152153747306096,extended_suspension
228,original,0.7905447044246023,1.2092361846770678,0.24444877147329222,4,1111,0.7686452949788984,-0.23135470502110156,contact_apex_no_suspension
228,other,1.8470717536003802,0.7705656923660352,-0.16575999451038176,0,0000,1.5232388764363696,0.5232388764363696,extended_suspension
229,original,0.7942258447560453,1.2096509094786572,0.2477828359349857,4,1111,0.7652556144954137,-0.23474438550458632,contact_apex_no_suspension
229,other,1.8530737930704348,0.7686256155735384,-0.16802981311247409,0,0000,1.5312713393279382,0.5312713393279382,extended_suspension
230,original,0.7979231895466288,1.2100446351974175,0.2511017803095534,4,1111,0.7618702498854063,-0.2381297501145937,contact_apex_no_suspension
230,other,1.8589752146448961,0.7666997864623623,-0.17029026131455086,0,0000,1.5393135635383264,0.5393135635383264,extended_suspension
231,original,0.8016363302773256,1.2104161650568943,0.25440515267689484,4,1111,0.7584895197856272,-0.24151048021437282,contact_apex_no_suspension
231,other,1.8647690198995162,0.764789625603303,-0.17254112386167764,0,0000,1.5473664181490696,0.5473664181490696,extended_suspension
232,original,0.8053648250591556,1.2107642027647891,0.257692460648369,4,1111,0.7551137814175339,-0.24488621858246606,contact_apex_no_suspension
232,other,1.8704476405102364,0.7628966619102251,-0.17478216714911712,0,0000,1.5554308493141211,0.5554308493141211,extended_suspension
233,original,0.8091081944958355,1.2110873429731062,0.26096316772646344,4,1111,0.751743433617079,-0.24825656638292104,contact_apex_no_suspension
233,other,1.876002883790821,0.7610225429588492,-0.17701313771868815,0,0000,1.5635078895785834,0.5635078895785834,extended_suspension
234,original,0.8128659169273854,1.2113840604535366,0.26421668922192154,4,1111,0.7483789201775061,-0.25162107982249393,contact_apex_no_suspension
234,other,1.8814258709617506,0.7591690466665981,-0.17923376058755372,0,0000,1.5715986686064256,0.5715986686064256,extended_suspension
235,original,0.8166374229425516,1.2116526977649467,0.26745238765427753,4,1111,0.7450207335508869,-0.25497926644911306,contact_apex_no_suspension
235,other,1.8867069668946046,0.7573380945670662,-0.18144373738240566,0,0000,1.579704425577161,0.5797044255771611,extended_suspension
236,original,0.8204220890227018,1.21189145114097,0.2706695675461251,4,1111,0.7416694189628932,-0.2583305810371068,contact_apex_no_suspension
236,other,1.891835699801432,0.7555317669639291,-0.18364274424655966,0,0000,1.5878265235699773,0.5878265235699773,extended_suspension
237,original,0.8242192301486992,1.2120983542653767,0.27386746950185414,4,1111,0.7383255790062238,-0.26167442099377625,contact_apex_no_suspension
237,other,1.896800669000183,0.7537523203115628,-0.18583042948043776,0,0000,1.5959664663271136,0.5959664663271136,extended_suspension
238,original,0.8280280911614102,1.212271259524786,0.27704526343634894,4,1111,0.7349898787920692,-0.26501012120793077,contact_apex_no_suspension
238,other,1.9015894384478538,0.7520022072512488,-0.18800641086700712,0,0000,1.6041259178816099,0.6041259178816099,extended_suspension
239,original,0.8318478366153944,1.2124078162296057,0.2802020407875833,4,1111,0.7316630517561129,-0.2683369482438871,contact_apex_no_suspension
239,other,1.9061884131797673,0.7502840998340746,-0.19017027262263994,0,0000,1.6123067256552972,0.6123067256552972,extended_suspension
240,original,0.8356775387976841,1.2125054451656647,0.28333680550557855,4,1111,0.7283459062380147,-0.27165409376198535,contact_apex_no_suspension
240,other,1.9105826950715248,0.74860091659529,-0.19232156189920233,0,0000,1.6205109477883242,0.6205109477883242,extended_suspension
241,original,0.8395161634959366,1.2125613086720348,0.2864484635567052,4,1111,0.7250393329818264,-0.27496066701817357,contact_apex_no_suspension
241,other,1.914755913402901,0.7469558543181739,-0.19445978474445558,0,0000,1.628740885664901,0.628740885664901,extended_suspension
242,original,0.8433625529838784,1.2125722752206034,0.28953581061181227,4,1111,0.7217443137420184,-0.2782556862579816,contact_apex_no_suspension
242,other,1.9186900244680087,0.7453524255536951,-0.19658440140310016,0,0000,1.6369991228693137,0.6369991228693137,extended_suspension
243,original,0.8472154055364418,1.212534877180114,0.29259751749275514,4,1111,0.7184619312289166,-0.28153806877108345,contact_apex_no_suspension
243,other,1.9223650728313977,0.7437945032660063,-0.1986948208079999,0,0000,1.6452885721640107,0.6452885721640107,extended_suspension
244,original,0.8510732505766344,1.2124452600531217,0.29563211282593693,4,1111,0.7151933806924498,-0.28480661930755025,contact_apex_no_suspension
244,other,1.9257589046159433,0.7422863743826716,-0.20079039406716237,0,0000,1.6536125325663282,0.6536125325663282,extended_suspension
245,original,0.8549344182676295,1.2122991209369718,0.2986379621792637,4,1111,0.7119399835314263,-0.2880600164685737,contact_apex_no_suspension
245,other,1.9288468201903726,0.740832804585303,-0.2028704066920825,0,0000,1.6619747592605294,0.6619747592605294,extended_suspension
246,original,0.8587970019627383,1.212091633216756,0.30161324272152434,4,1111,0.7087032034358978,-0.29129679656410223,contact_apex_no_suspension
246,other,1.9316011494507468,0.7394391174463819,-0.2049340692305606,0,0000,1.670379549997964,0.6703795499979639,extended_suspension
247,original,0.8626588113604269,1.2118173534562233,0.304555912109956,4,1111,0.7054846657375624,-0.2945153342624376,contact_apex_no_suspension
247,other,1.933990727036946,0.7381112920969194,-0.20698050585147595,0,0000,1.678831852924696,0.6788318529246959,extended_suspension
248,original,0.86651731339943,1.211470104966435,0.30746366983609913,4,1111,0.7022861808800738,-0.2977138191199262,contact_apex_no_suspension
248,other,1.9359802364760308,0.7368560851488107,-0.20900874026410132,0,0000,1.6873374026119272,0.6873374026119272,extended_suspension
249,original,0.8703695567436057,1.21104283037483,0.3103339085700872,4,1111,0.6991097732611372,-0.3008902267388628,contact_apex_no_suspension
249,other,1.9375293801235225,0.7356811848284301,-0.21101767811575003,0,0000,1.6959028937365326,0.6959028937365326,extended_suspension
250,original,0.8742120739374707,1.2105274023227586,0.3131636520201025,4,1111,0.6959577171985997,-0.30404228280140033,contact_apex_no_suspension
250,other,1.938591813819868,0.7345954085846448,-0.2130060846576412,0,0000,1.7045362058174365,0.7045362058174365,extended_suspension
251,original,0.878040752616463,1.209914376583894,0.31594947427299935,4,1111,0.6928325825241386,-0.3071674174758614,contact_apex_no_suspension
251,other,1.9391137579960993,0.7336089604389152,-0.21497255593281459,0,0000,1.7132466984121308,0.7132466984121308,extended_suspension
252,original,0.8818506629391855,1.2091926643907283,0.31868739317279726,4,1111,0.6897372934652353,-0.31026270653476473,contact_apex_no_suspension
252,other,1.939032154762097,0.7327337721116399,-0.21691548090770635,0,0000,1.7220456054973499,0.7220456054973499,extended_suspension
253,original,0.8856358216233328,1.2083490887810393,0.32137272644116044,4,1111,0.6866752063118232,-0.3133247936881768,contact_apex_no_suspension
253,other,1.9382721731547334,0.7319839643518236,-0.21883299063815156,0,0000,1.7309465726330189,0.7309465726330189,extended_suspension
254,original,0.8893888616951255,1.2073677700454286,0.32399989288611203,4,1111,0.6836502143675373,-0.31634978563246274,contact_apex_no_suspension
254,other,1.9367437537113221,0.7313764853156312,-0.22072288836463302,0,0000,1.739966405033741,0.7399664050337409,extended_suspension
255,original,0.8931005576308606,1.2062292516404391,0.3265621301577383,4,1111,0.6806668937863596,-0.3193331062136404,contact_apex_no_suspension
255,other,1.934336693768232,0.730932017733674,-0.22258255067101396,0,0000,1.7491261365976518,0.7491261365976518,extended_suspension
256,original,0.896759120614113,1.2049092177978298,0.32905108105702974,4,1111,0.6777307129279884,-0.32226928707201163,contact_apex_no_suspension
256,other,1.9309134363248033,0.7306763088409014,-0.22440878312348878,0,0000,1.758452604764695,0.7584526047646949,extended_suspension
257,original,0.9003491125298078,1.2033765412544577,0.3314561638757148,4,1111,0.6748483446528861,-0.3251516553471139,contact_apex_no_suspension
257,other,1.9262980900298818,0.7306421937728454,-0.2261976012056403,0,0000,1.7679808566037263,0.7679808566037263,extended_suspension
258,original,0.9038496946622665,1.2015901745766329,0.3337635694732975,4,1111,0.6720281539813262,-0.3279718460186738,contact_apex_no_suspension
258,other,1.9202589408574093,0.730872815790122,-0.22794388233590152,0,0000,1.7777579924718667,0.7777579924718667,extended_suspension
259,original,0.907231641051043,1.1994939145319188,0.3359545720961132,4,1111,0.6692810027520661,-0.33071899724793385,contact_apex_no_suspension
259,other,1.912478990586937,0.7314270466270387,-0.229640781599242,0,0000,1.7878496615069521,0.7878496615069521,extended_suspension
260,original,0.91045187256846,1.1970069190928447,0.33800247709187053,4,1111,0.6666216689324365,-0.33337833106756354,contact_apex_no_suspension
260,other,1.9025025898100485,0.7323892940779306,-0.23127868184386322,0,0000,1.7983518855792162,0.7983518855792162,extended_suspension
261,original,0.9134423888508568,1.1940048357629252,0.3398665150738218,4,1111,0.6640716434520697,-0.3359283565479303,contact_apex_no_suspension
261,other,1.8896291568634096,0.7338890253976744,-0.23284309035070297,0,0000,1.8094145880672012,0.8094145880672012,extended_suspension
262,original,0.916025161242004,1.1903800692318733,0.34144203490269454,4,1111,0.6617226035666752,-0.3382773964333248,contact_apex_no_suspension
262,other,1.873152848512025,0.7360778122494552,-0.23427513465544744,0,0000,1.8209892604734015,0.8209892604734015,extended_suspension
263,original,0.9179347500602756,1.1860769574767647,0.34258163169160727,4,1111,0.6597179129739188,-0.3402820870260812,contact_apex_no_suspension
263,other,1.8525708792827047,0.7390877154958191,-0.23548267140022108,0,0000,1.832816295498684,0.832816295498684,extended_suspension
264,original,0.9188802657193221,1.1811847804769575,0.3431373329965636,4,1111,0.6582224614784451,-0.3417775385215549,contact_apex_no_suspension
264,other,1.828121542579095,0.7429280347223465,-0.2363593623043862,0,0000,1.844346358776804,0.8443463587768041,extended_suspension
265,original,0.9187067839974262,1.175972886475299,0.34305187203623283,4,1111,0.6573331965968296,-0.34266680340317035,contact_apex_no_suspension
265,other,1.8010977461151176,0.7474029308909639,-0.23684182167551288,0,0000,1.8549009077239256,0.8549009077239256,extended_suspension
266,original,0.9172627295871415,1.1700562933964072,0.34227799130510433,4,1111,0.6570080385911539,-0.34299196140884614,contact_apex_no_suspension
266,other,1.7694267120792568,0.7528650953326387,-0.23694168651273623,0,0000,1.8651861624337305,0.8651861624337305,extended_suspension
267,original,0.9144018747973308,1.1636516859181152,0.3407760156989178,4,1111,0.6573032684909086,-0.3426967315090914,contact_apex_no_suspension
267,other,1.734148375447301,0.759149873199144,-0.23661406400043475,0,0000,1.8746906998528725,0.8746906998528725,extended_suspension
268,original,0.9062727235761344,1.1521114698030142,0.3366546868419875,4,1111,0.6591318774669636,-0.34086812253303644,contact_apex_no_suspension
268,other,1.6683980217366634,0.7712512476628903,-0.23510705518662217,0,0000,1.8884508265510043,0.8884508265510043,extended_suspension
269,original,0.8986121423431974,1.1441224471573364,0.3329021699387014,4,1111,0.6611572961089991,-0.3388427038910009,contact_apex_no_suspension
269,other,1.6214407419266952,0.7801066910562086,-0.23348960442644012,0,0000,1.8959069379919111,0.8959069379919111,extended_suspension
270,original,0.891389458487884,1.137761212536321,0.3294481590651169,4,1111,0.6631275398614462,-0.33687246013855376,contact_apex_no_suspension
270,other,1.5832736679924067,0.7873946226132936,-0.23190876684855682,0,0000,1.9008026362101886,0.9008026362101886,extended_suspension
271,original,0.8844529456468243,1.1323318068874983,0.3261927058295823,4,1111,0.6650268048037968,-0.33497319519620317,contact_apex_no_suspension
271,other,1.5501669268841891,0.7937647440005436,-0.23036860008885388,0,0000,1.9043059896027832,0.9043059896027832,extended_suspension
272,original,0.8777245889892448,1.127527522379977,0.3230838767065796,4,1111,0.6668579323321275,-0.33314206766787247,contact_apex_no_suspension
272,other,1.5204659346814113,0.799508224790856,-0.22886548959789563,0,0000,1.9069093432468567,0.9069093432468567,extended_suspension
273,original,0.8711580351285633,1.1231815528648075,0.3200903961574645,4,1111,0.6686265432335702,-0.3313734567664298,contact_apex_no_suspension
273,other,1.4932667207564483,0.804785355139281,-0.22739537227658774,0,0000,1.9088713485199,0.9088713485199,extended_suspension
274,original,0.8647230309278258,1.1191913155138273,0.31719157757529265,4,1111,0.670338203441209,-0.329661796558791,contact_apex_no_suspension
274,other,1.4680114066413528,0.8096956750713604,-0.22595473606063013,0,0000,1.9103464348730217,0.9103464348730217,extended_suspension
275,original,0.8583984757262325,1.1154883601942613,0.3143728186485284,4,1111,0.6719978751748558,-0.32800212482514424,contact_apex_no_suspension
275,other,1.444326667242127,0.814306155957827,-0.2245406771926818,0,0000,1.9114349381205626,0.9114349381205626,extended_suspension
276,original,0.8521689052908973,1.1120242686240214,0.31162330889006873,4,1111,0.6736098763922682,-0.3263901236077318,contact_apex_no_suspension
276,other,1.4219477824654319,0.8186645158495791,-0.2231508030029766,0,0000,1.912206091599642,0.9122060915996419,extended_suspension
277,original,0.8460225427438339,1.1087632573954107,0.3089347492809119,4,1111,0.675177955668592,-0.32482204433140804,contact_apex_no_suspension
277,other,1.4006786909814573,0.8228062518347988,-0.2217831273942228,0,0000,1.912709868122978,0.9127098681229779,extended_suspension
278,original,0.8399501403136134,1.1056779621163755,0.3063005848982775,4,1111,0.6767053830496217,-0.3232946169503783,contact_apex_no_suspension
278,other,1.3803691726847802,0.826758671389109,-0.22043598519923746,0,0000,1.9129836211048916,0.9129836211048916,extended_suspension
279,original,0.8339442521794593,1.1027468762884594,0.30371551875848196,4,1111,0.6781950316839864,-0.3218049683160136,contact_apex_no_suspension
279,other,1.3609009606298774,0.8305433539662621,-0.21910796622245488,0,0000,1.913056060431756,0.9130560604317559,extended_suspension
280,original,0.8279987571769396,1.0999527144788002,0.3011751897082192,4,1111,0.6796494455650868,-0.3203505544349132,contact_apex_no_suspension
280,other,1.3421788501375487,0.834177731488479,-0.21779786508654211,0,0000,1.9129497593592186,0.9129497593592186,extended_suspension
281,original,0.8221085337544809,1.0972813220615432,0.29867595097710603,4,1111,0.681070894351365,-0.31892910564863497,contact_apex_no_suspension
281,other,1.3241247677943806,0.8376761455432814,-0.21650464296035649,0,0000,1.9126828032935976,0.9126828032935976,extended_suspension
282,original,0.8162692316465648,1.0947209236274966,0.29621471314311043,4,1111,0.6824614174806293,-0.3175385825193707,contact_apex_no_suspension
282,other,1.3066736771803038,0.8410505790540319,-0.21522739807205002,0,0000,1.9122699128499892,0.9122699128499892,extended_suspension
283,original,0.8104771071890786,1.092261589597889,0.29378882980102583,4,1111,0.683822859756914,-0.31617714024308596,contact_apex_no_suspension
283,other,1.2897706695824702,0.8443111774508361,-0.21396534272465137,0,0000,1.9117232317691395,0.9117232317691395,extended_suspension
284,original,0.804728901793882,1.0898948481634467,0.2913960124100975,4,1111,0.6851569002317324,-0.31484309976826763,contact_apex_no_suspension
284,other,1.2733688448831968,0.8474666291729954,-0.21271778516232195,0,0000,1.9110528938651048,0.9110528938651048,extended_suspension
285,original,0.7990217504697066,1.0876133968092727,0.289034265609349,4,1111,0.6864650758193681,-0.3135349241806319,contact_apex_no_suspension
285,other,1.2574277345385287,0.8505244494701495,-0.2114841150943979,0,0000,1.9102674400022492,0.9102674400022492,extended_suspension
286,original,0.7933531117439497,1.0854108837928396,0.2867018372213702,4,1111,0.6877488007613264,-0.3122511992386736,contact_apex_no_suspension
286,other,1.2419121057465803,0.8534911960721244,-0.21026379200958475,0,0000,1.9093741306970022,0.9093741306970022,extended_suspension
287,original,0.7877207131398729,1.0832817398398689,0.2843971790118622,4,1111,0.6890093827979793,-0.3109906172020207,contact_apex_no_suspension
287,other,1.2267910395371349,0.8563726358085996,-0.20905633564346207,0,0000,1.9083791844580875,0.9083791844580875,extended_suspension
288,original,0.7821225081650655,1.0812210465901124,0.282118915466885,4,1111,0.6902480367087674,-0.30975196329123256,contact_apex_no_suspension
288,other,1.212037209508811,0.8591738752349474,-0.20786131812647937,0,0000,1.9072879622510572,0.9072879622510572,extended_suspension
289,original,0.7765566419576585,1.0792244324022002,0.27986581864325505,4,1111,0.691465895732785,-0.30853410426721495,contact_apex_no_suspension
289,other,1.1976263100760085,0.8618994643912844,-0.20667835745759514,0,0000,1.9061051121923445,0.9061051121923445,extended_suspension
290,original,0.7710214235387608,1.0772879888414146,0.27763678768526057,4,1111,0.6926640212686879,-0.30733597873131213,contact_apex_no_suspension
290,other,1.1835365978396426,0.8645534801992033,-0.20550711203403876,0,0000,1.9048346844246586,0.9048346844246586,extended_suspension
291,original,0.7655153031735229,1.075408203021885,0.27543083197387525,4,1111,0.69384341116675,-0.30615658883325003,contact_apex_no_suspension
291,other,1.169748519744716,0.8671395942113226,-0.20434727603052585,0,0000,1.9034802233197963,0.9034802233197963,extended_suspension
292,original,0.7600368537292641,1.0735819022552202,0.2732470571366966,4,1111,0.695005006860718,-0.304994993139282,contact_apex_no_suspension
292,other,1.1562444086565062,0.8696611281865532,-0.20319857546748132,0,0000,1.9020448422215195,0.9020448422215195,extended_suspension
293,original,0.7545847551969453,1.0718062083619044,0.27108465333558823,4,1111,0.6961496995363642,-0.3038503004636358,contact_apex_no_suspension
293,other,1.1430082319140877,0.872121100084065,-0.20206076484291638,0,0000,1.9005312845865316,0.9005312845865316,extended_suspension
294,original,0.7491577817403025,1.0700784996491186,0.26894288538519034,4,1111,0.6972783354951162,-0.3027216645048838,contact_apex_no_suspension
294,other,1.1300253819472865,0.8745222624384722,-0.20093362422866143,0,0000,1.8989419744161125,0.8989419744161125,extended_suspension
295,original,0.7437547907845589,1.0683963790300637,0.2668210843568187,4,1111,0.6983917208404665,-0.3016082791595335,contact_apex_no_suspension
295,other,1.1172825006154543,0.8768671346182394,-0.19981695675204172,0,0000,1.8972790581739147,0.8972790581739147,extended_suspension
296,original,0.7383747137647025,1.0667576471067863,0.2647186403972567,4,1111,0.6994906255912355,-0.30050937440876446,contact_apex_no_suspension
296,other,1.104767330819339,0.8791580301300428,-0.1987105863994636,0,0000,1.895544439874112,0.8955444398741119,extended_suspension
297,original,0.7330165482353318,1.0651602792974997,0.2626349965490417,4,1111,0.7005757873068523,-0.2994242126931477,contact_apex_no_suspension
297,other,1.0924685903524147,0.881397079877894,-0.19761435609059,0,0000,1.893739810645949,0.8937398106459491,extended_suspension
298,original,0.7276793511056443,1.063602406284469,0.2605696434019887,4,1111,0.7016479142948502,-0.2983520857051498,contact_apex_no_suspension
298,other,1.0803758640235568,0.8835862520943659,-0.19652812598111924,0,0000,1.8918666737961463,0.8918666737961463,extended_suspension
299,original,0.7223622328112779,1.0620822972075994,0.25852211443949175,4,1111,0.7027076884586895,-0.2972923115413105,contact_apex_no_suspension
299,other,1.0684795108987872,0.8857273695145254,-0.1954517719599636,0,0000,1.8899263661759624,0.8899263661759624,extended_suspension
300,original,0.7170643522709814,1.0605983451431638,0.2564919819689035,4,1111,0.7037557678343798,-0.29624423216562024,contact_apex_no_suspension
300,other,1.056770584134483,0.8878221242506631,-0.19438518431230697,0,0000,1.8879200764946735,0.8879200764946735,extended_suspension
301,original,0.7117849125050709,1.059149054496154,0.25447885354587413,4,1111,0.7047927888564731,-0.2952072111435269,contact_apex_no_suspension
301,other,1.045240761362542,0.8898720907379309,-0.19332826652508509,0,0000,1.8858488610941353,0.8858488610941353,extended_suspension
302,original,0.7065231568152684,1.057733030004327,0.2524823688187057,4,1111,0.7058193683875147,-0.2941806316124853,contact_apex_no_suspension
302,other,1.0338822839687174,0.8918787370522577,-0.19228093421514553,0,0000,1.8837136576002282,0.8837136576002282,extended_suspension
303,original,0.7012783654433569,1.0563489671070743,0.25050219673164953,4,1111,0.7068361055398973,-0.2931638944601027,contact_apex_no_suspension
303,other,1.0226879039073553,0.8938434348473622,-0.19124311416359788,0,0000,1.881515296788953,0.881515296788953,extended_suspension
304,original,0.6960498526405339,1.0549956434757135,0.24853803303639535,4,1111,0.7078435833143533,-0.29215641668564674,contact_apex_no_suspension
304,other,1.011650836934194,0.8957674681145003,-0.19021474344248895,0,0000,1.8792545129438782,0.8792545129438782,extended_suspension
305,original,0.6908369640906302,1.0536719115371092,0.24658959806943218,4,1111,0.708842370076213,-0.291157629923787,contact_apex_no_suspension
305,other,1.0007647213321011,0.8976520409336911,-0.18919576862190227,0,0000,1.8769319529321264,0.8769319529321264,extended_suspension
306,original,0.6856390746402095,1.0523766918504927,0.2446566347598191,4,1111,0.7098330208869635,-0.29016697911303646,contact_apex_no_suspension
306,other,0.9900235813589101,0.8994982843570971,-0.18818614504756354,0,0000,1.874548184187417,0.874548184187417,extended_suspension
307,original,0.6804555862953674,1.0511089672202663,0.24273890683726485,4,1111,0.7108160787065573,-0.2891839212934427,contact_apex_no_suspension
307,other,0.9794217947715188,0.9013072625426146,-0.187185836180317,0,0000,1.8721037017564517,0.8721037017564517,extended_suspension
308,original,0.6752859264521529,1.0498677774462977,0.24083619721529184,4,1111,0.7117920754794411,-0.2882079245205589,contact_apex_no_suspension
308,other,0.9689540638841042,0.9030799782368616,-0.18619481299020774,0,0000,1.8695989345397601,0.8695989345397601,extended_suspension
309,original,0.6701295463319072,1.0486522146284218,0.2389483065278141,4,1111,0.7127615331156869,-0.2872384668843131,contact_apex_no_suspension
309,other,0.9586153897011226,0.9048173776917158,-0.18521305339879474,0,0000,1.8670342508366957,0.8670342508366957,extended_suspension
310,original,0.6649859195976394,1.0474614189545586,0.23707505180081048,4,1111,0.7137249643769262,-0.28627503562307377,contact_apex_no_suspension
310,other,0.9484010487363472,0.9065203550856883,-0.1842405417643323,0,0000,1.8644099632873565,0.8644099632873565,extended_suspension
311,original,0.659854541130711,1.0462945749122032,0.23521626524324302,4,1111,0.7146828736754726,-0.28531712632452744,contact_apex_no_suspension
311,other,0.9383065721855885,0.9081897565111576,-0.1832772684051308,0,0000,1.8617263332899894,0.8617263332899894,extended_suspension
312,original,0.6547349259500277,1.0451509078718526,0.2333717931436922,4,1111,0.7156357577940804,-0.2843642422059196,contact_apex_no_suspension
312,other,0.9283277271692644,0.909826383579649,-0.18232322915695678,0,0000,1.8589835749603325,0.8589835749603325,extended_suspension
313,original,0.6496266082590741,1.0440296809981209,0.23154149486111222,4,1111,0.7165841065323375,-0.2834158934676625,contact_apex_no_suspension
313,other,0.9184604998013007,0.9114309966899444,-0.18137842496108358,0,0000,1.8561818586903347,0.8561818586903347,extended_suspension
314,original,0.6445291406068715,1.042930192450389,0.22972524189938853,4,1111,0.717528403285505,-0.28247159671449495,contact_apex_no_suspension
314,other,0.9087010798730771,0.9130043179979621,-0.18044286147975183,0,0000,1.8533213143543863,0.8533213143543863,extended_suspension
315,original,0.6394420931532915,1.04185177284031,0.2279229170575482,4,1111,0.7184691255600602,-0.28153087443993985,contact_apex_no_suspension
315,other,0.8990458469735656,0.9145470341214542,-0.17951654873672734,0,0000,1.850402034206065,0.850402034206065,extended_suspension
316,original,0.6343650530236171,1.0407937829164797,0.22613441364612577,4,1111,0.7194067454310369,-0.2805932545689631,contact_apex_no_suspension
316,other,0.8894913578778899,0.9160597986102613,-0.17859950077963022,0,0000,1.8474240754983131,0.8474240754983131,extended_suspension
317,original,0.6292976237569468,1.039755611454115,0.224359634767754,4,1111,0.7203417299421915,-0.2796582700578085,contact_apex_no_suspension
317,other,0.8800343350917758,0.9175432342035764,-0.17769173536442212,0,0000,1.844387462865941,0.8443874628659409,extended_suspension
318,original,0.6242394248208197,1.0387366733237438,0.22259849264903786,4,1111,0.7212745414557442,-0.2787254585442558,contact_apex_no_suspension
318,other,0.8706716563937045,0.9189979349024991,-0.1767932736566175,0,0000,1.841292190485668,0.8412921904856681,extended_suspension
319,original,0.6191900912049669,1.037736407723916,0.22085090802554844,4,1111,0.7222056379505903,-0.27779436204940966,contact_apex_no_suspension
319,other,0.8614003453063963,0.9204244678715534,-0.17590413995116572,0,0000,1.8381382240483974,0.8381382240483974,extended_suspension
320,original,0.6141492730775899,1.0367542765589048,0.21911680957165913,4,1111,0.7231354732731495,-0.27686452672685047,contact_apex_no_suspension
320,other,0.8522175623846755,0.9218233751895684,-0.17502436140771935,0,0000,1.8349255025577325,0.8349255025577325,extended_suspension
321,original,0.6091166355030299,1.0357897629475032,0.21739613337279448,4,1111,0.7240644973420024,-0.2759355026579976,contact_apex_no_suspension
321,other,0.843120597246003,0.9231951754639014,-0.1741539678007652,0,0000,1.8316539399746636,0.8316539399746636,extended_suspension
322,original,0.6040918582153534,1.0348423698494373,0.21568882243609902,4,1111,0.7249931563075598,-0.2750068436924402,contact_apex_no_suspension
322,other,0.8341068612689877,0.9245403653217432,-0.17329299128339812,0,0000,1.8283234267232993,0.8283234267232993,extended_suspension
323,original,0.599074635445751,1.0339116187985307,0.21399482623748836,4,1111,0.7259218926681335,-0.27407810733186655,contact_apex_no_suspension
323,other,0.8251738809008755,0.9258594207897851,-0.17244146616417083,0,0000,1.8249338310719048,0.8249338310719048,extended_suspension
324,original,0.5940646757991099,1.0329970487318048,0.2123141003017642,4,1111,0.7268511453429709,-0.2731488546570291,contact_apex_no_suspension
324,other,0.8163192915141716,0.9271527985732911,-0.17159942869597503,0,0000,1.8214850004003065,0.8214850004003065,extended_suspension
325,original,0.5890617021783959,1.0320982149058067,0.21064660581416492,4,1111,0.7277813497027044,-0.27221865029729564,contact_apex_no_suspension
325,other,0.8075408317656251,0.9284209372434747,-0.17076691687655673,0,0000,1.8179767623647702,0.8179767623647702,extended_suspension
326,original,0.5840654517537397,1.031214687891894,0.2089923092611589,4,1111,0.728712937557589,-0.27128706244241096,contact_apex_no_suspension
326,other,0.7988363384118743,0.9296642583418095,-0.16994397026000094,0,0000,1.8144089259687186,0.8144089259687186,extended_suspension
327,original,0.5790756759751519,1.0303460526433577,0.20735118209912576,4,1111,0.7296463371033148,-0.27035366289668517,contact_apex_no_suspension
327,other,0.7902037415438865,0.9308831674084855,-0.16913062977883508,0,0000,1.8107812825476968,0.8107812825476968,extended_suspension
328,original,0.5740921406270613,1.0294919076278588,0.2057232004494221,4,1111,0.7305819728241312,-0.2694180271758688,contact_apex_no_suspension
328,other,0.7816410602045523,0.9320780549418632,-0.16832693757633982,0,0000,1.8070936066750574,0.8070936066750574,extended_suspension
329,original,0.5691146259238964,1.0286518640194096,0.20410834481881487,4,1111,0.7315202653526793,-0.26847973464732067,contact_apex_no_suspension
329,other,0.7731463983590149,0.9332492972947867,-0.16753293684884302,0,0000,1.803345656994493,0.803345656994493,extended_suspension
330,original,0.564142926645784,1.0278255449446818,0.20250659984427344,4,1111,0.7324616312856816,-0.26753836871431835,contact_apex_no_suspension
330,other,0.76471794118959,0.9343972575132745,-0.1667486716977243,0,0000,1.7995371769842652,0.7995371769842652,extended_suspension
331,original,0.5591768523142168,1.0270125847789533,0.20091795406146726,4,1111,0.733406482954337,-0.26659351704566303,contact_apex_no_suspension
331,other,0.7563539516910608,0.9355222861223689,-0.16597418699098115,0,0000,1.7956678956575896,0.7956678956575896,extended_suspension
332,original,0.5542162274076047,1.0262126284874977,0.19934239969638223,4,1111,0.7343552281479886,-0.2656447718520114,contact_apex_no_suspension
332,other,0.7480527675442721,0.9366247218636337,-0.16520952823432475,0,0000,1.7917375282026144,0.7917375282026144,extended_suspension
333,original,0.5492608916171163,1.0254253310086008,0.1977799324797178,4,1111,0.7353082697893548,-0.2646917302106452,contact_apex_no_suspension
333,other,0.739812798248728,0.9377048923882417,-0.16445474145167766,0,0000,1.7877457765650484,0.7877457765650484,extended_suspension
334,original,0.5443107001432923,1.0246503566747396,0.19623055148376778,4,1111,0.7362660055592711,-0.26373399444072887,contact_apex_no_suspension
334,other,0.7316325224965115,0.938763114909373,-0.16370987307510676,0,0000,1.7836923299755183,0.7836923299755183,extended_suspension
335,original,0.5393655240348689,1.0238873786688845,0.19469425898184775,4,1111,0.7372288274684975,-0.2627711725315025,contact_apex_no_suspension
335,other,0.7235104857729958,0.939799696817176,-0.16297496984429802,0,0000,1.7795768654236426,0.7795768654236426,extended_suspension
336,original,0.5344252505709629,1.0231360785130588,0.19317106033027642,4,1111,0.7381971213738668,-0.26180287862613316,contact_apex_no_suspension
336,other,0.7154452981703581,0.9408149362594083,-0.1622500787155647,0,0000,1.7753990480797595,0.7753990480797595,extended_suspension
337,original,0.529489783688408,1.0223961455866257,0.1916609638731391,4,1111,0.7391712664356023,-0.26082873356439773,contact_apex_no_suspension
337,other,0.7074356324022043,0.941809122690553,-0.161535246780585,0,0000,1.7711585316648046,0.7711585316648046,extended_suspension
338,original,0.5245590444571344,1.0216672766720831,0.19016398087041844,4,1111,0.7401516345120728,-0.2598483654879272,contact_apex_no_suspension
338,other,0.6994802220101342,0.9427825373919293,-0.16083052119511745,0,0000,1.7668549587688207,0.7668549587688207,extended_suspension
339,original,0.519632971605597,1.020949175526203,0.18868012544983553,4,1111,0.7411385894880103,-0.25886141051198974,contact_apex_no_suspension
339,other,0.6915778597523865,0.9437354539653378,-0.16013594911775844,0,0000,1.7624879611169857,0.7624879611169857,extended_suspension
340,original,0.5147115221001285,1.0202415524747233,0.18720941458329582,4,1111,0.7421324865314092,-0.2578675134685908,contact_apex_no_suspension
340,other,0.6837273961683781,0.9446681388023705,-0.15945157765913365,0,0000,1.7580571597824621,0.7580571597824621,extended_suspension
341,original,0.5097946717820627,1.0195441240289314,0.18575186808885874,4,1111,0.7431336712738927,-0.25686632872610726,contact_apex_no_suspension
341,other,0.675927738313333,0.9455808515315298,-0.1587774538418171,0,0000,1.7535621653444153,0.7535621653444153,extended_suspension
342,original,0.5048824160670489,1.0188566125226357,0.18430750865928727,4,1111,0.7441424789085737,-0.25585752109142634,contact_apex_no_suspension
342,other,0.6681778486583414,0.9464738454451623,-0.15811362457121303,0,0000,1.7490025779888076,0.7490025779888076,extended_suspension
343,original,0.49997477071185215,1.0181787457682212,0.18287636191852008,4,1111,0.7451592331987819,-0.25484076680121814,contact_apex_no_suspension
343,other,0.6604767441530484,0.9473473679081058,-0.15746013661794134,0,0000,1.7443779875491303,0.7443779875491303,extended_suspension
344,original,0.49507177265487523,1.0175102567306897,0.18145845650764694,4,1111,0.7461842453900536,-0.25381575460994643,contact_apex_no_suspension
344,other,0.6528234954494634,0.9482016607498511,-0.15681703661205787,0,0000,1.7396879734836286,0.7396879734836286,extended_suspension
345,original,0.49017348093736385,1.0168508832186869,0.18005382420218885,4,1111,0.7472178130169598,-0.2527821869830402,contact_apex_no_suspension
345,other,0.6452172262867054,0.9490369606419943,-0.15618437104960908,0,0000,1.7349321047848614,0.7349321047848614,extended_suspension
346,original,0.4852799777130713,1.0162003675916929,0.17866250006266088,4,1111,0.7482602185952383,-0.2517397814047617,contact_apex_no_suspension
346,other,0.6376571130374966,0.9498534994627693,-0.15556218631203406,0,0000,1.7301099398162894,0.7301099398162894,extended_suspension
347,original,0.48039136935587046,1.015558456482799,0.1772845226209393,4,1111,0.7493117281885247,-0.25068827181147535,contact_apex_no_suspension
347,other,0.6301423844198251,0.950651504650305,-0.1549505286990486,0,0000,1.725221026070552,0.725221026070552,extended_suspension
348,original,0.4755077876756299,1.0149249005365752,0.17591993410508358,4,1111,0.7503725898375628,-0.24962741016243717,contact_apex_no_suspension
348,other,0.6226723213777421,0.951431199546424,-0.15434944447553817,0,0000,1.7202648998425727,0.7202648998425727,extended_suspension
349,original,0.470629391254103,1.014299454161738,0.17456878070568693,4,1111,0.7514430318384197,-0.24855696816158035,contact_apex_no_suspension
349,other,0.6152462571373102,0.9521928037327212,-0.15375897993321633,0,0000,1.7152410858097882,0.7152410858097882,extended_suspension
350,original,0.4657563669146237,1.0136818752985797,0.17323111288738052,4,1111,0.7525232608543241,-0.24747673914567592,contact_apex_no_suspension
350,other,0.6078635774459193,0.9529365333607687,-0.1531791814677295,0,0000,1.7101490965111064,0.7101490965111064,extended_suspension
351,original,0.46088893134110126,1.0130719252013098,0.17190698574951138,4,1111,0.7536134598439117,-0.2463865401560883,contact_apex_no_suspension
351,other,0.6005237210050655,0.9536626014783637,-0.15261009567206302,0,0000,1.7049884317148605,0.7049884317148605,extended_suspension
352,original,0.45602733286376274,1.0124693682356507,0.17059645944058097,4,1111,0.7547137857864856,-0.24528621421351438,contact_apex_no_suspension
352,other,0.5932261801085954,0.9543712183538884,-0.15205176944701954,0,0000,1.6997585776647215,0.6997585776647215,extended_suspension
353,original,0.45117185343174054,1.011873971692396,0.1692995996316754,4,1111,0.755824367182373,-0.244175632817627,contact_apex_no_suspension
353,other,0.5859705015013195,0.9550625918009827,-0.1515042501297222,0,0000,1.6944590061913052,0.6944590061913052,extended_suspension
354,original,0.4463228107956172,1.0112855056179018,0.168016478054932,4,1111,0.756945301303555,-0.24305469869644503,contact_apex_no_suspension
354,other,0.5787562874759047,0.9557369275059362,-0.1509675856411227,0,0000,1.689089173676087,0.6890891736760869,extended_suspension
355,original,0.4414805609258686,1.0107037426628704,0.16674717311381293,4,1111,0.7580766511666963,-0.2419233488333037,contact_apex_no_suspension
355,other,0.57158319722869,0.9563944293604645,-0.1504418246535253,0,0000,1.6836485198522928,0.6836485198522928,extended_suspension
356,original,0.43664550069677033,1.0101284579511522,0.1654917705728985,4,1111,0.7592184421969976,-0.24078155780300237,contact_apex_no_suspension
356,other,0.5644509484984892,0.9570352998028746,-0.14992701677916337,0,0000,1.6781364664257685,0.6781364664257685,extended_suspension
357,original,0.4318180708701264,1.009559428970906,0.1642503643361828,4,1111,0.7603706585471139,-0.23962934145288606,contact_apex_no_suspension
357,other,0.5573593195174776,0.9576597401709253,-0.14942321278105156,0,0000,1.6725524154977218,0.6725524154977218,extended_suspension
358,original,0.4269987594172286,1.0089964354909386,0.16302305732387368,4,1111,0.7615332390307941,-0.23846676096920594,contact_apex_no_suspension
358,other,0.5503081513066251,0.9582679510702429,-0.1489304648071473,0,0000,1.666895747768553,0.6668957477685531,extended_suspension
359,original,0.4221881052233506,1.0084392595057967,0.1618099624592935,4,1111,0.7627060726256332,-0.23729392737436683,contact_apex_no_suspension
359,other,0.5432973503541059,0.9588601327626431,-0.14844882664906114,0,0000,1.6611658205006181,0.6611658205006181,extended_suspension
360,original,0.4173867022251685,1.0078876852140395,0.16061120377903793,4,1111,0.7638889934933133,-0.2361110065066867,contact_apex_no_suspension
360,other,0.536326891720708,0.9594364855794403,-0.1479783540264423,0,0000,1.655361965215473,0.655361965215473,extended_suspension
361,original,0.4125952040389949,1.0073414990351153,0.15942691768153766,4,1111,0.765081775458972,-0.23491822454102795,contact_apex_no_suspension
361,other,0.5293968226235108,0.9599972103655424,-0.14751910489816103,0,0000,1.6494834850997029,0.6494834850997029,extended_suspension
362,original,0.40781432914490157,1.0068004896714338,0.15825725433108448,4,1111,0.7662841258839941,-0.23371587411600592,contact_apex_no_suspension
362,other,0.522507266555428,0.9605425089612881,-0.1470711398012186,0,0000,1.6435296520903762,0.6435296520903762,extended_suspension
363,original,0.4030448667023219,1.0062644482237906,0.1571023792371503,4,1111,0.7674956788578702,-0.23250432114212982,contact_apex_no_suspension
363,other,0.515658428008714,0.9610725847299381,-0.14663452221827025,0,0000,1.6374997036110042,0.6374997036110042,extended_suspension
364,original,0.398287683081873,1.0057331683699453,0.1559624750313189,4,1111,0.7687159876256899,-0.23128401237431007,contact_apex_no_suspension
364,other,0.5088505978784561,0.9615876431403673,-0.146209318974242,0,0000,1.6313928389259509,0.6313928389259509,extended_suspension
365,original,0.3935437292107882,1.005206446618426,0.1548377434675409,4,1111,0.7699445161574602,-0.23005548384253982,contact_apex_no_suspension
365,other,0.5020841596344636,0.9620878924160622,-0.14579560066224162,0,0000,1.6252082150815537,0.6252082150815537,extended_suspension
366,original,0.3888140488415392,1.0046840826520793,0.15372840767477325,4,1111,0.771180629754487,-0.22881937024551302,contact_apex_no_suspension
366,other,0.4953595963608342,0.9625735442637292,-0.14539344209823785,0,0000,1.6189449424010722,0.6189449424010722,extended_suspension
367,original,0.384099787868286,1.0041658797791904,0.15263471469523776,4,1111,0.7724235845761694,-0.22757641542383056,contact_apex_no_suspension
367,other,0.48867749877711053,0.9630448146972014,-0.14500292280343566,0,0000,1.6126020795025915,0.6126020795025915,extended_suspension
368,original,0.37940220483095594,1.003651645513672,0.15155693834582504,4,1111,0.7736725159583294,-0.22632748404167058,contact_apex_no_suspension
368,other,0.4820385743686673,0.9635019249754025,-0.14462412751178572,0,0000,1.6061786278113583,0.6061786278113583,extended_suspension
369,original,0.37472268276322707,1.0031411923105438,0.15049538244501706,4,1111,0.7749264253820645,-0.22507357461793553,contact_apex_no_suspension
369,other,0.4754436577696608,0.9639451026767586,-0.1442571466990448,0,0000,1.599673525543144,0.599673525543144,extended_suspension
370,original,0.3700627425581301,1.0026343384885148,0.14945038445293937,4,1111,0.7761841659404933,-0.22381583405950667,contact_apex_no_suspension
370,other,0.4688937225581981,0.964374582936733,-0.1439020771274521,0,0000,1.5930856411443892,0.5930856411443892,extended_suspension
371,original,0.36542405804134803,1.0021309093782556,0.14842231957753693,4,1111,0.7774444261413755,-0.22255557385862446,contact_apex_no_suspension
371,other,0.46238989463874824,0.9647906098804686,-0.14355902239764076,0,0000,1.5864137661877873,0.5864137661877873,extended_suspension
372,original,0.3608084729571693,1.001630738743165,0.14741160540527729,4,1111,0.7787057118778684,-0.2212942881221316,contact_apex_no_suspension
372,other,0.4559334674008262,0.9651934382887555,-0.14322809349583565,0,0000,1.5796566077413634,0.5796566077413634,extended_suspension
373,original,0.35621802008334846,1.001133670529284,0.14641870711995172,4,1111,0.7799663264001613,-0.22003367359983872,contact_apex_no_suspension
373,other,0.4495259188538639,0.9655833355430151,-0.14290940931992058,0,0000,1.572812780257321,0.5728127802573211,extended_suspension
374,original,0.35165494269454733,1.0006395610128047,0.14544414337729303,4,1111,0.7812243481318228,-0.21877565186817716,contact_apex_no_suspension
374,other,0.4431689309415543,0.9659605839039328,-0.1426030971620155,0,0000,1.5658807970655237,0.5658807970655237,extended_suspension
375,original,0.3471217185859256,1.0001482814275822,0.14448849290558685,4,1111,0.7824776062012463,-0.2175223937987537,contact_apex_no_suspension
375,other,0.4368644112317174,0.9663254831888165,-0.1423092931175884,0,0000,1.558859061609975,0.5588590616099749,extended_suspension
376,original,0.34262108684027254,0.9996597211715049,0.14355240190189628,4,1111,0.7837236536092922,-0.2162763463907078,contact_apex_no_suspension
376,other,0.4306145171518247,0.9666783539250781,-0.14202814238152592,0,0000,1.5517458586383217,0.5517458586383217,extended_suspension
377,original,0.3381560774644306,0.9991737917095501,0.14263659228804984,4,1111,0.7849597380395292,-0.21504026196047077,contact_apex_no_suspension
377,other,0.4244216828866667,0.9670195410714023,-0.14175979937931474,0,0000,1.544539345649695,0.544539345649695,extended_suspension
378,original,0.33373004391778266,0.9986904313129319,0.14174187087771106,4,1111,0.7861827704535818,-0.21381722954641824,contact_apex_no_suspension
378,other,0.4182886489587546,0.9673494184142255,-0.14150442766632615,0,0000,1.5372375450303037,0.5372375450303037,extended_suspension
379,original,0.32934669838634034,0.9982096107974674,0.14086913948178229,4,1111,0.7873892918217777,-0.21261070817822225,contact_apex_no_suspension
379,other,0.4122184943535341,0.9676683937649878,-0.14126219950968594,0,0000,1.5298383374640325,0.5298383374640325,extended_suspension
380,original,0.3250101493915088,0.9977313404493225,0.1400194059394856,4,1111,0.7885754386475073,-0.21142456135249266,contact_apex_no_suspension
380,other,0.4062146708036043,0.9679769151026083,-0.1410332950450805,0,0000,1.522339457402984,0.522339457402984,extended_suspension
381,original,0.3207249409235853,0.9972556783509919,0.13919379600017606,4,1111,0.789736908390023,-0.21026309160997703,contact_apex_no_suspension
381,other,0.40028103847145685,0.9682754778247318,-0.1408179008755144,0,0000,1.514738491622249,0.514738491622249,extended_suspension
382,original,0.3164960917010752,0.9967827403413597,0.1383935658876018,4,1111,0.7908689265243489,-0.20913107347565107,contact_apex_no_suspension
382,other,0.3944219017149619,0.9685646332890623,-0.14061620795121893,0,0000,1.507032882156102,0.5070328821561021,extended_suspension
383,original,0.31232913263160106,0.996312711892592,0.13762011530334964,4,1111,0.7919662177751723,-0.2080337822248277,contact_apex_no_suspension
383,other,0.38864204326569035,0.9688449988179915,-0.14042840855619146,0,0000,1.499219935813945,0.4992199358139451,extended_suspension
384,original,0.3082301580395103,0.9958458589797602,0.13687499102027284,4,1111,0.7930229795452857,-0.20697702045471433,contact_apex_no_suspension
384,other,0.3829449106283738,0.9691172639066429,-0.14025284798955562,4,1111,1.49118675233786,0.4911867523378599,contact_apex_no_suspension
385,original,0.3042059124985061,0.9953821935735268,0.13615907730096985,4,1111,0.7940327400859464,-0.20596725991405362,contact_apex_no_suspension
385,other,0.37731170529374686,0.9693819212991376,-0.14006474190992146,4,1111,1.4829763343628373,0.48297633436283727,contact_apex_no_suspension
386,original,0.300264007157413,0.9949211577462459,0.135471945219581,4,1111,0.794987888421858,-0.20501211157814203,contact_apex_no_suspension
386,other,0.3717429434108594,0.96963901742801,-0.13985647209444027,4,1111,1.4749015656952347,0.4749015656952347,contact_apex_no_suspension
387,original,0.29641321675123133,0.9944620144230663,0.13481289189245296,4,1111,0.7958792718652354,-0.20412072813476456,contact_apex_no_suspension
387,other,0.36624806054477205,0.969888464099619,-0.1396282298847836,4,1111,1.4669657759459627,0.46696577594596267,contact_apex_no_suspension
388,original,0.2926638564997467,0.9940038510931456,0.13418101809010285,4,1111,0.7966957361000959,-0.20330426389990408,contact_apex_no_suspension
388,other,0.3608375185498855,0.9701300444859143,-0.1393800537774547,4,1111,1.459172505091497,0.459172505091497,contact_apex_no_suspension
389,original,0.2890283250025345,0.993545523248354,0.1335751837351318,4,1111,0.7974234756319525,-0.20257652436804752,contact_apex_no_suspension
389,other,0.3555232154707374,0.9703633710667,-0.1391117594051776,4,1111,1.451525711501033,0.45152571150103293,contact_apex_no_suspension
390,original,0.2855219035883802,0.9930855741295782,0.13299394257181835,4,1111,0.7980450995036754,-0.20195490049632459,contact_apex_no_suspension
390,other,0.3503191075079567,0.9705878235818519,-0.1388228425294466,4,1111,1.4440301024148807,0.4440301024148807,contact_apex_no_suspension
391,original,0.2821639620677831,0.9926221180045571,0.13243544374805594,4,1111,0.7985382522025875,-0.20146174779741255,contact_apex_no_suspension
391,other,0.3452421708111637,0.9708024549927876,-0.13851234050121305,4,1111,1.4366916660373283,0.43669166603732834,contact_apex_no_suspension
392,original,0.2789798314626723,0.9921526657257591,0.13189727955648342,4,1111,0.7988735168208605,-0.2011264831791395,contact_apex_no_suspension
392,other,0.3403139285127868,0.9710058445490722,-0.13817862768330658,4,1111,1.4295185502253882,0.4295185502253882,contact_apex_no_suspension
393,original,0.27600381545021097,0.9916738561653118,0.13137624296862022,4,1111,0.7990111174959935,-0.20098888250400648,contact_apex_no_suspension
393,other,0.3355629584673784,0.9711958600729679,-0.13781910229539335,4,1111,1.42252256584846,0.42252256584845993,contact_apex_no_suspension
394,original,0.2732844140104197,0.9911810646462272,0.13086796430540468,4,1111,0.7988955508196816,-0.20110444918031845,contact_apex_no_suspension
394,other,0.3310294945903094,0.9713692462539043,-0.13742971711770494,4,1111,1.4157223464629363,0.41572234646293627,contact_apex_no_suspension
395,original,0.2709419792487134,0.9906794181108003,0.13037738163604315,4,1111,0.7984609272371566,-0.20153907276284344,contact_apex_no_suspension
395,other,0.3268641291854441,0.9715178410016715,-0.13701409488257607,4,1111,1.4092918169151667,0.4092918169151667,contact_apex_no_suspension
396,original,0.2690764454972846,0.9901689846427014,0.12990252917194717,4,1111,0.7976358749317232,-0.20236412506827683,contact_apex_no_suspension
396,other,0.32318070596818926,0.9716343660631233,-0.13657226465455735,4,1111,1.4033440715738057,0.4033440715738057,contact_apex_no_suspension
397,original,0.26779514757311657,0.9896492342958088,0.1294394520958127,4,1111,0.7963428050119432,-0.2036571949880568,contact_apex_no_suspension
397,other,0.3201006862066026,0.971710584799426,-0.1361037955587737,4,1111,1.3979971147807007,0.39799711478070066,contact_apex_no_suspension
398,original,0.2672011316415837,0.9890962297513048,0.12896281095950368,4,1111,0.7944097246138968,-0.2055902753861032,contact_apex_no_suspension
398,other,0.3176668933920868,0.9717374829664767,-0.13558595643816856,4,1111,1.3931904175814247,0.3931904175814247,contact_apex_no_suspension
399,original,0.2674907892634747,0.9885253786517123,0.1284800374782778,4,1111,0.791769272895708,-0.20823072710429202,contact_apex_no_suspension
399,other,0.31615338358373707,0.9717000492032961,-0.135031764998611,4,1111,1.3892645179451169,0.38926451794511685,contact_apex_no_suspension
400,original,0.26842769563067925,0.9880617494982021,0.12808907891188445,4,1111,0.7891312753941109,-0.21086872460588912,contact_apex_no_suspension
400,other,0.31570603386649887,0.9716180165611474,-0.13456798369152867,4,1111,1.386880519747655,0.386880519747655,contact_apex_no_suspension
401,original,0.26968602173173695,0.9876762126622739,0.12776162352600873,4,1111,0.7866057889219602,-0.2133942110780398,contact_apex_no_suspension
401,other,0.3158707929004268,0.9715141711223388,-0.13417362645332287,4,1111,1.3854459852966485,0.38544598529664853,contact_apex_no_suspension
402,original,0.27795319163553595,0.9862405067064136,0.12649659426355644,4,1111,0.774788119747749,-0.22521188025225103,contact_apex_no_suspension
402,other,0.3205132281437449,0.9708626463211579,-0.13264457961218062,4,1111,1.3841414501857017,0.38414145018570167,contact_apex_no_suspension
403,original,0.2865771517035721,0.9852431439279696,0.1255625049421772,4,1111,0.7647041546587978,-0.23529584534120218,contact_apex_no_suspension
403,other,0.32697658466200946,0.9702071519811808,-0.13153666934101985,4,1111,1.3863641437075669,0.3863641437075669,contact_apex_no_suspension
404,original,0.29531766807944015,0.9844059917107165,0.12474385899614834,4,1111,0.7553009994156649,-0.24469900058433514,contact_apex_no_suspension
404,other,0.33407288408449687,0.969564250218647,-0.13058497627363175,4,1111,1.3897366154730255,0.3897366154730255,contact_apex_no_suspension
405,original,0.3041247593355586,0.9836596016060591,0.12399043696073109,4,1111,0.7462988601785995,-0.2537011398214005,contact_apex_no_suspension
405,other,0.34151183568940296,0.968938526716041,-0.12972351394340803,4,1111,1.3936720834422376,0.3936720834422376,contact_apex_no_suspension
406,original,0.31297899247540684,0.9829749444743657,0.12328218265654384,4,1111,0.7375758487576548,-0.2624241512423452,contact_apex_no_suspension
406,other,0.3491730767440534,0.9683317630933113,-0.12892500509499724,4,1111,1.397928764187477,0.3979287641874769,contact_apex_no_suspension
407,original,0.3218707902337969,0.982336828593105,0.12260880958289386,4,1111,0.7290659337854305,-0.2709340662145695,contact_apex_no_suspension
407,other,0.3569948640032376,0.9677444665970553,-0.12817537791889566,4,1111,1.4023845535666486,0.4023845535666486,contact_apex_no_suspension
408,original,0.3307948307162787,0.9817361213751756,0.12196408025587291,4,1111,0.7207282065638678,-0.2792717934361322,contact_apex_no_suspension
408,other,0.36494153219959624,0.9671764371983798,-0.12746628640537838,4,1111,1.406970667204972,0.406970667204972,contact_apex_no_suspension
409,original,0.33974796231236076,0.9811667662135435,0.12134370702735833,4,1111,0.7125347988314756,-0.28746520116852436,contact_apex_no_suspension
409,other,0.37299086062675674,0.9666270541452361,-0.1267922442234503,4,1111,1.411645766812844,0.4116457668128439,contact_apex_no_suspension
410,original,0.3487282663404898,0.9806244383807203,0.12074445006602418,4,1111,0.7044653088834061,-0.2955346911165939,contact_apex_no_suspension
410,other,0.38112826684173656,0.9660954441847054,-0.12614933872076925,4,1111,1.416384030524001,0.41638403052400097,contact_apex_no_suspension
411,original,0.35773457944182757,0.9801058693953394,0.12016368632679457,4,1111,0.696503935172553,-0.30349606482744695,contact_apex_no_suspension
411,other,0.3893438179407236,0.965580588151985,-0.1255345897927133,4,1111,1.4211689957231375,0.4211689957231375,contact_apex_no_suspension
412,original,0.36676622760399946,0.9796084786210592,0.11959918666428083,4,1111,0.6886378798117051,-0.3113621201882949,contact_apex_no_suspension
412,other,0.39763056128782837,0.9650813912053752,-0.12494560496534848,4,1111,1.4259901125657541,0.42599011256575414,contact_apex_no_suspension
413,original,0.3758228680534231,0.9791301589300534,0.11904899284545525,4,1111,0.6808564026687555,-0.31914359733124453,contact_apex_no_suspension
413,other,0.40598353331602915,0.9645967298376473,-0.12438038265239784,4,1111,1.4308406944146839,0.43084069441468387,contact_apex_no_suspension
414,original,0.3849043905237686,0.978669144958439,0.11851134557264906,4,1111,0.6731502320484486,-0.3268497679515514,contact_apex_no_suspension
414,other,0.4143991423675498,0.9641254833423056,-0.12383719445058035,4,1111,1.435716641099204,0.43571664109920394,contact_apex_no_suspension
415,original,0.3940108532339599,0.9782239280931065,0.11798463985725184,4,1111,0.6655111816583255,-0.33448881834167454,contact_apex_no_suspension
415,other,0.4228747697533143,0.9636665545748718,-0.12331451177228742,4,1111,1.440615614375521,0.4406156143755211,contact_apex_no_suspension
416,original,0.4031424401470499,0.9777931991355322,0.11746739567742433,4,1111,0.6579318923353954,-0.3420681076646046,contact_apex_no_suspension
416,other,0.4314085040092356,0.9632188832286152,-0.12281095838767438,4,1111,1.4455364901618348,0.44553649016183483,contact_apex_no_suspension
417,original,0.4122994317857452,0.97737580803458,0.11695823750867353,4,1111,0.650405652127424,-0.34959434787257604,contact_apex_no_suspension
417,other,0.4399989595245282,0.9627814538428754,-0.12232527863833992,4,1111,1.450478986493831,0.450478986493831,contact_apex_no_suspension
418,original,0.42148218495578366,0.9769707345456301,0.11645587920714522,4,1111,0.6429262672227691,-0.35707373277723087,contact_apex_no_suspension
418,other,0.4486451502867462,0.9623533001070785,-0.121856315420506,4,1111,1.4554434064467512,0.4554434064467512,contact_apex_no_suspension
419,original,0.430691118472146,0.9765770661345111,0.11595911225866981,4,1111,0.6354879668507136,-0.3645120331492864,contact_apex_no_suspension
419,other,0.4573464005749965,0.9619335065772314,-0.1214029944276874,4,1111,1.4604304581651917,0.4604304581651917,contact_apex_no_suspension
420,original,0.439926703014948,0.9761939808495078,0.11546679624344769,4,1111,0.628085331476913,-0.37191466852308697,contact_apex_no_suspension
420,other,0.46610228096896916,0.9615212086086498,-0.12096431250856113,4,1111,1.465441127682356,0.465441127682356,contact_apex_no_suspension
421,original,0.4491894538750823,0.9758207337112271,0.1149778508339234,4,1111,0.6207132373567175,-0.37928676264328254,contact_apex_no_suspension
421,other,0.47491256202898124,0.9611155910852055,-0.12053932879824496,4,1111,1.4704765885009377,0.47047658850093765,contact_apex_no_suspension
422,original,0.4584799257507031,0.9754566456697923,0.11449124890952946,4,1111,0.6133668128266068,-0.38663318717339323,contact_apex_no_suspension
422,other,0.4837771805087173,0.9607158863635792,-0.12012715776475454,4,1111,1.4755381371373573,0.47553813713735726,contact_apex_no_suspension
423,original,0.4677987090162916,0.9751010944883928,0.11400601052613875,4,1111,0.6060414031868888,-0.3939585968131112,contact_apex_no_suspension
423,other,0.49269621457863705,0.9603213717333664,-0.1197269636099877,4,1111,1.4806271472163022,0.4806271472163022,contact_apex_no_suspension
424,original,0.4771464270596068,0.9747535071087365,0.11352119756853396,4,1111,0.5987325419872744,-0.40126745801272556,contact_apex_no_suspension
424,other,0.5016698656051198,0.9599313666076617,-0.11933795565151005,4,1111,1.485745036944579,0.48574503694457905,contact_apex_no_suspension
425,original,0.4865237343995547,0.9744133531815634,0.11303590896827503,4,1111,0.5914359271635459,-0.40856407283645413,contact_apex_no_suspension
425,other,0.5106984447486899,0.9595452295957142,-0.1189593844308818,4,1111,1.4908932463071904,0.49089324630719045,contact_apex_no_suspension
426,original,0.49593131537920154,0.9740801395302033,0.11254927640228568,4,1111,0.5841474009047403,-0.41585259909525973,contact_apex_no_suspension
426,other,0.5197823631368543,0.959162355563189,-0.11859053837194827,4,1111,1.4960732213687633,0.4960732213687633,contact_apex_no_suspension
427,original,0.505369883285077,0.973753405372942,0.11206046040796372,4,1111,0.5768629324283854,-0.4231370675716146,contact_apex_no_suspension
427,other,0.528922124710162,0.9587821727517718,-0.11823074086390736,4,1111,1.5012864037894849,0.5012864037894849,contact_apex_no_suspension
428,original,0.5148401797840593,0.9734327181701696,0.11156864686390437,4,1111,0.5695786030502171,-0.4304213969497829,contact_apex_no_suspension
428,other,0.5381183210817334,0.9584041400054948,-0.11787934767842152,4,1111,1.506534224177349,0.506534224177349,contact_apex_no_suspension
429,original,0.5202187154997129,0.9732536012550556,0.1112884424620132,4,1111,0.5654512186806286,-0.43454878131937136,contact_apex_no_suspension
429,other,0.5433525232917451,0.9581907725344199,-0.11768380553369348,4,1111,1.5095226009611251,0.5095226009611251,contact_apex_no_suspension
430,original,0.5297402700848313,0.9729415744111765,0.11079034899944681,4,1111,0.5581594630440541,-0.44184053695594594,contact_apex_no_suspension
430,other,0.5526385094613369,0.9578150859237072,-0.11734435325118395,4,1111,1.5148275183764985,0.5148275183764985,contact_apex_no_suspension
431,original,0.5392955847814864,0.9726345895485226,0.11028726309767932,4,1111,0.5508582152156525,-0.4491417847843475,contact_apex_no_suspension
431,other,0.5619828279112697,0.9574402826435965,-0.11701178457210128,4,1111,1.5201706735950473,0.5201706735950473,contact_apex_no_suspension
432,original,0.5488855009511928,0.9723322881137509,0.10977843691405631,4,1111,0.5435438591785942,-0.45645614082140584,contact_apex_no_suspension
432,other,0.5713863609083366,0.9570659102908251,-0.11668555330033398,4,1111,1.5255534397073587,0.5255534397073587,contact_apex_no_suspension
433,original,0.5585108880255754,0.9720343263027775,0.10926313549459961,4,1111,0.5362128414517345,-0.46378715854826547,contact_apex_no_suspension
433,other,0.580850069670268,0.9566915363090249,-0.1163651365551997,4,1111,1.5309771747553318,0.5309771747553318,contact_apex_no_suspension
434,original,0.5681726437045328,0.9717403729330952,0.10874063466680349,4,1111,0.5288616628650048,-0.4711383371349952,contact_apex_no_suspension
434,other,0.5903749942872576,0.9563167460786696,-0.1160500331746854,4,1111,1.5364432237945043,0.5364432237945043,contact_apex_no_suspension
435,original,0.5807055456176862,0.9713664419427325,0.10806546528441872,0,0000,0.5197096880653455,-0.48029031193465455,gathered_suspension
435,other,0.6027574934292185,0.9558319274799068,-0.1156504513559016,4,1111,1.5435605338934368,0.5435605338934368,contact_apex_no_suspension
436,original,0.589734828974647,0.9711020208378194,0.10759171956093229,0,0000,0.5132759527427125,-0.48672404725728746,gathered_suspension
436,other,0.6116854924621812,0.9554838109731938,-0.11536852754807783,4,1111,1.5486994917812722,0.5486994917812722,contact_apex_no_suspension
437,original,0.6163618160402821,0.9703429752024242,0.10625484780986524,0,0000,0.4948473522709008,-0.5051526477290992,gathered_suspension
437,other,0.6380337141781164,0.9544622679327207,-0.11456041790798543,4,1111,1.563893842319199,0.563893842319199,contact_apex_no_suspension
438,original,0.6434974654685103,0.9695952205804734,0.10497933005865556,0,0000,0.4768124620168628,-0.5231875379831372,gathered_suspension
438,other,0.6648932983525037,0.9534278437321606,-0.11376275108184712,4,1111,1.5794156755808784,0.5794156755808784,contact_apex_no_suspension
439,original,0.6710967444287724,0.9688547093888878,0.10376489837409093,0,0000,0.4591410805931163,-0.5408589194068837,gathered_suspension
439,other,0.6921953710636389,0.952381500321556,-0.11296727650038953,4,1111,1.595216418760485,0.5952164187604849,contact_apex_no_suspension
440,original,0.6991209562192998,0.9681178492184449,0.10261041373436358,0,0000,0.4418058558619057,-0.5581941441380943,gathered_suspension
440,other,0.7198803915456253,0.9513241544249298,-0.11216666778709443,4,1111,1.6112556147631083,0.6112556147631083,contact_apex_no_suspension
441,original,0.7275373218167093,0.9673814713211917,0.10151410015060348,0,0000,0.4247820991761523,-0.5752179008238477,gathered_suspension
441,other,0.7479084816057966,0.9502566294783561,-0.11136284506671466,0,0000,1.6270164264863654,0.6270164264863654,extended_suspension
442,original,0.7563186680493644,0.9666432427899497,0.10047297376766515,0,0000,0.4080502082494112,-0.5919497917505888,gathered_suspension
442,other,0.77631645062679,0.9491793683312018,-0.1106075991038429,0,0000,1.6421015737881632,0.6421015737881632,extended_suspension
443,original,0.7854410040635365,0.9659017279642588,0.09948320765373567,0,0000,0.3915957567325066,-0.6084042432674934,gathered_suspension
443,other,0.8050903918198493,0.9480926127555259,-0.10990695949580642,0,0000,1.6569545027837322,0.6569545027837322,extended_suspension
444,original,0.8148820844479383,0.9651558566509523,0.0985412066369997,0,0000,0.3754061393690069,-0.6245938606309931,gathered_suspension
444,other,0.8342048623671169,0.9469967719913869,-0.10925650389625054,0,0000,1.6715856255696733,0.6715856255696733,extended_suspension
445,original,0.8446216296696811,0.9644048130044663,0.09764365052673263,0,0000,0.35946990774608995,-0.6405300922539101,gathered_suspension
445,other,0.8636368300401859,0.9458923677256627,-0.10865214824817927,0,0000,1.6860050101085946,0.6860050101085946,extended_suspension
446,original,0.8746414235921751,0.9636479706092594,0.09678748232924382,0,0000,0.34377644069769103,-0.6562235593023089,gathered_suspension
446,other,0.893365703061159,0.9447799809554546,-0.10809013191813835,0,0000,1.7002224291731407,0.7002224291731407,extended_suspension
447,original,0.904925291187759,0.962884844206327,0.09596989407704981,0,0000,0.32831573795543156,-0.6716842620445684,gathered_suspension
447,other,0.9233732520251033,0.9436602153464118,-0.10756699989745776,0,0000,1.714247374714459,0.7142473747144591,extended_suspension
448,original,0.9354590043961382,0.9621150537782901,0.09518831108906099,0,0000,0.31307829269864956,-0.6869217073013505,gathered_suspension
448,other,0.9536434692668453,0.9425336724190158,-0.10707958321949564,0,0000,1.728089053973291,0.7280890539732909,extended_suspension
449,original,0.9662301483453141,0.9613382978358886,0.09444037542803792,0,0000,0.29805501389088196,-0.701944986109118,gathered_suspension
449,other,0.9841623960608362,0.9414009351653445,-0.10662497857948157,0,0000,1.741756377518942,0.741756377518942,extended_suspension
450,original,0.9972279689770621,0.9605543335593892,0.09372392918799152,0,0000,0.2832371795098587,-0.7167628204901413,gathered_suspension
450,other,1.0149179373132013,0.9402625576450446,-0.10620052792588407,0,0000,1.755257945202477,0.755257945202477,extended_suspension
451,original,1.0284432154630312,0.9597629620521344,0.09303699809128718,0,0000,0.2686164085346239,-0.7313835914653761,gathered_suspension
451,other,1.0458996760628576,0.9391190587946813,-0.1058037985754925,0,0000,1.7686020333196368,0.7686020333196368,extended_suspension
452,original,1.0598679855886086,0.9589640174145823,0.09237777573343361,0,0000,0.25418464399374463,-0.7458153560062554,gathered_suspension
452,other,1.0770986951278676,0.9379709191793673,-0.10543256422640113,0,0000,1.7817965845784252,0.7817965845784252,extended_suspension
453,original,1.0914955788308793,0.9581573586716314,0.09174460869459265,0,0000,0.23993414226359283,-0.7600658577364072,gathered_suspension
453,other,1.108507409933134,0.9368185797819368,-0.10508478709830771,0,0000,1.794849201448601,0.794849201448601,extended_suspension
454,original,1.1233203596085761,0.9573428638323297,0.09113598264266612,0,0000,0.225857465679873,-0.774142534320127,gathered_suspension
454,other,1.1401194144414233,0.9356624421772161,-0.10475860131621227,0,0000,1.8077671428907365,0.8077671428907365,extended_suspension
455,original,1.155337631769698,0.95652042554557,0.09055050948492638,0,0000,0.21194747669003053,-0.7880525233099694,gathered_suspension
455,other,1.171929340790637,0.934502869631856,-0.10445229758237866,0,0000,1.8205573241730244,0.8205573241730244,extended_suspension
456,original,1.1875435244579415,0.9556899479459049,0.08998691557403231,0,0000,0.19819733255991231,-0.8018026674400877,gathered_suspension
456,other,1.2039327323966778,0.9333401887983458,-0.10416430912236219,0,0000,1.8332263193251455,0.8332263193251455,extended_suspension
457,original,1.2199348887676411,0.9548513443683481,0.08944403102739919,0,0000,0.1846004802539678,-0.8153995197460322,gathered_suspension
457,other,1.2361259296016962,0.9321746917860287,-0.10389319885391093,0,0000,1.845780365597713,0.845780365597713,extended_suspension
458,original,1.2525092060924479,0.9540045358255792,0.08892077959558199,0,0000,0.17115065014863237,-0.8288493498513676,gathered_suspension
458,other,1.268505968572475,0.931006638360875,-0.10363764774288187,0,0000,1.8582253705273053,0.8582253705273053,extended_suspension
459,original,1.2852645035887094,0.9531494497877075,0.08841617022990204,0,0000,0.15784185112664875,-0.8421581488733513,gathered_suspension
459,other,1.3010704884922404,0.9298362583538243,-0.10339644419304932,0,0000,1.870566918618003,0.870566918618003,extended_suspension
460,original,1.3181992800555489,0.9522860194473808,0.0879292890439028,0,0000,0.1446683641305048,-0.8553316358694952,gathered_suspension
460,other,1.3338176503279437,0.9286637540040461,-0.10316847445471536,0,0000,1.8828102801524853,0.8828102801524853,extended_suspension
461,original,1.3513124405007366,0.9514141833190399,0.08745929166477061,0,0000,0.1316247349271003,-0.8683752650728997,gathered_suspension
461,other,1.3667460652514107,0.9274893021878338,-0.10295271397848461,0,0000,1.8949604211241382,0.8949604211241382,extended_suspension
462,original,1.3846032358980258,0.9505338848760507,0.0870053970373056,0,0000,0.11870576794705831,-0.8812942320529417,gathered_suspension
462,other,1.3998547289736278,0.9263130566843951,-0.1027482195461348,0,0000,1.9070220123195256,0.9070220123195256,extended_suspension
463,original,1.4180712104414996,0.9496450724170828,0.08656688145693603,0,0000,0.10590651920446881,-0.8940934807955312,gathered_suspension
463,other,1.433142964312059,0.9251351502685404,-0.10255412218214825,0,0000,1.9189994393677479,0.9189994393677479,extended_suspension
464,original,1.4517161542501995,0.9487476990130916,0.08614307326901964,0,0000,0.09322228929818077,-0.9067777107018192,gathered_suspension
464,other,1.4666103697921926,0.9239556966990159,-0.10236962074121962,0,0000,1.930896812694229,0.930896812694229,extended_suspension
465,original,1.4855380611651503,0.94784172252232,0.0857333480935033,0,0000,0.08064861639417298,-0.919351383605827,gathered_suspension
465,other,1.5002567738556125,0.922774792580239,-0.10219397610733459,0,0000,1.9427179774254206,0.9427179774254206,extended_suspension
466,original,1.5195370910503625,0.9469271056504311,0.08533712452161504,0,0000,0.0681812692538376,-0.9318187307461624,gathered_suspension
466,other,1.5340821940139908,0.921592519099526,-0.10202650594781737,0,0000,1.954466523142521,0.9544665231425209,extended_suspension
467,original,1.5537135361335719,0.9460038160404008,0.08495386023660202,0,0000,0.05581624034322083,-0.9441837596567791,gathered_suspension
467,other,1.5680868004299104,0.9204089436370656,-0.10186657996323192,0,0000,1.9661457934284379,0.9661457934284379,extended_suspension
468,original,1.5880677909383962,0.945071826377848,0.08458304851492374,0,0000,0.04354973905882564,-0.9564502609411744,gathered_suspension
468,other,1.602270883421491,0.9192241212561149,-0.10171361558574883,0,0000,1.97775889516082,0.97775889516082,extended_suspension
469,original,1.6226003254105197,0.9441311145051012,0.08422421506828538,0,0000,0.03137818509936588,-0.9686218149006341,gathered_suspension
469,other,1.6366348244535511,0.9180380960757931,-0.10156707407992809,0,0000,1.989308707516003,0.989308707516003,extended_suspension
470,original,1.6573116609054306,0.9431816635348795,0.08387691519137752,0,0000,0.01929820199734003,-0.98070179800266,gathered_suspension
470,other,1.6711790702427585,0.9168509025339372,-0.10142645700540572,0,0000,2.000797890671743,1.000797890671743,extended_suspension
471,original,1.6922023487314504,0.942223461961237,0.08354073118365286,0,0000,0.007306610819934306,-0.9926933891800657,gathered_suspension
471,other,1.7059041096403782,0.9156625665453725,-0.10129130300565792,0,0000,2.0122288942007174,1.0122288942007174,extended_suspension
472,original,1.7272729509742695,0.9412565037628912,0.08321527001687264,0,0000,-0.004599575951569124,-1.0045995759515691,gathered_suspension
472,other,1.740810452989905,0.9144731065626687,-0.10116118488969245,0,0000,2.023603965151405,1.023603965151405,extended_suspension
473,original,1.7625240233817103,0.9402807884971547,0.08290016122316719,0,0000,-0.01642316036929098,-1.016423160369291,gathered_suspension
473,other,1.7758986137143922,0.9132825345458749,-0.10103570697750423,0,0000,2.0349251558292996,1.0349251558292996,extended_suspension
474,original,1.7979561000821216,0.9392963213827585,0.08259505498109125,0,0000,-0.02816676478948521,-1.0281667647894852,gathered_suspension
474,other,1.8111690918860075,0.9120908568476611,-0.1009145026839504,0,0000,2.0461943312796804,1.0461943312796804,extended_suspension
475,original,1.8335696799783583,0.9383031133699696,0.08229962037959652,0,0000,-0.0398328374785516,-1.0398328374785515,gathered_suspension
475,other,1.8466223596020241,0.910898075018881,-0.10079723231551098,0,0000,2.057413176495257,1.057413176495257,extended_suspension
476,original,1.869365214641637,0.9373011811980958,0.08201354384229467,0,0000,-0.051423658061886146,-1.051423658061886,gathered_suspension
476,other,1.8822588479746007,0.9097041865428411,-0.1006835810618405,0,0000,2.0685832033601077,1.0685832033601077,extended_suspension
477,original,1.9053430975804129,0.936290547438746,0.08173652769585431,0,0000,-0.06294134282382441,-1.0629413428238244,gathered_suspension
477,other,1.9180789355972532,0.9085091855004089,-0.1005732571595588,0,0000,2.0797057573501325,1.0797057573501325,extended_suspension
478,original,1.941503654746169,0.9352712405255446,0.08146828886832133,0,0000,-0.07438784987059716,-1.0743878498705972,gathered_suspension
478,other,1.9540829383363345,0.9073130631743965,-0.10046599021523105,0,0000,2.090782024004146,1.0907820240041461,extended_suspension
479,original,1.9778471361953327,0.934243294768867,0.0812085577052834,0,0000,-0.08576498417209205,-1.085764984172092,gathered_suspension
479,other,1.9902711003571691,0.9061158085954142,-0.10036152966878116,0,0000,2.1018130351940387,1.1018130351940387,extended_suspension
480,original,2.0143737087954934,0.9332067503558847,0.08095707689193855,0,0000,-0.09707440249111998,-1.09707440249112,gathered_suspension
480,other,2.026643586263242,0.9049174090351134,-0.10025964338562465,0,0000,2.112799675204823,1.112799675204823,extended_suspension
481,original,2.051083449900466,0.9321616533366966,0.08071360047155966,0,0000,-0.10831761821316,-1.10831761821316,gathered_suspension
481,other,2.0632004742656584,0.9037178504501923,-0.1001601163648805,0,0000,2.1237426866459295,1.1237426866459295,extended_suspension
482,original,2.087976341941958,0.9311080555944579,0.080477892951336,0,0000,-0.11949600609650124,-1.1194960060965014,gathered_suspension
482,other,2.099941750322465,0.9025171178812711,-0.10006274955203749,0,0000,2.1346426762185846,1.1346426762185846,extended_suspension
483,original,2.125052267848097,0.9300460148007466,0.08024972848745224,0,0000,-0.13061080694291077,-1.1306108069429108,gathered_suspension
483,other,2.1368673031527603,0.901315195809662,-0.09996735874655006,0,0000,2.145500120344612,1.1455001203446118,extended_suspension
484,original,2.1623110072609797,0.928975594356148,0.08002889014240008,0,0000,-0.14166313221114518,-1.1416631322111452,gathered_suspension
484,other,2.1739769200920893,0.9001120684757733,-0.0998737735950852,0,0000,2.156315370683381,1.156315370683381,extended_suspension
485,original,2.1997522334975033,0.9278968633150231,0.07981516920818708,0,0000,-0.15265396858009678,-1.1526539685800967,gathered_suspension
485,other,2.2112702837284526,0.8989077201612861,-0.09978183666235843,0,0000,2.1670886595484564,1.1670886595484564,extended_suspension
486,original,2.237375511201531,0.9268098962949683,0.07960836458943839,0,0000,-0.16358418246823303,-1.1635841824682331,gathered_suspension
486,other,2.2487469692626068,0.8977021354387921,-0.09969140257280097,0,0000,2.177820105232314,1.177820105232314,extended_suspension
487,original,2.27518029468289,0.9257147733719239,0.07940828224206443,0,0000,-0.17445452452967009,-1.17445452452967,gathered_suspension
487,other,2.286406442585532,0.8964952993901167,-0.09960233721492077,0,0000,2.188509717266332,1.188509717266332,extended_suspension
488,original,2.3131659268576854,0.9246115799590756,0.07921473466138046,0,0000,-0.1852656341159432,-1.185265634115943,gathered_suspension
488,other,2.3242480589828447,0.895287197796629,-0.0995145170049229,0,0000,2.1991574016028927,1.1991574016028927,extended_suspension
489,original,2.3513316388109344,0.9235004066714227,0.07902754041702804,0,0000,-0.19601804372903914,-1.196018043729039,gathered_suspension
489,other,2.36227106248562,0.8940778173030546,-0.09942782820119228,0,0000,2.2097629657514206,1.2097629657514206,extended_suspension
490,original,2.3896765499263233,0.92238134917518,0.07884652373035338,0,0000,-0.20671218346100118,-1.206712183461001,gathered_suspension
490,other,2.400474585809098,0.892867145556898,-0.09934216626758773,0,0000,2.220326123864535,1.220326123864535,extended_suspension
491,original,2.428199668549706,0.9212545080224532,0.07867151409020488,0,0000,-0.2173483854222923,-1.2173483854222922,gathered_suspension
491,other,2.438857650844131,0.8916551713253248,-0.09925743527937017,0,0000,2.2308465017766697,1.2308465017766697,extended_suspension
492,original,2.466899893168303,0.920119988473295,0.07850234590489603,0,0000,-0.22792688816543805,-1.2279268881654382,gathered_suspension
492,other,2.4774191696819905,0.8904418845909112,-0.0991735473694483,0,0000,2.2413236420042595,1.2413236420042595,extended_suspension
493,original,2.50577601408801,0.9189779003026064,0.078338858187239,0,0000,-0.23844784110673728,-1.2384478411067372,gathered_suspension
493,other,2.516157946152051,0.8892272766283645,-0.09909042220901329,0,0000,2.2517570087114835,1.2517570087114835,extended_suspension
494,original,2.5448267155705557,0.9178283575937681,0.0781808942697527,0,0000,-0.24891130894272956,-1.2489113089427295,gathered_suspension
494,other,2.5550726778333206,0.8880113400629963,-0.09900798652194377,0,0000,2.2621459926381924,1.2621459926381924,extended_suspension
495,original,2.5840505783924974,0.9166714785229544,0.07802830154792968,0,0000,-0.2593172760569053,-1.2593172760569054,gathered_suspension
495,other,2.5941619585017874,0.8867940689127598,-0.09892617362933401,0,0000,2.2724899159859504,1.2724899159859504,extended_suspension
496,original,2.62344608281305,0.9155073851283156,0.07788093124878666,0,0000,-0.269665650917323,-1.269665650917323,gathered_suspension
496,other,2.6334242809966812,0.8855754586155441,-0.09884492302075383,0,0000,2.2827880372628697,1.2827880372628697,extended_suspension
497,original,2.663011611935821,0.9143362030713457,0.07773863822400265,0,0000,-0.2799562704685365,-1.2799562704685365,gathered_suspension
497,other,2.672858040492654,0.8843555060421555,-0.09876417995110984,0,0000,2.293039556092745,1.293039556092745,extended_suspension
498,original,2.702745455391705,0.9131580613867398,0.07760128076388322,0,0000,-0.29018890449396273,-1.2901889044939627,gathered_suspension
498,other,2.712461538102298,0.8831342094966751,-0.09868389506035119,0,0000,2.303243617962028,1.303243617962028,extended_suspension
499,original,2.7426458133757943,0.9119730922432522,0.07746872048887497,0,0000,-0.3003632600089303,-1.3003632600089303,gathered_suspension
499,other,2.752232984849865,0.881911568712619,-0.09860402400925046,0,0000,2.3133993189652324,1.3133993189652324,extended_suspension
500,original,2.7827108026842065,0.910781430531852,0.07734082203230595,0,0000,-0.3104789859294514,-1.3104789859294514,gathered_suspension
500,other,2.7921705075848937,0.8806875848077285,-0.09852452715400686,0,0000,2.3235057108852892,1.3235057108852892,extended_suspension
501,original,2.823872943787207,0.9095553597519208,0.07721464568263588,0,0000,-0.32076811073002426,-1.3207681107300242,gathered_suspension
501,other,2.8332037322030357,0.8794338383446318,-0.09844353791493364,0,0000,2.3337943239963517,1.3337943239963517,extended_suspension
502,original,2.864264914868571,0.9083505812143874,0.07709577704439814,0,0000,-0.33076392312781533,-1.3307639231278152,gathered_suspension
502,other,2.873471187303562,0.8782071460699163,-0.0983646945002449,0,0000,2.343797890370153,1.343797890370153,extended_suspension
503,original,2.904815348227856,0.907139532884059,0.07698117913826386,0,0000,-0.34069973087554994,-1.34069973087555,gathered_suspension
503,other,2.913898575003387,0.8769791222776565,-0.09828613073323357,0,0000,2.353749053184236,1.3537490531842362,extended_suspension
504,original,2.94552206256867,0.9059223584445463,0.0768707277525496,0,0000,-0.35057498905341494,-1.3505749890534149,gathered_suspension
504,other,2.9544837207220986,0.8757497733078097,-0.0982078227805834,0,0000,2.3636467279537343,1.3636467279537343,extended_suspension
505,original,2.9863828180224967,0.9046992030647625,0.0767643016442961,0,0000,-0.3603891159218609,-1.3603891159218608,gathered_suspension
505,other,2.995224390394773,0.874519106715338,-0.09812975001704548,0,0000,2.3734898082707985,1.3734898082707985,extended_suspension
506,original,3.0273953196466388,0.9034702130660132,0.07666178204910838,0,0000,-0.3701414960643614,-1.3701414960643614,gathered_suspension
506,other,3.0361182939294227,0.8732871311585015,-0.09805189481650596,0,0000,2.383277169016632,1.383277169016632,extended_suspension
507,original,3.068557222834052,0.9022355356622694,0.0765630526823625,0,0000,-0.37983148430264585,-1.3798314843026458,gathered_suspension
507,other,3.0771630906096354,0.8720538563394008,-0.09797424231516605,0,0000,2.3930076703727794,1.3930076703727794,extended_suspension
508,original,3.109866138718644,0.9009953186850351,0.0764679996892069,0,0000,-0.38945840946169125,-1.3894584094616913,gathered_suspension
508,other,3.118356394489955,0.8708192929357056,-0.09789678019182259,0,0000,2.4026801616505447,1.4026801616505447,extended_suspension
509,original,3.151319639591434,0.8997497103101363,0.07637651159995071,0,0000,-0.39902157803077576,-1.3990215780307758,gathered_suspension
509,other,3.15969577980669,0.8695834525287147,-0.09781949845894561,0,0000,2.412293484988983,1.4122934849889832,extended_suspension
510,original,3.1929152642690246,0.8984988587918848,0.07628847929187833,0,0000,-0.40852027770744903,-1.408520277707449,gathered_suspension
510,other,3.2011787863457264,0.8683463475311429,-0.09774238926614372,0,0000,2.4218464789028733,1.4218464789028733,extended_suspension
511,original,3.2346505234284444,0.8972429122025742,0.07620379595660288,0,0000,-0.417953780826881,-1.417953780826881,gathered_suspension
511,other,3.2428029247809804,0.8671079911130725,-0.09766544671243017,0,0000,2.4313379816888805,1.4313379816888805,extended_suspension
512,original,3.276522904814308,0.895982018181404,0.07612235707080794,0,0000,-0.42732134765358754,-1.4273213476535875,gathered_suspension
512,other,3.2845656818894655,0.8658683971282733,-0.09758866667020062,0,0000,2.4407668346624005,1.4407668346624005,extended_suspension
513,original,3.3185298783577903,0.8947163236911606,0.07604406037111672,0,0000,-0.43662222954650215,-1.436622229546502,gathered_suspension
513,other,3.3264645256813723,0.8646275800414068,-0.09751204661881666,0,0000,2.4501318852414187,1.4501318852414187,extended_suspension
514,original,3.3606689011715196,0.8934459747842873,0.07596880583217847,0,0000,-0.4458556719873338,-1.4458556719873337,gathered_suspension
514,other,3.3684969104100966,0.863385554854238,-0.09743558548628219,0,0000,2.45943198986709,1.45943198986709,extended_suspension
515,original,3.4029374223822804,0.8921711163792437,0.07589649564693628,0,0000,-0.455020917467281,-1.455020917467281,gathered_suspension
515,other,3.4106602814223774,0.8621423370353494,-0.09735928350239975,0,0000,2.468666016756142,1.468666016756142,extended_suspension
516,original,3.445332887767398,0.890891892050657,0.07582703420794228,0,0000,-0.4641172082184749,-1.4641172082184748,gathered_suspension
516,other,3.452952079816517,0.860897942449798,-0.09728314205853038,0,0000,2.4778328484741317,1.4778328484741317,extended_suspension
517,original,3.4878527442593286,0.8896084438263233,0.0757603280911616,0,0000,-0.47314378881666513,-1.4731437888166652,gathered_suspension
517,other,3.4953697469696765,0.8596523872913375,-0.09720716357670507,0,0000,2.486931384356124,1.486931384356124,extended_suspension
518,original,3.5304944441940656,0.8883209120002173,0.07569628603959377,0,0000,-0.4820999086170895,-1.4820999086170894,gathered_suspension
518,other,3.5379107288122777,0.8584056880179524,-0.09713135138795752,0,0000,2.4959605427402014,1.4959605427402014,extended_suspension
519,original,3.573255449377633,0.8870294349565467,0.07563481894755356,0,0000,-0.49098482405080585,-1.490984824050806,gathered_suspension
519,other,3.580572479922818,0.8571578612874645,-0.09705570961768538,0,0000,2.5049192630393162,1.5049192630393162,extended_suspension
520,original,3.769577091998455,0.8810973758596568,0.07538494003345943,0,0000,-0.5305554440546242,-1.5305554440546243,gathered_suspension
520,other,3.7764600787805533,0.85145716901346,-0.0967132823252061,0,0000,2.544827882138291,1.544827882138291,extended_suspension
521,original,3.812955671115299,0.8797863924589953,0.07533625663805375,0,0000,-0.5390316200979406,-1.5390316200979406,gathered_suspension
521,other,3.819747373596179,0.8502033836359056,-0.0966386893793191,0,0000,2.5533769626246956,1.5533769626246956,extended_suspension
522,original,3.8564373952606883,0.8784723136730427,0.07528961606217761,0,0000,-0.5474320284956233,-1.5474320284956233,gathered_suspension
522,other,3.863139211923275,0.8489485810620706,-0.0965643067112371,0,0000,2.5618492912053803,1.5618492912053803,extended_suspension
523,original,3.900019905721476,0.8771552590768331,0.0752449449166846,0,0000,-0.5557560382642088,-1.5557560382642088,gathered_suspension
523,other,3.9066332226559926,0.8476927777412712,-0.09649014148142056,0,0000,2.5702440168159786,1.5702440168159786,extended_suspension
524,original,3.943700878629534,0.8758353453489108,0.0752021718079618,0,0000,-0.564003039234134,-1.564003039234134,gathered_suspension
524,other,3.9502270689999697,0.8464359899098928,-0.09641620094787028,0,0000,2.578560320697998,1.578560320697998,extended_suspension
525,original,3.987478026828116,0.874512686214056,0.07516122731444522,0,0000,-0.5721724430195543,-1.5721724430195543,gathered_suspension
525,other,3.9939184503746032,0.8451782335581823,-0.09634249241323325,0,0000,2.5867974170333072,1.5867974170333072,extended_suspension
526,original,4.031349101526125,0.8731873923967354,0.07512204396187379,0,0000,-0.5802636838718953,-1.5802636838718953,gathered_suspension
526,other,4.037705104103048,0.8439195244000706,-0.09626902317691202,0,0000,2.5949545534570317,1.5949545534570317,extended_suspension
527,original,4.075311893741541,0.8718595715850598,0.07508455619715808,0,0000,-0.5882762194209625,-1.5882762194209625,gathered_suspension
527,other,4.081584806891002,0.8426598778459098,-0.0961958004920067,0,0000,2.603031011455845,1.6030310114558448,extended_suspension
528,original,4.119364235549545,0.870529328404517,0.07504870036105202,0,0000,-0.5962095313107929,-1.596209531310793,gathered_suspension
528,other,4.125555376109725,0.8413993089780596,-0.09612283152650859,0,0000,2.611026106659832,1.611026106659832,extended_suspension
529,original,4.163504001138528,0.8691967644011327,0.07501441465955243,0,0000,-0.6040631257348756,-1.6040631257348756,gathered_suspension
529,other,4.169614670886357,0.8401378325291566,-0.09605012332882468,0,0000,2.6189391890334752,1.6189391890334752,extended_suspension
530,original,4.2077291076849015,0.8678619780333917,0.07498163913411458,0,0000,-0.6118365338763914,-1.6118365338763914,gathered_suspension
530,other,4.213760593012341,0.8388754628629429,-0.09597768279719848,0,0000,2.6267696429726284,1.6267696429726284,extended_suspension
531,original,4.252037516056772,0.8665250646723528,0.07495031563077452,0,0000,-0.6195293122597894,-1.6195293122597894,gathered_suspension
531,other,4.257991087679838,0.8376122139576089,-0.09590551665284178,0,0000,2.6345168873147307,1.6345168873147307,extended_suspension
532,original,4.2964272313567955,0.8651861166095359,0.07492038776826186,0,0000,-0.6271410430190594,-1.6271410430190594,gathered_suspension
532,other,4.3023041440565475,0.8363480993913466,-0.09583363141641235,0,0000,2.6421803752688406,1.6421803752688406,extended_suspension
533,original,4.340896303313495,0.8638452230717568,0.07489180090516862,0,0000,-0.6346713340884051,-1.6346713340884051,gathered_suspension
533,other,4.3466977957079465,0.835083132330163,-0.09576203338773667,0,0000,2.6497595942716847,1.6497595942716847,extended_suspension
534,original,4.385442826528572,0.8625024702426517,0.07486450210621629,0,0000,-0.6421198193201026,-1.6421198193201025,gathered_suspension
534,other,4.391170120874498,0.8338173255176997,-0.09569072862857594,0,0000,2.65725406577544,1.6572540657754402,extended_suspension
535,original,4.430064940596973,0.8611579412901303,0.07483844010787079,0,0000,-0.6494861585366507,-1.6494861585366507,gathered_suspension
535,other,4.435719242620648,0.8325506912668665,-0.09561972294795257,0,0000,2.6646633449750894,1.6646633449750894,extended_suspension
536,original,4.474760830101874,0.8598117163990341,0.07481356528321254,0,0000,-0.6567700375204533,-1.6567700375204533,gathered_suspension
536,other,4.480343328857459,0.8312832414533979,-0.09554902189020906,0,0000,2.671987020479288,1.6719870204792882,extended_suspension
537,original,4.51952872449724,0.8584638728094317,0.07478982960627341,0,0000,-0.6639711679468157,-1.6639711679468157,gathered_suspension
537,other,4.525040592251893,0.8300149875108437,-0.09547863072529753,0,0000,2.679224713930661,1.6792247139306609,extended_suspension
538,original,4.56436689789071,0.8571144848583356,0.07476718661593407,0,0000,-0.6710892872661827,-1.6710892872661827,gathered_suspension
538,other,4.569809290035007,0.828745940427235,-0.09540855444118057,0,0000,2.68637607958272,1.68637607958272,extended_suspension
539,original,4.609273668731114,0.8557636240262726,0.07474559137947251,0,0000,-0.678124158538437,-1.678124158538437,gathered_suspension
539,other,4.614647723713858,0.8274761107429351,-0.09533879773821916,0,0000,2.6934408038355118,1.6934408038355118,extended_suspension
540,original,4.654247399410489,0.8544113589865964,0.07472500045577868,0,0000,-0.6850755702249984,-1.6850755702249984,gathered_suspension
540,other,4.659554238696441,0.8262055085499288,-0.09526936502532571,0,0000,2.700418604737356,1.7004186047373562,extended_suspension
541,original,4.6992864957909255,0.8530577556583419,0.07470537185845803,0,0000,-0.6919433359422321,-1.691943335942232,gathered_suspension
541,other,4.704527223840581,0.8249341434920192,-0.09520026041786274,0,0000,2.7073092314552163,1.7073092314552163,extended_suspension
542,original,4.7443894068954275,0.8517028772443708,0.07468666501390597,0,0000,-0.6987272942189751,-1.698727294218975,gathered_suspension
542,other,4.749565111161684,0.8236620247654379,-0.09513148773321686,0,0000,2.7141124637654057,1.7141124637654057,extended_suspension
543,original,4.789554623406907,0.8503467843552929,0.07466884074367618,0,0000,-0.7054273080364701,-1.7054273080364701,gathered_suspension
543,other,4.794666374365739,0.8223891611244564,-0.0950630505046188,0,0000,2.7208281112978856,1.7208281112978856,extended_suspension
544,original,4.834780678016589,0.8489895349934727,0.0746518612042954,0,0000,-0.7120432646562107,-1.7120432646562107,gathered_suspension
544,other,4.8398295291995606,0.8211155608804169,-0.09499495196842904,0,0000,2.7274560131398466,1.7274560131398466,extended_suspension
545,original,4.880066145037685,0.8476311845929905,0.07463568984791764,0,0000,-0.7185750753080622,-1.7185750753080622,gathered_suspension
545,other,4.885053133077744,0.8198412319048983,-0.09492719506130147,0,0000,2.733996037282096,1.733996037282096,extended_suspension
546,original,4.925409638564527,0.8462717861610773,0.07462029140688195,0,0000,-0.7250226746264143,-1.7250226746264143,gathered_suspension
546,other,4.930335783274797,0.8185661816381228,-0.09485978244083962,0,0000,2.7404480797805637,1.7404480797805637,extended_suspension
547,original,4.97080981087806,0.8449113903975575,0.07460563186630964,0,0000,-0.7313860201174617,-1.7313860201174616,gathered_suspension
547,other,4.97567611535693,0.8172904170956662,-0.09479271650287291,0,0000,2.746812063970281,1.7468120639702809,extended_suspension
548,original,5.016265355191309,0.8435500455067071,0.07459167837397539,0,0000,-0.7376650923202224,-1.7376650923202224,gathered_suspension
548,other,5.021072805889711,0.816013944863654,-0.09472599933128802,0,0000,2.753087940503776,1.753087940503776,extended_suspension
549,original,5.0617750009965405,0.8421877975320738,0.07457839926394491,0,0000,-0.7438598937553236,-1.7438598937553236,gathered_suspension
549,other,5.066524567854093,0.814736771116021,-0.09465963276353567,0,0000,2.759275685975019,1.7592756859750192,extended_suspension
550,original,5.107337515139443,0.8408246902839086,0.07456576399220442,0,0000,-0.7499704487985412,-1.7499704487985412,gathered_suspension
550,other,5.11203015170452,0.8134589016150989,-0.09459361836684373,0,0000,2.7653753026411048,1.7653753026411048,extended_suspension
551,original,5.152951700566745,0.8394607654319278,0.07455374310788275,0,0000,-0.755996803168598,-1.755996803168598,gathered_suspension
551,other,5.157588344133548,0.8121803417191167,-0.09452795745084101,0,0000,2.7713868177008116,1.7713868177008116,extended_suspension
552,original,5.198616395441971,0.8380960625676648,0.07454230821887654,0,0000,-0.7619390234713604,-1.7619390234713603,gathered_suspension
552,other,5.20319796719741,0.8109010963893862,-0.0944626510752189,0,0000,2.7773102826465923,1.7773102826465923,extended_suspension
553,original,5.244330472294428,0.8367306192673726,0.07453143195925205,0,0000,-0.7677971967452911,-1.767797196745291,gathered_suspension
553,other,5.24885787747434,0.8096211701969546,-0.09439770005618559,0,0000,2.7831457726297373,1.7831457726297373,extended_suspension
554,original,5.290092837099964,0.8353644711555402,0.07452108795542053,0,0000,-0.7735714299927483,-1.7735714299927483,gathered_suspension
554,other,5.29456696515389,0.8083405673299573,-0.09433310497514942,0,0000,2.78889338581461,1.7888933858146099,extended_suspension
555,original,5.335902428426949,0.833997651966111,0.07451125079480403,0,0000,-0.779261849721312,-1.779261849721312,gathered_suspension
555,other,5.340324153190497,0.8070592916005305,-0.09426886618545849,0,0000,2.7945532427539974,1.7945532427539974,extended_suspension
556,original,5.381758216543505,0.8326301936028649,0.07450189599394523,0,0000,-0.7848686014774203,-1.7848686014774202,gathered_suspension
556,other,5.38612839641736,0.8057773464526982,-0.0942049838212553,0,0000,2.8001254857625004,1.8001254857625004,extended_suspension
557,original,5.427659203789964,0.831262126117498,0.07449299996055321,0,0000,-0.7903918495675673,-1.7903918495675673,gathered_suspension
557,other,5.431978681910111,0.8044947349670707,-0.09414145778240099,0,0000,2.805610278509965,1.805610278509965,extended_suspension
558,original,5.47360441742821,0.8298934781828256,0.07448453999857402,0,0000,-0.7958317756624067,-1.7958317756624067,gathered_suspension
558,other,5.477874021917871,0.803211459879266,-0.09407828785459377,0,0000,2.8110078043538946,1.8110078043538946,extended_suspension
559,original,5.51959292288973,0.8285242762210475,0.07447649420226969,0,0000,-0.8011885804331687,-1.8011885804331687,gathered_suspension
559,other,5.523813466945176,0.8019275235631581,-0.09401547346666708,0,0000,2.816318268117871,1.816318268117871,extended_suspension
560,original,5.565623804385014,0.827154545679173,0.07446884152383876,0,0000,-0.8064624803508877,-1.8064624803508877,gathered_suspension
560,other,5.569796086589005,0.8006429280693846,-0.09395301402840543,0,0000,2.8215418923932374,1.8215418923932374,extended_suspension
561,original,5.611696179073722,0.8257843100992441,0.07446156167037699,0,0000,-0.8116537094504159,-1.811653709450416,gathered_suspension
561,other,5.615820983532527,0.7993576751076205,-0.09389090867103947,0,0000,2.826678919469357,1.826678919469357,extended_suspension
562,original,5.657809189303659,0.824413591627078,0.07445463511062789,0,0000,-0.8167625178617952,-1.8167625178617952,gathered_suspension
562,other,5.661887285870108,0.7980717660652855,-0.09382915637879873,0,0000,2.8317296096105355,1.8317296096105355,extended_suspension
563,original,5.703962001009475,0.8230424111141346,0.07444804304609086,0,0000,-0.8217891712702088,-1.8217891712702088,gathered_suspension
563,other,5.707994145516312,0.7967852020155153,-0.09376775601237976,0,0000,2.836694240394044,1.8366942403940438,extended_suspension
564,original,5.750153811443015,0.8216707876196626,0.07444176736682062,0,0000,-0.8267339516724845,-1.8267339516724845,gathered_suspension
564,other,5.754140745842784,0.7954979837112929,-0.0937067061585971,0,0000,2.841573107495255,1.8415731074952548,extended_suspension
565,original,5.796383838439144,0.8202987391029547,0.07443579065229668,0,0000,-0.8315971555424784,-1.8315971555424784,gathered_suspension
565,other,5.800326291058325,0.7942101116083047,-0.09364600532102091,0,0000,2.846366522582837,1.8463665225828372,extended_suspension
566,original,5.842651317756601,0.818926282589933,0.07443009613945437,0,0000,-0.8363790931834347,-1.8363790931834347,gathered_suspension
566,other,5.846550003568995,0.7929215858724465,-0.09358565196553104,0,0000,2.851074812561027,1.851074812561027,extended_suspension
567,original,5.8889555151443504,0.8175534334002856,0.07442466768466527,0,0000,-0.8410800900584101,-1.8410800900584101,gathered_suspension
567,other,5.892811135905582,0.7916324063689136,-0.09352564428697868,0,0000,2.8556983209923503,1.8556983209923503,extended_suspension
568,original,5.935295712669165,0.8161802060207752,0.07441948975403227,0,0000,-0.8457004846274319,-1.8457004846274319,gathered_suspension
568,other,5.93910895719219,0.7903425726868344,-0.09346598045938699,0,0000,2.8602374056610858,1.8602374056610858,extended_suspension
569,original,5.981671226676891,0.8148066129623117,0.07441454740084512,0,0000,-0.8502406304020067,-1.8502406304020067,gathered_suspension
569,other,5.985442770910283,0.7890520841206617,-0.09340665828707725,0,0000,2.864692440784616,1.8646924407846162,extended_suspension
570,original,6.028081374483248,0.8134326668733709,0.07440982623755427,0,0000,-0.8547008912933656,-1.8547008912933656,gathered_suspension
570,other,6.031811881931704,0.7877609397198995,-0.0933476758340724,0,0000,2.8690638118733327,1.8690638118733327,extended_suspension
571,original,6.074525506341255,0.8120583785102019,0.07440531242150543,0,0000,-0.8590816454882496,-1.8590816454882497,gathered_suspension
571,other,6.078215628143164,0.786469138250861,-0.09328903080766668,0,0000,2.873351919940447,1.873351919940447,extended_suspension
572,original,6.121002988451682,0.810683757812954,0.07440099263154433,0,0000,-0.8633832829394052,-1.8633832829394052,gathered_suspension
572,other,6.124653363627115,0.7851766782250155,-0.09323072087606997,0,0000,2.8775571787169616,1.8775571787169616,extended_suspension
573,original,6.167513205594639,0.8093088137371443,0.07439685404920274,0,0000,-0.8676062054222993,-1.8676062054222993,gathered_suspension
573,other,6.171124461258122,0.7838835579001108,-0.093172743612107,0,0000,2.881680014682021,1.8816800146820212,extended_suspension
574,original,6.214055555529184,0.8079335546036869,0.07439288432841376,0,0000,-0.8717508255765654,-1.8717508255765654,gathered_suspension
574,other,6.217628307150128,0.7825897752922426,-0.09311509659649325,0,0000,2.885720865996848,1.885720865996848,extended_suspension
575,original,6.260629473318023,0.8065579865713987,0.07438907163458196,0,0000,-0.8758175695355421,-1.8758175695355421,gathered_suspension
575,other,6.26416432473522,0.7812953281480016,-0.09305777693600939,0,0000,2.889680185294068,1.889680185294068,extended_suspension
576,original,6.307234375169073,0.8051821171550348,0.07438540449586181,0,0000,-0.8798068699495318,-1.8798068699495318,gathered_suspension
576,other,6.310731919147023,0.7800002140246851,-0.09300078235571076,0,0000,2.893558432160661,1.893558432160661,extended_suspension
577,original,6.353869736221303,0.8038059503550142,0.07438187198376914,0,0000,-0.8837191749158324,-1.8837191749158324,gathered_suspension
577,other,6.357330554243273,0.778704430189326,-0.09294410966938356,0,0000,2.8973560826723688,1.8973560826723688,extended_suspension
578,original,6.400535001695622,0.8024294922055578,0.07437846345086124,0,0000,-0.8875549373441662,-1.8875549373441662,gathered_suspension
578,other,6.403959664604705,0.7774079737427881,-0.09288775651947022,0,0000,2.901073618010181,1.901073618010181,extended_suspension
579,original,6.447229680503219,0.8010527449369511,0.07437516880520001,0,0000,-0.8913146254411767,-1.8913146254411766,gathered_suspension
579,other,6.450618748245065,0.7761108414968633,-0.09283171952558654,0,0000,2.904711535587225,1.904711535587225,extended_suspension
580,original,6.4939532517513605,0.7996757127929576,0.07437197818659273,0,0000,-0.89499871185944,-1.89499871185944,gathered_suspension
580,other,6.497307273991889,0.7748130301068021,-0.09277599612715008,0,0000,2.908270337514825,1.9082703375148249,extended_suspension
581,original,6.540705234502305,0.7982983976911971,0.07436888219391243,0,0000,-0.8986076812884651,-1.8986076812884651,gathered_suspension
581,other,6.544024750583818,0.7735145359773038,-0.09272058319755354,0,0000,2.911750538614057,1.911750538614057,extended_suspension
582,original,6.587485154991874,0.7969208012577408,0.07436587175822383,0,0000,-0.9021420265312776,-1.9021420265312776,gathered_suspension
582,other,6.590770694189119,0.7722153553128998,-0.09266547768733051,0,0000,2.9151526622426593,1.9151526622426593,extended_suspension
583,original,6.634292552582298,0.795542924455075,0.07436293815142227,0,0000,-0.9056022489294531,-1.905602248929453,gathered_suspension
583,other,6.637544634295874,0.7709154841127441,-0.09261067650130125,0,0000,2.9184772407238455,1.9184772407238455,extended_suspension
584,original,6.681126979408044,0.794164767601669,0.07436007297345901,0,0000,-0.908988858085298,-1.9089888580852978,gathered_suspension
584,other,6.6843461133544135,0.769614918174483,-0.09255617650045654,0,0000,2.921724815033408,1.921724815033408,extended_suspension
585,original,6.727987999842259,0.7927863304026056,0.07435726813919685,0,0000,-0.9123023715705325,-1.9123023715705325,gathered_suspension
585,other,6.731174686241936,0.7683136530982104,-0.09250197450759365,0,0000,2.9248959344744287,1.9248959344744287,extended_suspension
586,original,6.774875190139185,0.7914076119691964,0.07435451586644984,0,0000,-0.9155433146583953,-1.9155433146583953,gathered_suspension
586,other,6.7780299199016465,0.7670116842901019,-0.09244806730949284,0,0000,2.9279911563779413,1.9279911563779413,extended_suspension
587,original,6.8221061877762645,0.7900192633926135,0.07435179045231584,0,0000,-0.9187334534525411,-1.918733453452541,gathered_suspension
587,other,6.825229230978159,0.7657001753543233,-0.09239408925703312,0,0000,2.9310312580466515,1.9310312580466515,extended_suspension
588,original,6.869044662364099,0.7886399756370192,0.07434912134078675,0,0000,-0.9218303782829083,-1.9218303782829083,gathered_suspension
588,other,6.872136706716861,0.7643967796901626,-0.092340763828097,0,0000,2.9339758827469473,1.9339758827469473,extended_suspension
589,original,6.9160081000492974,0.7872604006333885,0.07434648309888939,0,0000,-0.9248563558064401,-1.92485635580644,gathered_suspension
589,other,6.919069609553811,0.763092665348834,-0.09228772335216087,0,0000,2.9368463310681054,1.9368463310681054,extended_suspension
590,original,6.962996120606317,0.7858805353401247,0.07434386904351908,0,0000,-0.9278119395171787,-1.9278119395171787,gathered_suspension
590,other,6.966027550666421,0.7617878269940901,-0.09223496450617161,0,0000,2.9396431895896535,1.9396431895896535,extended_suspension
591,original,7.010008353775805,0.7845003762268041,0.07434127273958809,0,0000,-0.9306976893307164,-1.9306976893307164,gathered_suspension
591,other,7.01301015136916,0.760482259112293,-0.0921824839463328,0,0000,2.9423670515074347,1.9423670515074347,extended_suspension
592,original,7.05704443890663,0.7831199192934329,0.07433868799019291,0,0000,-0.9335141713453068,-1.9335141713453068,gathered_suspension
592,other,7.0600170427527535,0.7591759560153329,-0.09213027831096006,0,0000,2.945018516372956,1.945018516372956,extended_suspension
593,original,7.104104024623796,0.7817391600880685,0.07433610882718725,0,0000,-0.9362619576099301,-1.93626195760993,gathered_suspension
593,other,7.107047865349285,0.7578689118434471,-0.09207834422298643,0,0000,2.9475981898411225,1.9475981898411225,extended_suspension
594,original,7.151186768510687,0.7803580937235078,0.07433352950215473,0,0000,-0.9389416258981882,-1.9389416258981882,gathered_suspension
594,other,7.154102268811526,0.7565611205678645,-0.09202667829219847,0,0000,2.9501066834250746,1.9501066834250746,extended_suspension
595,original,7.198292336827744,0.7789767148917814,0.07433094447787025,0,0000,-0.941553759489559,-1.941553759489559,gathered_suspension
595,other,7.201179911628477,0.7552525759933573,-0.09197527711689074,0,0000,2.952544614259402,1.952544614259402,extended_suspension
596,original,7.245420404075767,0.7775950178879297,0.0743283484189645,0,0000,-0.9440989469425454,-1.9440989469425454,gathered_suspension
596,other,7.248280460686894,0.7539432717608813,-0.09192413728874133,0,0000,2.9549126048569843,1.9549126048569843,extended_suspension
597,original,7.292570652989815,0.7762129966075852,0.07432573618580372,0,0000,-0.9465777819067328,-1.9465777819067327,gathered_suspension
597,other,7.295403591260122,0.7526332013494672,-0.09187325538903526,0,0000,2.957211282904746,1.9572112829047459,extended_suspension
598,original,7.339742773980986,0.774830644578187,0.07432310282478057,0,0000,-0.9489908628946342,-1.9489908628946342,gathered_suspension
598,other,7.342548986449212,0.7513223580789092,-0.09182262799622812,0,0000,2.959441281021485,1.9594412810214852,extended_suspension
599,original,7.386936465047091,0.7734479549615385,0.07432044356210696,0,0000,-0.951338793094965,-1.951338793094965,gathered_suspension
599,other,7.389716337089366,0.7500107351115869,-0.0917722516840225,0,0000,2.961603236556961,1.961603236556961,extended_suspension
600,original,7.4341514313409585,0.7720649205771494,0.07431775379534204,0,0000,-0.9536221801636492,-1.953622180163649,gathered_suspension
600,other,7.436905341316772,0.7486983254548064,-0.09172212302653666,0,0000,2.9636977913708793,1.9636977913708793,extended_suspension
601,original,7.481387385136337,0.7706815339014554,0.0743150290880923,0,0000,-0.9558416360483105,-1.9558416360483104,gathered_suspension
601,other,7.484115704530014,0.7473851219623164,-0.0916722385954299,0,0000,2.96572559164459,1.9657255916445902,extended_suspension
602,original,7.528644045402213,0.7692977870907084,0.07431226516196085,0,0000,-0.9579977767877652,-1.9579977767877652,gathered_suspension
602,other,7.531347138963128,0.7460711173364848,-0.09162259496511455,0,0000,2.9676872876702562,1.9676872876702562,extended_suspension
603,original,7.5759211377823465,0.7679136719793834,0.07430945789181213,0,0000,-0.96009122234402,-1.96009122234402,gathered_suspension
603,other,7.578599363660748,0.7447563041296125,-0.09157318870973648,0,0000,2.969583533671575,1.969583533671575,extended_suspension
604,original,7.623218394110334,0.766529180106484,0.07430660329755084,0,0000,-0.9621225964059381,-1.9621225964059381,gathered_suspension
604,other,7.625872103992395,0.7434406747460528,-0.09152401640981532,0,0000,2.9714149875990956,1.9714149875990956,extended_suspension
605,original,7.670535552366684,0.7651443027153293,0.07430369753959408,0,0000,-0.9640925262268549,-1.964092526226855,gathered_suspension
605,other,7.67316509160564,0.7421242214434857,-0.09147507464979833,0,0000,2.9731823109581104,1.9731823109581104,extended_suspension
606,original,7.7178723564257465,0.763759030765756,0.07430073691278552,0,0000,-0.966001642451178,-1.966001642451178,gathered_suspension
606,other,7.72047806417068,0.7408069363343817,-0.09142636002010976,0,0000,2.9748861686271955,1.9748861686271955,extended_suspension
607,original,7.765228555857332,0.7623733549432737,0.07429771784099123,0,0000,-0.9678505789481162,-1.9678505789481162,gathered_suspension
607,other,7.767810765179356,0.7394888113873838,-0.09137786911804205,0,0000,2.9765272286843496,1.9765272286843496,extended_suspension
608,original,7.8126039057309375,0.7609872656677505,0.0742946368717814,0,0000,-0.9696399726489227,-1.9696399726489227,gathered_suspension
608,other,7.815162943746786,0.7381698384286254,-0.0913295985487624,0,0000,2.9781061622370526,1.9781061622370526,extended_suspension
609,original,7.859998166428444,0.7596007531018916,0.07429149067138129,0,0000,-0.9713704633879432,-1.9713704633879432,gathered_suspension
609,other,7.86253435442157,0.7368500091428875,-0.09128154492613827,0,0000,2.979623643257002,1.979623643257002,extended_suspension
610,original,7.907411103465861,0.7582138071587764,0.07428827601983724,0,0000,-0.9730426937473873,-1.9730426937473873,gathered_suspension
610,other,7.9099247570049664,0.7355293150747187,-0.09123370487348613,0,0000,2.9810803484186956,1.9810803484186956,extended_suspension
611,original,7.954842487314018,0.7568264175097965,0.07428498980623717,0,0000,-0.9746573089051058,-1.9746573089051058,gathered_suspension
611,other,7.9573339163692145,0.7342077476294795,-0.09118607502439917,0,0000,2.982476956941838,1.982476956941838,extended_suspension
612,original,8.002292093235393,0.7554385735913564,0.07428162902431173,0,0000,-0.9762149564864361,-1.976214956486436,gathered_suspension
612,other,8.004761602291858,0.7328852980743109,-0.0911386520233036,0,0000,2.9838141504380813,1.9838141504380813,extended_suspension
613,original,8.049759701116956,0.7540502646119686,0.07427819076800243,0,0000,-0.9777162864186912,-1.9777162864186912,gathered_suspension
613,other,8.052207589286255,0.7315619575389789,-0.09109143252611435,0,0000,2.9850926127608726,1.9850926127608726,extended_suspension
614,original,8.09724509531545,0.7526614795583996,0.07427467222733418,0,0000,-0.9791619507893239,-1.9791619507893239,gathered_suspension
614,other,8.099671656444519,0.7302377170166889,-0.09104441320082556,0,0000,2.986313029859545,1.986313029859545,extended_suspension
615,original,8.144748064504876,0.751272207201855,0.07427107068438743,0,0000,-0.9805526037069734,-1.9805526037069734,gathered_suspension
615,other,8.147153587282673,0.7289125673648603,-0.09099759072791855,0,0000,2.9874760896364174,1.9874760896364174,extended_suspension
616,original,8.192268401530024,0.7498824361036875,0.07426738350943542,0,0000,-0.9818889011656635,-1.9818889011656635,gathered_suspension
616,other,8.194653169591946,0.7275864993057157,-0.09095096180088327,0,0000,2.988582481807717,1.988582481807717,extended_suspension
617,original,8.239805903263134,0.7484921546209135,0.07426360815718587,0,0000,-0.9831715009118265,-1.9831715009118265,gathered_suspension
617,other,8.242170195293218,0.7262595034269006,-0.09090452312663524,0,0000,2.989632897767427,1.989632897767427,extended_suspension
618,original,8.287360370471946,0.7471013509109754,0.07425974216329383,0,0000,-0.9844010623145454,-1.9844010623145454,gathered_suspension
618,other,8.289704460302826,0.7249315701820059,-0.0908582714257377,0,0000,2.9906280304547095,1.9906280304547095,extended_suspension
619,original,8.334931607680021,0.7457100129371047,0.07425578314078096,0,0000,-0.985578246237998,-1.9855782462379978,gathered_suspension
619,other,8.337255764390884,0.7236026898910256,-0.0908122034329164,0,0000,2.9915685742241376,1.9915685742241376,extended_suspension
620,original,8.382519423045249,0.7443181284724332,0.07425172877683286,0,0000,-0.9867037149173674,-1.9867037149173674,gathered_suspension
620,other,8.38482391105754,0.7222728527406617,-0.09076631589717397,0,0000,2.992455224719292,1.9924552247192922,extended_suspension
621,original,8.430123628232916,0.7429256851044701,0.07424757682953749,0,0000,-0.9877781318368173,-1.9877781318368173,gathered_suspension
621,other,8.432408707404093,0.720942048784731,-0.0907206055820705,0,0000,2.993288678748955,1.993288678748955,extended_suspension
622,original,8.47774403829739,0.7415326702390919,0.07424332512483785,0,0000,-0.9888021616104186,-1.9888021616104186,gathered_suspension
622,other,8.480009964012625,0.7196102679443692,-0.09067506926594802,0,0000,2.9940696341664017,1.9940696341664017,extended_suspension
623,original,8.525380471565787,0.740139071104337,0.0742389715535573,0,0000,-0.989776469865414,-1.9897764698654141,gathered_suspension
623,other,8.527627494827614,0.7182775000082181,-0.09062970374204116,0,0000,2.9947987897514152,1.9947987897514152,extended_suspension
624,original,8.573032749525819,0.738744874753875,0.0742345140685157,0,0000,-0.990701723128063,-1.990701723128063,gathered_suspension
624,other,8.575261117042011,0.7169437346325017,-0.09058450581866676,0,0000,2.995476845094962,1.995476845094962,extended_suspension
625,original,8.62070069672091,0.7373500680701969,0.0742299506818792,0,0000,-0.9915785887119188,-1.9915785887119188,gathered_suspension
625,other,8.622910650990276,0.715608961341155,-0.09053947231925084,0,0000,2.9961045004866893,1.9961045004866893,extended_suspension
626,original,8.668384140797544,0.7359546377588609,0.07422527946399465,0,0000,-0.9924077346125662,-1.9924077346125662,gathered_suspension
626,other,8.670575920193075,0.7142731695252524,-0.09049460007921824,0,0000,2.9966824568074566,1.9966824568074566,extended_suspension
627,original,8.716082911786625,0.7345585703873126,0.07422049853458838,0,0000,-0.9931898293831639,-1.993189829383164,gathered_suspension
627,other,8.71825675064043,0.7129363484449803,-0.09044988595868801,0,0000,2.997211415410398,1.9972114154103981,extended_suspension
628,original,8.763796842755703,0.7331618523437117,0.07421560606789902,0,0000,-0.9939255420514861,-1.993925542051486,gathered_suspension
628,other,8.76595297143767,0.7115984872270879,-0.09040532682715084,0,0000,2.997692078030617,1.9976920780306169,extended_suspension
629,original,8.811525769956235,0.7317644698251641,0.07421060029289789,0,0000,-0.9946155420205908,-1.9946155420205907,gathered_suspension
629,other,8.813664414949594,0.7102595748637329,-0.09036091955864259,0,0000,2.998125146683361,1.998125146683361,extended_suspension
630,original,8.85926953118218,0.7303664089307379,0.07420547947502226,0,0000,-0.9952604989306759,-1.995260498930676,gathered_suspension
630,other,8.861390915166458,0.7089196002176298,-0.09031666106298719,0,0000,2.9985113235409955,1.9985113235409955,extended_suspension
631,original,8.907027967381222,0.7289676555639205,0.07420024193147991,0,0000,-0.995861082602407,-1.995861082602407,gathered_suspension
631,other,8.909132309303494,0.7075785520158436,-0.09027254825138026,0,0000,2.9988513108602306,1.9988513108602306,extended_suspension
632,original,8.954800921518807,0.7275681954959583,0.07419488601826699,0,0000,-0.9964179629156615,-1.9964179629156615,gathered_suspension
632,other,8.956888436669507,0.7062364188531223,-0.09022857805748741,0,0000,2.999145810871512,1.999145810871512,extended_suspension
633,original,9.002588239454955,0.7261680143113999,0.0741894101381993,0,0000,-0.9969318097342748,-1.9969318097342748,gathered_suspension
633,other,9.004659139536459,0.7048931891879063,-0.09018474741802544,0,0000,2.99939552569499,1.99939552569499,extended_suspension
634,original,9.050389768688227,0.7247670974783444,0.07418381272656116,0,0000,-0.997403292790439,-1.997403292790439,gathered_suspension
634,other,9.052444261888692,0.7035488513462641,-0.09014105329619188,0,0000,2.9996011572372288,1.9996011572372288,extended_suspension
635,original,9.098205359276246,0.7233654302914363,0.07417809225976205,0,0000,-0.9978330816125722,-1.9978330816125722,gathered_suspension
635,other,9.100243650336168,0.7022033935175416,-0.09009749266152402,0,0000,2.9997634071101986,1.9997634071101986,extended_suspension
636,original,9.146034862455773,0.7219629979488835,0.07417224723957053,0,0000,-0.9982218454163759,-1.998221845416376,gathered_suspension
636,other,9.148057152740387,0.7008568037588373,-0.09005406251585125,0,0000,2.9998829765362367,1.9998829765362367,extended_suspension
637,original,9.193878132791363,0.7205597854243927,0.07416627621511616,0,0000,-0.9985702530498655,-1.9985702530498655,gathered_suspension
637,other,9.195884620349098,0.6995090699856769,-0.0900107598484906,0,0000,2.9999605662723647,1.9999605662723647,extended_suspension
638,original,9.241735026124397,0.719155777583152,0.07416017776002994,0,0000,-0.9988789728782519,-1.998878972878252,gathered_suspension
638,other,9.243725905755033,0.6981601799789594,-0.08996758167582852,0,0000,2.9999968765160445,1.9999968765160445,extended_suspension
639,original,9.289605399644685,0.7177509591740848,0.07415395047219929,0,0000,-0.999148672705972,-1.999148672705972,gathered_suspension
639,other,9.291580862965196,0.6968101213837884,-0.08992452503816857,0,0000,2.999992606827204,1.9999926068272038,extended_suspension
640,original,9.337489113047132,0.7163453147596799,0.07414759298539876,0,0000,-0.9993800197073726,-1.9993800197073726,gathered_suspension
640,other,9.339449348549454,0.6954588817036658,-0.08988158697502747,0,0000,2.999948456048495,1.9999484560484948,extended_suspension
641,original,9.385386027508371,0.7149388287719085,0.07414110395741638,0,0000,-0.9995736803353938,-1.9995736803353938,gathered_suspension
641,other,9.387331220621054,0.6941064483034587,-0.08983876454405332,0,0000,2.9998651222250787,1.9998651222250787,extended_suspension
642,original,9.433296005860612,0.7135314854987838,0.07413448207111736,0,0000,-0.9997303202455141,-1.9997303202455141,gathered_suspension
642,other,9.43522633900795,0.6927528084075029,-0.08979605481600558,0,0000,2.9997433025280436,1.9997433025280436,extended_suspension
643,original,9.481218912243103,0.7121232691010808,0.07412772602983202,0,0000,-0.9998506042173967,-1.9998506042173967,gathered_suspension
643,other,9.483134564904356,0.6913979490998723,-0.0897534548801722,0,0000,2.999583693180713,1.9995836931807132,extended_suspension
644,original,9.529154613180285,0.7107141635468097,0.07412083456853276,0,0000,-0.9999351960837426,-1.9999351960837426,gathered_suspension
644,other,9.531055761941737,0.6900418573182592,-0.08971096182146832,0,0000,2.9993869893785927,1.9993869893785927,extended_suspension
645,original,9.57710297613073,0.7093041526913795,0.07411380643713243,0,0000,-0.9999847586489237,-1.9999847586489237,gathered_suspension
645,other,9.578989794743842,0.688684519859035,-0.08966857274782115,0,0000,2.999153885223576,1.999153885223576,extended_suspension
646,original,9.625063869035698,0.7078932203000936,0.07410664039468422,0,0000,-0.9999999536196221,-1.9999999536196222,gathered_suspension
646,other,9.626936528476056,0.687325923377929,-0.08962628479759462,0,0000,2.9988850736603347,1.9988850736603347,extended_suspension
647,original,9.673037163019485,0.7064813498893656,0.07409933523881441,0,0000,-0.9999814415355999,-1.9999814415355999,gathered_suspension
647,other,9.674895831530279,0.685966054376265,-0.08958409508470652,0,0000,2.9985812463834702,1.9985812463834702,extended_suspension
648,original,9.721022729627915,0.7050685248818415,0.07409188977436947,0,0000,-0.9999298816952225,-1.9999298816952225,gathered_suspension
648,other,9.722867572776236,0.6846048992119858,-0.08954200075195314,0,0000,2.998243093791087,1.9982430937910869,extended_suspension
649,original,9.769020440989749,0.7036547285937467,0.07408430281451409,0,0000,-0.999845932091441,-1.999845932091441,gathered_suspension
649,other,9.770851621720771,0.683242444097451,-0.08949999896631806,0,0000,2.9978713049209755,1.9978713049209755,extended_suspension
650,original,9.817030171405998,0.7022399441398665,0.07407657319798751,0,0000,-0.9997302493403433,-1.9997302493403433,gathered_suspension
650,other,9.818847850087481,0.6818786750903292,-0.08945808688627072,0,0000,2.997466567366751,1.997466567366751,extended_suspension
651,original,9.865051795660104,0.7008241545269479,0.0740686997695598,0,0000,-0.9995834886192586,-1.9995834886192587,gathered_suspension
651,other,9.86685613013433,0.680513578099906,-0.08941626169374335,0,0000,2.9970295672336458,1.9970295672336458,extended_suspension
652,original,9.91308519068841,0.6994073425543659,0.0740606813984044,0,0000,-0.999406303593384,-1.999406303593384,gathered_suspension
652,other,9.914876336314354,0.6791471388770872,-0.08937452055994767,0,0000,2.996560989052668,1.9965609890526679,extended_suspension
653,original,9.961130233443729,0.6979894909327311,0.074052516953355,0,0000,-0.9991993463636579,-1.999199346363658,gathered_suspension
653,other,9.962908343148673,0.6777793430232077,-0.08933286068605029,0,0000,2.9960615157498243,1.9960615157498243,extended_suspension
654,original,10.00918680260851,0.6965705821820961,0.07404420532187359,0,0000,-0.9989632673935656,-1.9989632673935656,gathered_suspension
654,other,10.010952026929923,0.6764101759795635,-0.08929127926822064,0,0000,2.9955318285605497,1.9955318285605497,extended_suspension
655,original,10.057254776716913,0.6951505987355515,0.0740357453881193,0,0000,-0.9986987154633333,-1.9986987154633333,gathered_suspension
655,other,10.0590072638523,0.675039623035138,-0.08924977353315161,0,0000,2.994972607002485,1.994972607002485,extended_suspension
656,original,10.105334036331055,0.6937295228110429,0.074027136057365,0,0000,-0.9984063375899199,-1.99840633758992,gathered_suspension
656,other,10.107073932176002,0.6736676693133078,-0.08920834069417964,0,0000,2.994384528779971,1.994384528779971,extended_suspension
657,original,10.15342446252465,0.6923073364941557,0.07401837623823738,0,0000,-0.9980867789808076,-1.9980867789808077,gathered_suspension
657,other,10.155151910717182,0.6722942997776425,-0.08916697797971439,0,0000,2.9937682697535575,1.9937682697535575,extended_suspension
658,original,10.201525937206602,0.6908840217157195,0.07400946484597092,0,0000,-0.9977406829730192,-1.9977406829730193,gathered_suspension
658,other,10.203241079168858,0.670919499228113,-0.08912568262565801,0,0000,2.9931245038792635,1.9931245038792635,extended_suspension
659,original,10.249638342677224,0.6894595602730837,0.07400040079684972,0,0000,-0.9973686909823021,-1.997368690982302,gathered_suspension
659,other,10.25134131765802,0.6695432523013813,-0.08908445188279113,0,0000,2.992453903164187,1.9924539031641868,extended_suspension
660,original,10.297761563601052,0.6880339337139844,0.07399118303069858,0,0000,-0.9969714424171523,-1.9969714424171523,gathered_suspension
660,other,10.299452508708235,0.6681655434575107,-0.08904328297725746,0,0000,2.991757137569177,1.9917571375691772,extended_suspension
661,original,10.345895482529015,0.6866071235869614,0.07398181045852902,0,0000,-0.9965495746913304,-1.9965495746913304,gathered_suspension
661,other,10.347574532781628,0.6667863570027822,-0.08900217319624502,0,0000,2.9910348750576228,1.9910348750576228,extended_suspension
662,original,10.394039985525746,0.6851791111175972,0.07397228202750285,0,0000,-0.9961037230822178,-1.9961037230822178,gathered_suspension
662,other,10.395707273879092,0.6654056770555488,-0.0889611197776579,0,0000,2.9902877814162157,1.9902877814162157,extended_suspension
663,original,10.442194957665285,0.6837498774601498,0.07396259666824524,0,0000,-0.9956345207486346,-1.9956345207486346,gathered_suspension
663,other,10.443850615055798,0.6640234875694234,-0.08892011999619295,0,0000,2.9895165203088467,1.9895165203088467,extended_suspension
664,original,10.49036028544577,0.6823194035562128,0.07395275332259485,0,0000,-0.9951425986379627,-1.9951425986379627,gathered_suspension
664,other,10.492004440823814,0.6626397723167327,-0.08887917111549624,0,0000,2.988721753170328,1.9887217531703278,extended_suspension
665,original,10.538535854252371,0.6808876702743202,0.0739427509135516,0,0000,-0.9946285854835839,-1.994628585483584,gathered_suspension
665,other,10.540168634625548,0.6612545149011722,-0.08883827043582536,0,0000,2.9879041392240824,1.9879041392240824,extended_suspension
666,original,10.58672155292436,0.6794546581471054,0.0739325883985135,0,0000,-0.9940931076617249,-1.9940931076617248,gathered_suspension
666,other,10.588343083379513,0.6598676987276678,-0.08879741520495874,0,0000,2.9870643353140895,1.9870643353140895,extended_suspension
667,original,10.634917267443642,0.6780203477237141,0.07392226469487247,0,0000,-0.9935367892719099,-1.9935367892719098,gathered_suspension
667,other,10.636527671195948,0.6584793070377454,-0.08875660273851738,0,0000,2.9862029960281706,1.9862029960281706,extended_suspension
668,original,11.267391240847486,0.6590944288962624,0.07377157690067658,0,0000,-0.9846058787415474,-1.9846058787415473,gathered_suspension
668,other,11.268866403125415,0.6401308023750344,-0.0882244495459871,0,0000,2.9732248147312985,1.9732248147312985,extended_suspension
669,original,11.315716470115719,0.6576396179524867,0.07375886447237134,0,0000,-0.9838206296794688,-1.9838206296794687,gathered_suspension
669,other,11.317182061346461,0.6387182899503413,-0.08818395138868047,0,0000,2.972128002471165,1.9721280024711652,extended_suspension
670,original,11.364050055188432,0.6561831905006733,0.07374597424720769,0,0000,-0.9830236492483628,-1.9830236492483628,gathered_suspension
670,other,11.365506173908583,0.6373039243913845,-0.08814345502072586,0,0000,2.971019227637001,1.9710192276370009,extended_suspension
671,original,11.412391879953178,0.6547251242039793,0.07373290497285942,0,0000,-0.9822155178083758,-1.9822155178083758,gathered_suspension
671,other,11.413838623311213,0.6358876856133097,-0.08810295784345344,0,0000,2.969899101733308,1.9698991017333078,extended_suspension
672,original,11.460741858165036,0.6532653948239118,0.07371965574618383,0,0000,-0.9813968115657531,-1.981396811565753,gathered_suspension
672,other,11.462179321827865,0.6344695530664552,-0.08806245669268373,0,0000,2.9687682321824767,1.9687682321824767,extended_suspension
673,original,11.509099856534279,0.6518039805140116,0.07370622508538341,0,0000,-0.9805681052969869,-1.980568105296987,gathered_suspension
673,other,11.510528134894772,0.6330495063116287,-0.0880219492763916,0,0000,2.967627225095633,1.967627225095633,extended_suspension
674,original,11.55746577902913,0.6503408571004536,0.07369261194659872,0,0000,-0.9797299692734038,-1.9797299692734038,gathered_suspension
674,other,11.55888496508283,0.631627524378884,-0.08798143259690727,0,0000,2.966476682164057,1.966476682164057,extended_suspension
675,original,11.605839506853687,0.6488760014305598,0.07367881499917085,0,0000,-0.978882971412667,-1.978882971412667,gathered_suspension
675,other,11.607249692308995,0.6302035862197212,-0.08794090407111936,0,0000,2.9653172028302333,1.9653172028302333,extended_suspension
676,original,11.654220937478783,0.6474093891888871,0.07366483309748366,0,0000,-0.9780276757847732,-1.9780276757847732,gathered_suspension
676,other,11.655622212715771,0.6287776704022272,-0.0879003608013886,0,0000,2.9641493828094068,1.9641493828094068,extended_suspension
677,original,11.702609959215012,0.645940996306315,0.07365066497267958,0,0000,-0.9771646435358415,-1.9771646435358416,gathered_suspension
677,other,11.70400241334123,0.6273497553023814,-0.0878598000481587,0,0000,2.962973815008185,1.9629738150081848,extended_suspension
678,original,11.751006462080515,0.6444707983493331,0.07363630936421747,0,0000,-0.9762944324393552,-1.9762944324393552,gathered_suspension
678,other,11.752390182944762,0.6259198190154739,-0.08781921902627166,0,0000,2.961791089087967,1.961791089087967,extended_suspension
679,original,11.799410335831693,0.6429987706226713,0.07362176499574415,0,0000,-0.9754175969344827,-1.9754175969344827,gathered_suspension
679,other,11.800785410044684,0.6244878393661939,-0.08777861494044699,0,0000,2.960601791509485,1.960601791509485,extended_suspension
680,original,11.847821469934006,0.6415248881641052,0.07360703057452059,0,0000,-0.9745346880909664,-1.9745346880909664,gathered_suspension
680,other,11.849187982888544,0.6230537939037009,-0.08773798498460703,0,0000,2.959406505504438,1.9594065055044378,extended_suspension
681,original,11.896239753533262,0.6400491257389861,0.07359210479083989,0,0000,-0.9736462535742241,-1.973646253574224,gathered_suspension
681,other,11.897597789424083,0.6216176598965053,-0.08769732634118425,0,0000,2.958205811048199,1.9582058110481988,extended_suspension
682,original,11.944665075424808,0.6385714578348033,0.07357698631742833,0,0000,-0.9727528376108389,-1.9727528376108387,gathered_suspension
682,other,11.946014717268048,0.6201794143272766,-0.08765663618045945,0,0000,2.957000284832531,1.9570002848325312,extended_suspension
683,original,11.993097324024061,0.6370918586555735,0.07356167380885668,0,0000,-0.9718549809541457,-1.9718549809541457,gathered_suspension
683,other,11.99443865367624,0.6187390338874698,-0.08761591165983386,0,0000,2.9557905002387024,1.9557905002387024,extended_suspension
684,original,12.041536387336437,0.6356103021160382,0.0735461659009406,0,0000,-0.9709532208500888,-1.9709532208500888,gathered_suspension
684,other,12.042869485513139,0.6172964949718653,-0.08757514992313263,0,0000,2.954577027311277,1.9545770273112768,extended_suspension
685,original,12.089982152923575,0.6341267618357396,0.07353046121011053,0,0000,-0.9700480910033935,-1.9700480910033935,gathered_suspension
685,other,12.091307099217673,0.6158517736728745,-0.08753434809995243,0,0000,2.9533604327319534,1.9533604327319534,extended_suspension
686,original,12.138434506932319,0.6326412111853044,0.07351455832128508,0,0000,-0.9691401215856925,-1.9691401215856925,gathered_suspension
686,other,12.139751379835214,0.6144048457831353,-0.08749350332209596,0,0000,2.9521412798306983,1.9521412798306983,extended_suspension
687,original,12.18689333774002,0.6311536230760125,0.07349845583223258,0,0000,-0.9682298390382433,-1.9682298390382433,gathered_suspension
687,other,12.188202214649493,0.6129556867571604,-0.08745261265560711,0,0000,2.9509201284164295,1.9509201284164295,extended_suspension
688,original,12.23535853176404,0.6296639701843064,0.07348215230210745,0,0000,-0.9673177662215051,-1.9673177662215051,gathered_suspension
688,other,12.236659489006554,0.6115042717414364,-0.08741167317620573,0,0000,2.94969753491448,1.9496975349144798,extended_suspension
689,original,12.283829970906735,0.6281722250848522,0.07346564621982672,0,0000,-0.9664044225010511,-1.966404422501051,gathered_suspension
689,other,12.285123083767987,0.6100505755916731,-0.08737068201423553,0,0000,2.9484740524407123,1.9484740524407123,extended_suspension
690,original,12.332307543664344,0.6266783596260977,0.07344893613996832,0,0000,-0.9654903232054004,-1.9654903232054004,gathered_suspension
690,other,12.333592886380618,0.6085945727660091,-0.08732963615086801,0,0000,2.9472502303404573,1.9472502303404573,extended_suspension
691,original,12.380791133114084,0.6251823455875626,0.07343202053531653,0,0000,-0.9645759801384062,-1.9645759801384062,gathered_suspension
691,other,12.382068778905166,0.6071362374260276,-0.08728853263571697,0,0000,2.9460266146332645,1.9460266146332645,extended_suspension
692,original,12.429280622872158,0.6236841543404983,0.07341489786963268,0,0000,-0.9636619012728913,-1.9636619012728913,gathered_suspension
692,other,12.43055064395293,0.6056755433761221,-0.08724736847679644,0,0000,2.944803747754001,1.9448037477540012,extended_suspension
693,original,12.477775895862866,0.6221837569069201,0.07339756658231354,0,0000,-0.9627485907717717,-1.9627485907717717,gathered_suspension
693,other,12.479038363458795,0.6042124640672573,-0.08720614066154013,0,0000,2.943582168575719,1.9435821685757189,extended_suspension
694,original,12.526276834285685,0.6206811239519995,0.07338002508773411,0,0000,-0.9618365489545283,-1.9618365489545284,gathered_suspension
694,other,12.527531818647999,0.6027469725897693,-0.08716484615593618,0,0000,2.942362412385657,1.9423624123856569,extended_suspension
695,original,12.574783319581941,0.6191762257762407,0.07336227177457866,0,0000,-0.9609262722635952,-1.9609262722635952,gathered_suspension
695,other,12.57603089000249,0.6012790416659575,-0.0871234819036557,0,0000,2.9411450108614177,1.9411450108614177,extended_suspension
696,original,12.623295232400274,0.617669032307471,0.0733443050051504,0,0000,-0.9600182532306876,-1.9600182532306876,gathered_suspension
696,other,12.624535457226111,0.599808643642493,-0.08708204482517233,0,0000,2.9399304920473304,1.9399304920473304,extended_suspension
697,original,12.671812452562738,0.61615951309256,0.07332612311469032,0,0000,-0.9591129804429288,-1.9591129804429288,gathered_suspension
697,other,12.673045399210338,0.5983357504825866,-0.08704053181684017,0,0000,2.938719380330735,1.9387193803307352,extended_suspension
698,original,12.720334859029085,0.6146476372889577,0.07330772441066083,0,0000,-0.9582109385088884,-1.9582109385088884,gathered_suspension
698,other,12.721560593998367,0.5968603337579542,-0.08699893974998127,0,0000,2.937512196418493,1.937512196418493,extended_suspension
699,original,12.768862329861419,0.6131333736559623,0.07328910717203546,0,0000,-0.9573126080243831,-1.9573126080243832,gathered_suspension
699,other,12.770080918749404,0.59538236464055,-0.08695726546992742,0,0000,2.936309457313465,1.936309457313465,extended_suspension
700,original,12.817394742187856,0.611616690545744,0.07327026964856818,0,0000,-0.9564184655380723,-1.9564184655380723,gathered_suspension
700,other,12.81860624970204,0.5939018138940597,-0.08691550579505805,0,0000,2.9351116762910325,1.9351116762910325,extended_suspension
701,original,12.865931972165251,0.610097555894143,0.07325121006004362,0,0000,-0.9555289835168332,-1.9555289835168332,gathered_suspension
701,other,12.86713646213681,0.5924186518651665,-0.08687365751581334,0,0000,2.9339193628755944,1.9339193628755944,extended_suspension
702,original,12.914473894941965,0.6085759372111619,0.07323192659552659,0,0000,-0.9546446303108074,-1.9546446303108074,gathered_suspension
702,other,12.91567143033856,0.5909328484745373,-0.08683171739367447,0,0000,2.9327330228170476,1.9327330228170476,extended_suspension
703,original,12.963020384619025,0.6070518015712263,0.07321241741258028,0,0000,-0.9537658701181955,-1.9537658701181955,gathered_suspension
703,other,12.96421102755744,0.589444373207581,-0.0867896821601401,0,0000,2.931553158067267,1.931553158067267,extended_suspension
704,original,13.011571314234077,0.6055251156072998,0.0731926806358921,0,0000,-0.9528931629964477,-1.9528931629964477,gathered_suspension
704,other,13.01275512599268,0.5879531951069166,-0.08674754851472703,0,0000,2.9303802667335788,1.9303802667335788,extended_suspension
705,original,13.06012655564108,0.603995845483316,0.07317271435895722,0,0000,-0.9520269646391204,-1.9520269646391204,gathered_suspension
705,other,13.06130359667141,0.586459282754472,-0.08670531312742574,0,0000,2.9292148431457967,1.9292148431457967,extended_suspension
706,original,13.108685979557231,0.6024639569112006,0.07315251663911504,0,0000,-0.9511677266213313,-1.9511677266213314,gathered_suspension
706,other,13.10985630949643,0.5849626042738625,-0.08666297263286549,0,0000,2.928057377697592,1.9280573776975918,extended_suspension
707,original,13.157249455504223,0.6009294151192038,0.07313208549999228,0,0000,-0.9503158961734524,-1.9503158961734524,gathered_suspension
707,other,13.158413133186356,0.5834631273112573,-0.08662052363158755,0,0000,2.9269083569108805,1.9269083569108805,extended_suspension
708,original,13.205816851735275,0.5993921848476744,0.07311141892927096,0,0000,-0.9494719161928682,-1.9494719161928682,gathered_suspension
708,other,13.2069739352027,0.5819608190271811,-0.0865779626889432,0,0000,2.925768263388447,1.9257682633884472,extended_suspension
709,original,13.254388035288526,0.5978522303326378,0.07309051487948084,0,0000,-0.9486362252013238,-1.9486362252013238,gathered_suspension
709,other,13.255538581802833,0.5804556460848139,-0.08653528633193211,0,0000,2.924637575797047,1.924637575797047,extended_suspension
710,original,13.30296287169739,0.5963095153058771,0.07306937126319034,0,0000,-0.9478092573192469,-1.947809257319247,gathered_suspension
710,other,13.304106937750653,0.5789475746403558,-0.0864924910528949,0,0000,2.9235167688281076,1.9235167688281076,extended_suspension
711,original,13.35154122520344,0.5947640029706193,0.07304798595610493,0,0000,-0.9469914422134251,-1.9469914422134251,gathered_suspension
711,other,13.352678866528727,0.5774365703298884,-0.08644957330296058,0,0000,2.9224063131922176,1.9224063131922176,extended_suspension
712,original,13.400122958665266,0.5932156559894282,0.07302635679523996,0,0000,-0.946183205059896,-1.946183205059896,gathered_suspension
712,other,13.401254230246797,0.5759225982566516,-0.08640652949201577,0,0000,2.9213066755747596,1.9213066755747596,extended_suspension
713,original,13.448707933377365,0.5916644364791788,0.07300448157623397,0,0000,-0.9453849665108409,-1.945384966510841,gathered_suspension
713,other,13.44983288946104,0.5744056229806054,-0.0863633559896755,0,0000,2.920218318623367,1.920218318623367,extended_suspension
714,original,13.497296009155273,0.5901103059904178,0.07298235805426742,0,0000,-0.944597142646594,-1.944597142646594,gathered_suspension
714,other,13.49841470325844,0.5728856085040945,-0.08632004912132836,0,0000,2.919141700917548,1.9191417009175482,extended_suspension
715,original,13.545887044180517,0.5885532254989728,0.07295998394135506,0,0000,-0.9438201449395915,-1.9438201449395915,gathered_suspension
715,other,13.546999529101958,0.571362518259868,-0.08627660516888973,0,0000,2.9180772769428915,1.9180772769428915,extended_suspension
716,original,13.594480895050001,0.5869931553860803,0.07293735690698877,0,0000,-0.9430543802068987,-1.9430543802068987,gathered_suspension
716,other,13.595587222879326,0.5698363150961497,-0.08623302036734612,0,0000,2.917025497064225,1.917025497064225,extended_suspension
717,original,13.64307741665129,0.5854300554276287,0.07291447457584964,0,0000,-0.9423002505708123,-1.9423002505708125,gathered_suspension
717,other,13.64417763877834,0.5683069612635776,-0.08618929090469732,0,0000,2.9159868074990394,1.9159868074990394,extended_suspension
718,original,13.691676462174321,0.5838638847754001,0.072891334527728,0,0000,-0.9415581534112636,-1.9415581534112636,gathered_suspension
718,other,13.692770629298213,0.566774418399924,-0.08614541291915534,0,0000,2.9149616502897597,1.9149616502897597,extended_suspension
719,original,13.740277882848847,0.5822946019526483,0.07286793429369037,0,0000,-0.9408284813320219,-1.940828481332022,gathered_suspension
719,other,13.741366044987396,0.5652386475175917,-0.08610138250129559,0,0000,2.9139504632806466,1.9139504632806466,extended_suspension
720,original,13.788881528333457,0.5807221648132092,0.07284427136057095,0,0000,-0.9401116220912381,-1.940111622091238,gathered_suspension
720,other,13.789963734831103,0.5636996089828274,-0.08605719568459078,0,0000,2.912953680075974,1.912953680075974,extended_suspension
721,original,13.837487246026148,0.579146530559732,0.07282034316184084,0,0000,-0.9394079585878979,-1.939407958587898,gathered_suspension
721,other,13.838563545563437,0.5621572625074764,-0.0860128484547869,0,0000,2.911971730030293,1.911971730030293,extended_suspension
722,original,13.886094881658645,0.5775676556901465,0.07279614708461463,0,0000,-0.9387178687793734,-1.9387178687793734,gathered_suspension
722,other,13.887165322259765,0.5606115671245413,-0.08596833673673501,0,0000,2.911005038199632,1.9110050381996322,extended_suspension
723,original,13.934704278729905,0.5759854960076954,0.07277168046207991,0,0000,-0.9380417256591539,-1.9380417256591538,gathered_suspension
723,other,13.935768907771411,0.5590624811773932,-0.08592365640143958,0,0000,2.9100540253259513,1.9100540253259513,extended_suspension
724,original,13.98331527869839,0.5744000065882305,0.07274694057540096,0,0000,-0.9373798971931473,-1.9373798971931473,gathered_suspension
724,other,13.984374142916955,0.557509962299032,-0.08587880325978228,0,0000,2.9091191077983956,1.9091191077983956,extended_suspension
725,original,14.031927720805427,0.5728111417674463,0.07272192465097829,0,0000,-0.9367327462745751,-1.9367327462745751,gathered_suspension
725,other,14.03298086630577,0.5559539673954469,-0.08583377306255853,0,0000,2.9082006976246846,1.9082006976246846,extended_suspension
726,original,14.080541442196829,0.5712188551104996,0.07269662986155241,0,0000,-0.9361006306610054,-1.9361006306610054,gathered_suspension
726,other,14.081588914458939,0.5543944526243494,-0.08578856149524988,0,0000,2.907299202394901,1.907299202394901,extended_suspension
727,original,14.129156277241174,0.5696230994255848,0.07267105331685109,0,0000,-0.9354839029531241,-1.9354839029531241,gathered_suspension
727,other,14.130198121128961,0.5528313733837029,-0.08574316418670269,0,0000,2.9064150252606034,1.9064150252606034,extended_suspension
728,original,14.190069643440266,0.5676187244403965,0.07263860495387374,0,0000,-0.9347334226464377,-1.9347334226464377,gathered_suspension
728,other,14.191104497634074,0.5508678097339459,-0.08568601456874664,0,0000,2.905332246620482,1.9053322466204818,extended_suspension
729,original,14.238686369805743,0.5660149759669942,0.0726123827538122,0,0000,-0.9341526278217155,-1.9341526278217156,gathered_suspension
729,other,14.239715694476597,0.5492965323390271,-0.0856401823951205,0,0000,2.9044885402546443,1.9044885402546443,extended_suspension
730,original,14.287303655310687,0.5644075992152565,0.07258586899957883,0,0000,-0.9335883313142541,-1.9335883313142541,gathered_suspension
730,other,14.288327493364484,0.5477215398280195,-0.08559414976727833,0,0000,2.9036634322167627,1.9036634322167627,extended_suspension
731,original,14.335921323940441,0.5627965434049685,0.07255906054546334,0,0000,-0.9330408630393714,-1.9330408630393714,gathered_suspension
731,other,14.336939717695744,0.5461427841067898,-0.08554791200978153,0,0000,2.9028573063479626,1.9028573063479626,extended_suspension
732,original,14.384539196921759,0.5611817568564639,0.07253195418015047,0,0000,-0.9325105474266842,-1.9325105474266842,gathered_suspension
732,other,14.385552188116344,0.544560216202888,-0.08550146437147416,0,0000,2.902070541856149,1.902070541856149,extended_suspension
733,original,14.433157092645011,0.5595631869650669,0.07250454662504274,0,0000,-0.9319977033565033,-1.9319977033565032,gathered_suspension
733,other,14.434164722442372,0.5429737862415348,-0.08545480202294042,0,0000,2.90130351327482,1.90130351327482,extended_suspension
734,original,14.481774826687076,0.55794078016874,0.07247683453388876,0,0000,-0.9315026440891941,-1.931502644089194,gathered_suspension
734,other,14.482777135682172,0.5413834434192469,-0.08540792005207301,0,0000,2.900556590421803,1.900556590421803,extended_suspension
735,original,14.530392211104465,0.5563144819552485,0.072448814483402,0,0000,-0.9310256772296371,-1.9310256772296372,gathered_suspension
735,other,14.531389239331096,0.5397891359866371,-0.0853608134719261,0,0000,2.89983013837055,1.8998301383705498,extended_suspension
736,original,14.579009055604569,0.5546842367638232,0.07242048298701338,0,0000,-0.930567104593795,-1.9305671045937949,gathered_suspension
736,other,14.580000842539325,0.5381908112042806,-0.0853134771963951,0,0000,2.89912451738185,1.8991245173818498,extended_suspension
737,original,14.627625166146242,0.5530499880284322,0.07239183647674943,0,0000,-0.9301272222048594,-1.9301272222048595,gathered_suspension
737,other,14.628611750715386,0.5365884153331915,-0.08526590605967978,0,0000,2.898440082887153,1.898440082887153,extended_suspension
738,original,14.676240345481851,0.5514116781119742,0.07236287130931907,0,0000,-0.9297063201871737,-1.9297063201871736,gathered_suspension
738,other,14.677221766066717,0.5349818935972288,-0.08521809480228802,0,0000,2.8977771854310492,1.8977771854310492,extended_suspension
739,original,14.72485439293334,0.5497692482815391,0.07233358376248875,0,0000,-0.9293046826975886,-1.9293046826975886,gathered_suspension
739,other,14.725830687375518,0.5333711901550771,-0.08517003807011492,0,0000,2.897136170626479,1.8971361706264789,extended_suspension
740,original,14.773467104237824,0.5481226386786158,0.07230397003235006,0,0000,-0.9289225878505903,-1.9289225878505905,gathered_suspension
740,other,14.774438309844502,0.5317562480701439,-0.08512173041207349,0,0000,2.8965173791092917,1.8965173791092917,extended_suspension
741,original,14.822078271481043,0.5464717882827741,0.07227402623181857,0,0000,-0.9285603076365527,-1.9285603076365527,gathered_suspension
741,other,14.82304442503003,0.5301370092778486,-0.085073166276003,0,0000,2.8959211464884484,1.8959211464884484,extended_suspension
742,original,14.870687682921822,0.5448166348800464,0.07224374838738848,0,0000,-0.9282181078427876,-1.9282181078427876,gathered_suspension
742,other,14.871648820666467,0.5285134145533943,-0.08502434000640971,0,0000,2.8953478032950715,1.8953478032950715,extended_suspension
743,original,14.919295122909825,0.5431571150243638,0.07221313243751179,0,0000,-0.9278962479672703,-1.9278962479672703,gathered_suspension
743,other,14.920251280583594,0.5268854034766327,-0.08497524584015745,0,0000,2.8947976749320814,1.8947976749320814,extended_suspension
744,original,14.96790037162307,0.5414931640077524,0.07218217422802221,0,0000,-0.9275949811382727,-1.9275949811382727,gathered_suspension
744,other,14.968851584444542,0.5252529143985288,-0.08492587790532745,0,0000,2.894271081618545,1.894271081618545,extended_suspension
745,original,15.016503205168304,0.5398247158082601,0.07215086951312928,0,0000,-0.9273145540131293,-1.9273145540131293,gathered_suspension
745,other,15.017449507845146,0.5236158844004647,-0.08487623021316892,0,0000,2.893768338340892,1.8937683383408919,extended_suspension
746,original,15.065103395198541,0.5381517030624049,0.07211921394911887,0,0000,-0.9270552066983433,-1.9270552066983433,gathered_suspension
746,other,15.066044821931902,0.5219742492590054,-0.08482629665877048,0,0000,2.8932897547864482,1.8932897547864482,extended_suspension
747,original,15.11370070886692,0.5364740570179327,0.0720872030930054,0,0000,-0.9268171726491363,-1.9268171726491363,gathered_suspension
747,other,15.11463729335564,0.52032794340455,-0.08477607101517895,0,0000,2.892835635289627,1.892835635289627,extended_suspension
748,original,15.162294908674848,0.5347917074901374,0.07205483239976733,0,0000,-0.9266006785709855,-1.9266006785709855,gathered_suspension
748,other,15.163226684119321,0.5186768998795945,-0.08472554692913427,0,0000,2.8924062787721723,1.8924062787721723,extended_suspension
749,original,15.210885752243685,0.5331045828198401,0.07202209721827625,0,0000,-0.9264059443220085,-1.9264059443220085,gathered_suspension
749,other,15.211812751349614,0.5170210502962812,-0.08467471791812967,0,0000,2.8920019786779974,1.8920019786779974,extended_suspension
750,original,15.259472992200587,0.5314126098235056,0.0719889927889653,0,0000,-0.9262331828053175,-1.9262331828053174,gathered_suspension
750,other,15.260395247182773,0.5153603247905921,-0.08462357736485258,0,0000,2.891623022910978,1.891623022910978,extended_suspension
751,original,15.308056375969628,0.5297157137455913,0.07195551424002256,0,0000,-0.9260825998629756,-1.9260825998629756,gathered_suspension
751,other,15.308973918555177,0.5136946519757319,-0.08457211851328633,0,0000,2.8912696937650324,1.8912696937650324,extended_suspension
752,original,15.356635645564445,0.5280138182088934,0.07192165658375493,0,0000,-0.9259543941653021,-1.9259543941653021,gathered_suspension
752,other,15.357548506996395,0.5120239588936834,-0.0845203344641889,0,0000,2.890942267857315,1.890942267857315,extended_suspension
753,original,15.405210537462773,0.5263068451573985,0.07188741471391294,0,0000,-0.9258487570926448,-1.9258487570926448,gathered_suspension
753,other,15.406118748502804,0.510348170963106,-0.08446821816898423,0,0000,2.8906410160570903,1.8906410160570903,extended_suspension
754,original,15.453780782261742,0.5245947148088939,0.07185278339996183,0,0000,-0.9257658726229032,-1.9257658726229032,gathered_suspension
754,other,15.454684373193622,0.5086672119286644,-0.08441576242707506,0,0000,2.8903662034095006,1.8903662034095006,extended_suspension
755,original,15.502346104603568,0.5228773455890725,0.07181775728519535,0,0000,-0.9257059172022548,-1.9257059172022548,gathered_suspension
755,other,15.503245105235646,0.5069810038031751,-0.08436295987805947,0,0000,2.8901180890600715,1.8901180890600715,extended_suspension
756,original,15.550906222879542,0.5211546540756579,0.07178233088169168,0,0000,-0.9256690596213037,-1.9256690596213037,gathered_suspension
756,other,15.551800662547516,0.5052894668112196,-0.08430980299734205,0,0000,2.889896926176996,1.8898969261769958,extended_suspension
757,original,15.599460848991486,0.5194265549358301,0.07174649856593172,0,0000,-0.9256554608836483,-1.9256554608836483,gathered_suspension
757,other,15.60035075656079,0.5035925193290817,-0.08425628409047119,0,0000,2.8897029618675596,1.8897029618675596,extended_suspension
758,original,15.648009688074648,0.5176929608622982,0.07171025457408027,0,0000,-0.9256652740714418,-1.925665274071442,gathered_suspension
758,other,15.648895091942938,0.5018900778222901,-0.08420239528756385,0,0000,2.8895364370940135,1.8895364370940135,extended_suspension
759,original,15.696552438322822,0.5159537825001749,0.07167359299841498,0,0000,-0.9256986442008611,-1.9256986442008612,gathered_suspension
759,other,15.697433366421889,0.5001820567785541,-0.08414812853559801,0,0000,2.889397586586319,1.8893975865863188,extended_suspension
760,original,15.745088790620708,0.5142089283810761,0.07163650778130562,0,0000,-0.9257557080806976,-1.9257557080806977,gathered_suspension
760,other,15.745965270418617,0.4984683686409314,-0.08409347559342943,0,0000,2.889286638751855,1.8892866387518552,extended_suspension
761,original,15.793618428311502,0.5124583048453007,0.07159899271079924,0,0000,-0.9258365941593192,-1.9258365941593192,gathered_suspension
761,other,15.794490486814237,0.49674892373514673,-0.08403842802412087,0,0000,2.8892038155796067,1.8892038155796067,extended_suspension
762,original,15.842141026864944,0.5107018159657963,0.07156104141500762,0,0000,-0.92594142236977,-1.92594142236977,gathered_suspension
762,other,15.843008690618085,0.49502363019532014,-0.08398297718823837,0,0000,2.8891493325448154,1.8891493325448154,extended_suspension
763,original,15.890656253571683,0.5089393634658919,0.07152264735666511,0,0000,-0.9260703039675697,-1.9260703039675697,gathered_suspension
763,other,15.891519548661744,0.49329239388538454,-0.08392711423629841,0,0000,2.889123398507149,1.8891233985071492,extended_suspension
764,original,15.939163767200483,0.5071708466344795,0.07148380382730962,0,0000,-0.9262233413636216,-1.9262233413636216,gathered_suspension
764,other,15.940022719256296,0.49155511831718957,-0.0838708301010881,0,0000,2.889126215607061,1.8891262156070612,extended_suspension
765,original,15.987663217632967,0.5053961622376894,0.07144450394098951,0,0000,-0.9264006279508885,-1.9264006279508885,gathered_suspension
765,other,15.988517851826533,0.4898117045650004,-0.08381411548980804,0,0000,2.889157979155534,1.889157979155534,extended_suspension
766,original,16.036154245549913,0.5036152044220047,0.07140474062872011,0,0000,-0.9266022479219083,-1.9266022479219083,gathered_suspension
766,other,16.03700458659727,0.48806205117441454,-0.08375696087459429,0,0000,2.8892188775248675,1.8892188775248675,extended_suspension
767,original,16.084636481938965,0.5018278646224106,0.07136450663044687,0,0000,-0.9268282760861595,-1.9268282760861595,gathered_suspension
767,other,16.08548255410097,0.48630605407023814,-0.08369935648539183,0,0000,2.8893090920295252,1.8893090920295252,extended_suspension
768,original,16.13310954778733,0.500034031453164,0.07132379448952401,0,0000,-0.9270787776717931,-1.927078777671793,gathered_suspension
768,other,16.13395137486994,0.4845436064552453,-0.0836412922989124,0,0000,2.8894287968066132,1.8894287968066132,extended_suspension
769,original,16.181573053585396,0.4982335906044094,0.07128259654458398,0,0000,-0.9273538081268878,-1.9273538081268877,gathered_suspension
769,other,16.18241065893998,0.48277459870820766,-0.08358275802984451,0,0000,2.8895781586909557,1.8895781586909557,extended_suspension
770,original,16.230026598852564,0.49642642472953735,0.07124090492165874,0,0000,-0.9276534129109852,-1.9276534129109852,gathered_suspension
770,other,16.230860005375824,0.4809989182750921,-0.08352374312101361,0,0000,2.889757337083985,1.889757337083985,extended_suspension
771,original,16.278469771735423,0.4946124133216648,0.07119871152721852,0,0000,-0.9279776272744744,-1.9279776272744744,gathered_suspension
771,other,16.2792990018693,0.4792164495530317,-0.08346423673131316,0,0000,2.8899664838186006,1.8899664838186006,extended_suspension
772,original,16.326902148383866,0.4927914325959762,0.07115600803840957,0,0000,-0.9283264760372263,-1.9283264760372263,gathered_suspension
772,other,16.327727224114884,0.47742707377282406,-0.08340422772616318,0,0000,2.8902057430215344,1.8902057430215344,extended_suspension
773,original,16.37532329251563,0.490963355351845,0.07111278589535752,0,0000,-0.928699973350035,-1.928699973350035,gathered_suspension
773,other,16.37614423537451,0.4756306688701812,-0.08334370466421946,0,0000,2.890475250963819,1.890475250963819,extended_suspension
774,original,16.42373275475993,0.48912805083957706,0.07106903629096255,0,0000,-0.9290981224538408,-1.9290981224538408,gathered_suspension
774,other,16.4245495858204,0.47382710935440936,-0.0832826557862981,0,0000,2.890775135909966,1.890775135909966,extended_suspension
775,original,16.472130072093737,0.4872853846153183,0.07102475016161422,0,0000,-0.9295209154217463,-1.9295209154217463,gathered_suspension
775,other,16.472942811971585,0.4720162661692651,-0.08322106900125036,0,0000,2.891105517968424,1.8911055179684242,extended_suspension
776,original,16.520514767173296,0.48543521838609355,0.07097991817646153,0,0000,-0.9299683328988861,-1.9299683328988861,gathered_suspension
776,other,16.521323436024794,0.47019800654405375,-0.08315893187339655,0,0000,2.8914665089142337,1.8914665089142337,extended_suspension
777,original,16.568886347722863,0.4835774098465434,0.07093453072761653,0,0000,-0.9304403438222649,-1.9304403438222648,gathered_suspension
777,other,16.569690965243097,0.4683721938380474,-0.08309623160652146,0,0000,2.891858212029864,1.891858212029864,extended_suspension
778,original,16.617244305729646,0.4817118125140066,0.07088857791762057,0,0000,-0.9309369051368205,-1.9309369051368206,gathered_suspension
778,other,16.618044891150433,0.46653868737865,-0.08303295503010927,0,0000,2.8922807219232665,1.8922807219232665,extended_suspension
779,original,16.665588116623194,0.47983827555301845,0.0708420495466142,0,0000,-0.9314579614969758,-1.9314579614969758,gathered_suspension
779,other,16.66638468871111,0.4646973422903074,-0.08296908858424236,0,0000,2.892734124342626,1.892734124342626,extended_suspension
780,original,16.713917238621885,0.4779566435758331,0.07079493510192436,0,0000,-0.9320034449494488,-1.9320034449494488,gathered_suspension
780,other,16.71470981567546,0.46284800930807735,-0.08290461830002677,0,0000,2.893218495989063,1.8932184959890632,extended_suspension
781,original,16.762231111797337,0.47606675644594637,0.0707472237436731,0,0000,-0.932573274610374,-1.932573274610374,gathered_suspension
781,other,16.763019711644134,0.46099053458605904,-0.08283952978308731,0,0000,2.893733904310639,1.893733904310639,extended_suspension
782,original,16.810529157076235,0.47416844907365724,0.07069890428963593,0,0000,-0.9331673563245518,-1.9331673563245517,gathered_suspension
782,other,16.81131379706987,0.459124759497007,-0.08277380819575966,0,0000,2.8942804072983392,1.8942804072983392,extended_suspension
783,original,16.85881077535547,0.4722615511853883,0.07064996520159972,0,0000,-0.9337855823078731,-1.9337855823078731,gathered_suspension
783,other,16.859591472371832,0.45725052041374153,-0.08270743823573021,0,0000,2.8948580532658164,1.8948580532658164,extended_suspension
784,original,16.90707534638478,0.47034588709114034,0.07060039456869345,0,0000,-0.9344278307773723,-1.9344278307773723,gathered_suspension
784,other,16.907852116818123,0.45536764848256683,-0.0826404041162076,0,0000,2.89546688062227,1.89546688062227,extended_suspension
785,original,16.95532222758693,0.46842127543855083,0.07055018008969009,0,0000,-0.9350939655624455,-1.9350939655624455,gathered_suspension
785,other,16.956095087345915,0.45347596938382456,-0.08257268954473565,0,0000,2.8961069176315264,1.8961069176315264,extended_suspension
786,original,17.0035507531362,0.4664875289302038,0.07049930905902116,0,0000,-0.9357838356894577,-1.9357838356894577,gathered_suspension
786,other,17.00431971763886,0.4515753030686339,-0.08250427769501839,0,0000,2.8967781821750247,1.8967781821750247,extended_suspension
787,original,17.05176023230518,0.46454445406537537,0.07044776834300152,0,0000,-0.936497274965086,-1.936497274965086,gathered_suspension
787,other,17.052525316474014,0.44966546349677966,-0.08243515118825964,0,0000,2.89748068148084,1.89748068148084,extended_suspension
788,original,17.099949948379315,0.46259185082342386,0.07039554436346693,0,0000,-0.9372341015198093,-1.9372341015198093,gathered_suspension
788,other,17.10071116663582,0.44774625834103654,-0.08236529206214588,0,0000,2.898214411859462,1.898214411859462,extended_suspension
789,original,17.148119157037787,0.46062951235580424,0.07034262307469923,0,0000,-0.9379941173420284,-1.9379941173420283,gathered_suspension
789,other,17.148876523296327,0.44581748868455795,-0.0822946817452373,0,0000,2.89897935841672,1.89897935841672,extended_suspension
790,original,17.196267084807175,0.45865722464634834,0.07028898994124322,0,0000,-0.9387771077834473,-1.9387771077834473,gathered_suspension
790,other,17.197020612468826,0.4438789486939843,-0.08222330102681051,0,0000,2.8997754947570566,1.8997754947570566,extended_suspension
791,original,17.244392927451045,0.4566747661481321,0.07023462991476534,0,0000,-0.9395828410370581,-1.9395828410370581,gathered_suspension
791,other,17.245142629396412,0.4419304252711959,-0.08215113002394439,0,0000,2.9006027826739356,1.9006027826739356,extended_suspension
792,original,17.292495848078598,0.45468190740323755,0.07017952740767487,0,0000,-0.9404110675953217,-1.9404110675953217,gathered_suspension
792,other,17.293241736660633,0.43997169768417865,-0.08207814814931216,0,0000,2.901461171819866,1.9014611718198662,extended_suspension
793,original,17.340574975248494,0.4526784106335753,0.070123666266548,0,0000,-0.9412615196713018,-1.941261519671302,gathered_suspension
793,other,17.34131706228405,0.4380025371730461,-0.08200433407422147,0,0000,2.902350599367167,1.9023505993671672,extended_suspension
794,original,17.388629400685687,0.4506640293153015,0.07006702974097047,0,0000,-0.9421339105986706,-1.9421339105986706,gathered_suspension
794,other,17.389367697447366,0.4360227065332664,-0.08192966569346108,0,0000,2.9032709896395144,1.9032709896395144,extended_suspension
795,original,17.43665817738959,0.44863850769270214,0.07000960045698144,0,0000,-0.9430279341817509,-1.943027934181751,gathered_suspension
795,other,17.43739269459628,0.43403195965798835,-0.08185412007844002,0,0000,2.9042222537471827,1.9042222537471827,extended_suspension
796,original,17.484660316842216,0.44660158029906427,0.06995136037986435,0,0000,-0.9439432640321084,-1.9439432640321084,gathered_suspension
796,other,17.485391064649267,0.43203004106452525,-0.08177767343961201,0,0000,2.905204289172089,1.9052042891720888,extended_suspension
797,original,17.532634786527932,0.4445529714164885,0.06989229078060126,0,0000,-0.9448795528500775,-1.9448795528500775,gathered_suspension
797,other,17.533361774516454,0.4300166853772932,-0.08170030107724091,0,0000,2.9062169793529327,1.9062169793529327,extended_suspension
798,original,17.58058050691908,0.44249239451774264,0.06983237219616154,0,0000,-0.9458364316707334,-1.9458364316707333,gathered_suspension
798,other,17.581303744085027,0.42799161678267794,-0.081621977333936,0,0000,2.9072601932437188,1.9072601932437188,extended_suspension
799,original,17.628496348803203,0.4404195516249178,0.06977158439402992,0,0000,-0.9468135090603484,-1.9468135090603484,gathered_suspension
799,other,17.62921584354449,0.4259545484240446,-0.08154267553496801,0,0000,2.908333784852031,1.9083337848520312,extended_suspension
800,original,17.676381129357587,0.43833413269241017,0.06970990632156135,0,0000,-0.9478103702767959,-1.947810370276796,gathered_suspension
800,other,17.677096889461787,0.42390518178592773,-0.0814623679400816,0,0000,2.909437592726105,1.9094375927261051,extended_suspension
801,original,17.72423360896192,0.43623581487055896,0.06964731606485715,0,0000,-0.9488265763627132,-1.948826576362713,gathered_suspension
801,other,17.724945641592026,0.42184320599774544,-0.08138102567500806,0,0000,2.9105714394469677,1.9105714394469677,extended_suspension
802,original,17.772052486960337,0.43412426176807634,0.06958379079508027,0,0000,-0.9498616631906134,-1.9498616631906134,gathered_suspension
802,other,17.772760798640007,0.419768297110834,-0.08129861866961495,0,0000,2.911735131066587,1.911735131066587,extended_suspension
803,original,17.819836397523762,0.43199912261865303,0.06951930671634343,0,0000,-0.9509151404460945,-1.9509151404460945,gathered_suspension
803,other,17.820540994121437,0.4176801172999783,-0.08121511558478908,0,0000,2.9129284565199267,1.9129284565199267,extended_suspension
804,original,17.867583904867438,0.4298600314107494,0.06945383900649829,0,0000,-0.9519864905380857,-1.9519864905380857,gathered_suspension
804,other,17.86828479157941,0.41557831401768774,-0.08113048373652687,0,0000,2.9141511870048102,1.9141511870048102,extended_suspension
805,original,17.91529349810979,0.427706605933495,0.06938736175404213,0,0000,-0.9530751674428568,-1.9530751674428568,gathered_suspension
805,other,17.915990679441812,0.41346251907238707,-0.08104468901395682,0,0000,2.915403075309893,1.915403075309893,extended_suspension
806,original,17.962963585710266,0.42553844674403196,0.06931984789069767,0,0000,-0.9541805954649547,-1.9541805954649547,gathered_suspension
806,other,17.963657065458186,0.41133234763175086,-0.08095769578944689,0,0000,2.9166838551112155,1.9166838551112155,extended_suspension
807,original,18.010592489236675,0.423355136060637,0.0692512691168948,0,0000,-0.9553021679111104,-1.9553021679111104,gathered_suspension
807,other,18.0112822704657,0.40918739714937735,-0.0808694668233479,0,0000,2.9179932402143,1.9179932402143,extended_suspension
808,original,18.058178436668076,0.4211562365527734,0.0691815958226914,0,0000,-0.9564392456668378,-1.9564392456668378,gathered_suspension
808,other,18.05886452169026,0.407027246196072,-0.08077996315866953,0,0000,2.9193309237509393,1.9193309237509393,extended_suspension
809,original,18.105719554990277,0.41894129002900193,0.06911079700143986,0,0000,-0.9575911556700164,-1.9575911556700163,gathered_suspension
809,other,18.106401945340632,0.4048514531916138,-0.08068914400768888,0,0000,2.920696577314602,1.9206965773146019,extended_suspension
810,original,18.153213861792587,0.41670981602692725,0.0690388401530527,0,0000,-0.9587571892711549,-1.958757189271155,gathered_suspension
810,other,18.153892558203673,0.402659555033955,-0.0805969666327544,0,0000,2.922089850022796,1.9220898500227959,extended_suspension
811,original,18.200659256666977,0.4144613102363112,0.06896569118663906,0,0000,-0.959936600458397,-1.9599366004583971,gathered_suspension
811,other,18.2013342590409,0.40045106558641996,-0.08050338620572978,0,0000,2.923510367546349,1.9235103675463492,extended_suspension
812,original,18.248053510883086,0.4121952428333452,0.06889131430479933,0,0000,-0.9611286039483105,-1.9611286039483105,gathered_suspension
812,other,18.248724818262243,0.39822547405477976,-0.0804083556678,0,0000,2.924957731022329,1.924957731022329,extended_suspension
813,original,18.295394256412866,0.40991105662877525,0.06881567188274366,0,0000,-0.9623323731191815,-1.9623323731191815,gathered_suspension
813,other,18.296061866947976,0.395982243198119,-0.0803118255694234,0,0000,2.926431515903418,1.9264315159034182,extended_suspension
814,original,18.342678973639547,0.407608165050795,0.06873872433469812,0,0000,-0.9635470377708375,-1.9635470377708375,gathered_suspension
814,other,18.343342884555483,0.39372080737604753,-0.08021374389707196,0,0000,2.927931270708588,1.927931270708588,extended_suspension
815,original,18.389904977629804,0.4052859499399393,0.06866042996711037,0,0000,-0.9647716816909191,-1.964771681690919,gathered_suspension
815,other,18.390565185189264,0.39144057041193225,-0.08011405588414558,0,0000,2.9294565156733414,1.9294565156733414,extended_suspension
816,original,18.437069403369634,0.40294375909097674,0.06858074482347704,0,0000,-0.9660053400047134,-1.9660053400047133,gathered_suspension
816,other,18.43772590283249,0.38914090322715755,-0.08001270379529864,0,0000,2.9310067413081358,1.9310067413081358,extended_suspension
817,original,18.48416918815897,0.40058090362706533,0.06849962250141298,0,0000,-0.9672469962885522,-1.9672469962885522,gathered_suspension
817,other,18.484821973740097,0.386821141280622,-0.07990962670636294,0,0000,2.9325814067745215,1.9325814067745215,extended_suspension
818,original,18.5312010526915,0.3981966550454332,0.06841701396009846,0,0000,-0.9684955794154246,-1.9684955794154246,gathered_suspension
818,other,18.5318501175144,0.384480581714164,-0.07980476025026757,0,0000,2.9341799381522224,1.9341799381522224,extended_suspension
819,original,18.578161479996147,0.39579024195755447,0.06833286730958787,0,0000,-0.9697499600885413,-1.9697499600885413,gathered_suspension
819,other,18.578806816042757,0.3821184802043514,-0.07969803633276842,0,0000,2.935801726562458,1.9358017265624579,extended_suspension
820,original,18.625046690975218,0.3933608465212206,0.06824712756985768,0,0000,-0.9710089470445598,-1.9710089470445598,gathered_suspension
820,other,18.625688289031828,0.3797340474979462,-0.07958938283047304,0,0000,2.9374461260644766,1.9374461260644766,extended_suspension
821,original,18.671852616976153,0.3909076004788117,0.06815973640568695,0,0000,-0.9722712828681481,-1.9722712828681481,gathered_suspension
821,other,18.672490466574967,0.37732644556946776,-0.079478723253144,0,0000,2.939112451352444,1.939112451352444,extended_suspension
822,original,18.71857486985979,0.38842958068636724,0.06807063184385614,0,0000,-0.9735356393629159,-1.973535639362916,gathered_suspension
822,other,18.719208959214193,0.37489478331502857,-0.07936597635108579,0,0000,2.9407999752819967,1.9407999752819967,extended_suspension
823,original,18.765208706029515,0.385925804258559,0.06797974793775957,0,0000,-0.974800612438768,-1.974800612438768,gathered_suspension
823,other,18.76583902196526,0.3724381118238106,-0.07925105570882335,0,0000,2.9425079260239473,1.9425079260239473,extended_suspension
824,original,18.81174898671013,0.38339522307997725,0.06788701440608085,0,0000,-0.9760647164215064,-1.9760647164215064,gathered_suspension
824,other,18.812375514589757,0.369955419064951,-0.079133869272054,0,0000,2.9442354839716494,1.9442354839716494,extended_suspension
825,original,18.858190133143214,0.38083671761713134,0.06779235623422544,0,0000,-0.9773263777193788,-1.9773263777193788,gathered_suspension
825,other,18.858812856782784,0.36744562391541735,-0.07901431880997124,0,0000,2.9459817783336053,1.9459817783336053,extended_suspension
826,original,18.90452607305925,0.3782490901305574,0.06769569320610178,0,0000,-0.9785839277459284,-1.9785839277459285,gathered_suspension
826,other,18.905144974638645,0.36490756954970915,-0.0788922993439831,0,0000,2.947745883206929,1.9477458832069292,extended_suspension
827,original,18.950750181148035,0.3756310569063693,0.06759693939780057,0,0000,-0.9798355949810607,-1.9798355949810607,gathered_suspension
827,other,18.951365241111734,0.3623400159314765,-0.07876769847438088,0,0000,2.9495268132853907,1.9495268132853907,extended_suspension
828,original,18.996855209924945,0.372981239517307,0.06749600260319308,0,0000,-0.9810794960475742,-1.9810794960475742,gathered_suspension
828,other,18.997466406872686,0.35974163135860854,-0.07864039562604973,0,0000,2.951323519011507,1.951323519011507,extended_suspension
829,original,19.04283320768281,0.3702981550839627,0.06739278366615523,0,0000,-0.9823136256283989,-1.9823136256283989,gathered_suspension
829,other,19.0434405182509,0.3571109829903736,-0.07851026122308975,0,0000,2.953134880985159,1.953134880985159,extended_suspension
830,original,19.088675425102096,0.36758020508709655,0.06728717574416465,0,0000,-0.9835358450463944,-1.9835358450463945,gathered_suspension
830,other,19.08927882383158,0.3544465260241058,-0.07837715572004247,0,0000,2.9549597037389836,1.9549597037389836,extended_suspension
831,original,19.13437220581626,0.364825662666202,0.06717906346791976,0,0000,-0.9847438692734319,-1.9847438692734318,gathered_suspension
831,other,19.134971665006272,0.3517465914017628,-0.07824092850213195,0,0000,2.956796708626051,1.956796708626051,extended_suspension
832,original,19.179912855695978,0.3620326582823174,0.06706832196352853,0,0000,-0.9859352520936238,-1.9859352520936238,gathered_suspension
832,other,19.180508345243236,0.3490093718822551,-0.0781014166604794,0,0000,2.958644525550075,1.958644525550075,extended_suspension
833,original,19.22528549012523,0.35919916323377454,0.06695481574758307,0,0000,-0.9871073690804215,-1.9871073690804215,gathered_suspension
833,other,19.22587697734519,0.3462329060672764,-0.0779584435649302,0,0000,2.960501683530619,1.960501683530619,extended_suspension
834,original,19.270476852420405,0.35632297075899383,0.0668383974555475,0,0000,-0.9882573979993743,-1.9882573979993743,gathered_suspension
834,other,19.271064301848114,0.3434150600863156,-0.07781181722816406,0,0000,2.962366599762589,1.9623665997625892,extended_suspension
835,original,19.315472100140184,0.3534016740719473,0.06671890640138588,0,0000,-0.9893822961529202,-1.9893822961529202,gathered_suspension
835,other,19.31605547330407,0.3405535063853746,-0.07766132837430585,0,0000,2.964237567052245,1.964237567052245,extended_suspension
836,original,19.360254533322923,0.3504326422120671,0.06659616678352573,0,0000,-0.9904787739386812,-1.9904787739386811,gathered_suspension
836,other,19.360833788506337,0.3376457000316101,-0.07750674842637995,0,0000,2.966112738224661,1.9661127382246608,extended_suspension
837,original,19.404805313794075,0.3474129883880088,0.06646998599589742,0,0000,-0.9915432643125754,-1.9915432643125754,gathered_suspension
837,other,19.40538040572373,0.33468884886836436,-0.07734782647704569,0,0000,2.96799011048297,1.9679901104829698,extended_suspension
838,original,19.449103000733604,0.34433954298277564,0.06634015166314944,0,0000,-0.9925718860146426,-1.9925718860146426,gathered_suspension
838,other,19.4496738803351,0.33167988533881626,-0.07718428754777147,0,0000,2.9698674998024144,1.9698674998024144,extended_suspension
839,original,19.49312775232291,0.34120842245699956,0.06620646523439314,0,0000,-0.9935604399796242,-1.9935604399796243,gathered_suspension
839,other,19.4936943607471,0.3286151602782069,-0.07701576004554024,0,0000,2.9717427838271053,1.9717427838271053,extended_suspension
840,original,19.495825494765555,0.341013969465608,0.06619805885357785,0,0000,-0.9936198883070111,-1.993619888307011,gathered_suspension
840,other,19.496391844090834,0.32842473121727744,-0.07700528068447125,0,0000,2.97185790357101,1.97185790357101,extended_suspension
841,original,19.49707271002831,0.3409239582019384,0.06619417074433952,0,0000,-0.9936473172283545,-1.9936473172283544,gathered_suspension
841,other,19.497638938953365,0.3283365945109446,-0.0770004227353911,0,0000,2.9719111423057045,1.9719111423057045,extended_suspension
842,original,19.498376309067147,0.3408297998056446,0.0661901074033269,0,0000,-0.993675946638803,-1.993675946638803,gathered_suspension
842,other,19.498942411558946,0.32824440893006274,-0.07699533455812207,0,0000,2.971966801436853,1.971966801436853,extended_suspension
843,original,19.49994338819738,0.34071650512756635,0.06618522306734598,0,0000,-0.9937103095156384,-1.9937103095156385,gathered_suspension
843,other,19.500509337948404,0.32813350308653305,-0.0769892040344756,0,0000,2.972033727986611,1.9720337279866111,extended_suspension
844,original,19.501622934889824,0.3405949513035599,0.06617998865749927,0,0000,-0.9937470739177636,-1.9937470739177636,gathered_suspension
844,other,19.50218872000933,0.32801453084770527,-0.0769826164509429,0,0000,2.9721054794091275,1.9721054794091275,extended_suspension
845,original,19.50332236216299,0.3404718193452358,0.0661746963489421,0,0000,-0.9937842007499444,-1.9937842007499444,gathered_suspension
845,other,19.503887979354335,0.32789404171829856,-0.0769759292678123,0,0000,2.972178107650622,1.9721781076506222,extended_suspension
846,original,19.505098513405407,0.3403429831670045,0.06616916483629053,0,0000,-0.9938229310401512,-1.9938229310401512,gathered_suspension
846,other,19.505663954112933,0.3277679900967534,-0.07696892152235912,0,0000,2.972254038096168,1.972254038096168,extended_suspension
847,original,19.507052640734067,0.34020107339723293,0.06616307117062627,0,0000,-0.9938654653299446,-1.9938654653299446,gathered_suspension
847,other,19.507617886896966,0.3276291531265215,-0.07696119704616665,0,0000,2.9723375942603187,1.9723375942603187,extended_suspension
848,original,19.508958398220713,0.34006253420881405,0.06615709863092833,0,0000,-0.9939068954156524,-1.9939068954156522,gathered_suspension
848,other,19.509523456508155,0.32749357018443065,-0.07695367084382956,0,0000,2.9724190703533737,1.9724190703533737,extended_suspension
849,original,19.510149351721513,0.33997587206778845,0.0661533641796223,0,0000,-0.9939327442975726,-1.9939327442975725,gathered_suspension
849,other,19.510714292207997,0.327408764651341,-0.07694895817321107,0,0000,2.9724699979757547,1.9724699979757547,extended_suspension
850,original,19.51185070062805,0.3398519552404153,0.06614802652613483,0,0000,-0.993969615023002,-1.993969615023002,gathered_suspension
850,other,19.51241547230233,0.32728751239480064,-0.07694221329494323,0,0000,2.972542766130254,1.9725427661302541,extended_suspension
851,original,19.51428106452502,0.3396747059476969,0.06614039607515623,0,0000,-0.9940221698581262,-1.9940221698581262,gathered_suspension
851,other,19.514845593973686,0.3271140946157584,-0.07693255258470692,0,0000,2.9726467453246563,1.9726467453246563,extended_suspension
852,original,19.516016936793108,0.3395479367149368,0.06613494199232908,0,0000,-0.9940596237890335,-1.9940596237890333,gathered_suspension
852,other,19.51658129245311,0.32699008025056686,-0.07692563388553084,0,0000,2.9727210336512595,1.9727210336512595,extended_suspension
