sourceColumn,originalSourceColumn,accepted,nativeResidual,trajectoryMaxStateDifference,meanVelocityDifference,modeMismatchCount,sourceCorrectionApplied,sourceCorrectionNorm
1,,1,2.391935091656957e-12,6.807366700631847e-09,9.752199048307375e-13,0,0,0.0
2,,1,3.0386246359156095e-12,8.245187381082387e-09,9.521272659185342e-13,0,0,0.0
3,,1,2.779704174776448e-12,4.730503376383416e-09,9.610090501155355e-13,0,0,0.0
4,,1,2.2061985004435017e-12,1.7027993534154829e-09,9.14823772291129e-13,0,0,0.0
5,,1,1.8197679263129663e-12,1.218516095324432e-08,8.881784197001252e-13,0,0,0.0
6,,1,2.3638636984657356e-12,4.518624534644873e-09,8.668621376273222e-13,0,0,0.0
7,,1,2.4944936135044924e-12,4.019350746234794e-09,8.313350008393172e-13,0,0,0.0
8,,1,1.926465980846922e-12,7.885585675746296e-09,8.348877145181177e-13,0,0,0.0
9,,1,2.472388858694907e-12,3.6281053871837343e-09,7.531752999057062e-13,0,0,0.0
10,,1,2.0246488280109867e-12,3.3647026915761054e-09,7.833733661755105e-13,0,0,0.0
11,,1,1.934571886008385e-12,3.111129777286103e-09,7.780442956573097e-13,0,0,0.0
12,,1,2.192147015394006e-12,4.358090159829954e-09,6.217248937900877e-13,0,0,0.0
13,,1,1.7933786148998616e-12,3.881640392554505e-09,6.750155989720952e-13,0,0,0.0
14,,1,2.433367012255463e-12,2.4333116548066343e-09,6.306066779870889e-13,0,0,0.0
15,,1,1.8690402606062803e-12,2.5058062832098488e-09,6.021849685566849e-13,0,0,0.0
16,,1,1.9527938569636563e-12,2.7875695354389473e-09,6.110667527536862e-13,0,0,0.0
17,,1,2.2795958078607944e-12,7.397435396884445e-10,5.595524044110789e-13,0,0,0.0
18,,1,1.2586049811729037e-12,3.1422663773561092e-09,5.808686864838819e-13,0,0,0.0
19,,1,2.6663483310751065e-12,2.47188753394283e-09,5.080380560684716e-13,0,0,0.0
20,,1,1.5958355893993126e-12,5.136313701341815e-10,4.973799150320701e-13,0,0,0.0
21,,1,1.4545411875489475e-12,3.948753732462966e-10,4.654054919228656e-13,0,0,0.0
22,,1,2.731822295073286e-12,1.0533055357717717e-09,5.098144129078719e-13,0,0,0.0
23,,1,1.4392599304385082e-12,4.887089456380751e-10,4.547473508864641e-13,0,0,0.0
24,,1,1.5922247750944113e-12,2.4284781462532136e-09,4.4231285301066237e-13,0,0,0.0
25,,1,2.7408678325203273e-12,1.1805648326209932e-09,4.4941828036826337e-13,0,0,0.0
26,,1,1.1947599515955543e-12,4.981937922275524e-10,4.2810199829546036e-13,0,0,0.0
27,,1,2.3493989060260805e-12,1.4769843859832224e-09,4.192202140984591e-13,0,0,0.0
28,,1,2.3409036904829635e-12,2.445076588904227e-10,3.659295089164516e-13,0,0,0.0
29,,1,1.603656139687691e-12,1.2421297281297097e-09,3.979039320256561e-13,0,0,0.0
30,,1,2.3380224773248743e-12,1.0010822293415175e-09,3.907985046680551e-13,0,0,0.0
31,,1,1.443847098640355e-12,2.0744452730251217e-10,3.304023721284466e-13,0,0,0.0
32,,1,1.9095212640529686e-12,5.438379501539369e-10,3.730349362740526e-13,0,0,0.0
33,,1,3.363292158893368e-12,1.5954503684217254e-09,3.4638958368304884e-13,0,0,0.0
34,,1,2.042558250556575e-12,1.7488321949675294e-09,2.5224267119483557e-13,0,0,0.0
35,,1,1.1568866849274084e-12,3.9917908562426816e-10,2.859934511434403e-13,0,0,0.0
36,,1,1.0903997613268692e-12,4.850306058034094e-10,3.0020430585864233e-13,0,0,0.0
37,,1,1.2783579140442693e-12,9.307446127284592e-10,2.646771690706373e-13,0,0,0.0
38,,1,1.721963512378112e-12,5.47694741094519e-10,2.788880237858393e-13,0,0,0.0
39,,1,2.512137453159271e-12,1.1083363930845567e-09,2.753353101070388e-13,0,0,0.0
40,,1,1.6582794747577974e-12,5.361156332474706e-10,2.042810365310288e-13,0,0,0.0
41,,1,1.4508164188279178e-12,7.272368338367031e-10,2.255973186038318e-13,0,0,0.0
42,,1,1.864204138518556e-12,2.3835730705120157e-10,2.611244553918368e-13,0,0,0.0
43,,1,1.3356462151549041e-12,1.2378072271688009e-10,1.9895196601282805e-13,0,0,0.0
44,,1,1.4982368238735693e-12,4.273224298596832e-10,1.9184653865522705e-13,0,0,0.0
45,,1,1.337375184925721e-12,7.015706529686431e-10,2.0961010704922955e-13,0,0,0.0
46,,1,8.535924629478409e-13,1.0422469217097e-10,1.8829382497642655e-13,0,0,0.0
47,,1,8.596227859439209e-13,6.029217140728071e-10,1.1723955140041653e-13,0,0,0.0
48,,1,1.6547521471706037e-12,7.811521492081308e-10,1.4566126083082054e-13,0,0,0.0
49,,1,9.900687285343999e-13,3.615953980808846e-10,1.0658141036401503e-13,0,0,0.0
50,,1,5.847787829970728e-13,7.71745952066626e-11,1.1723955140041653e-13,0,0,0.0
51,,1,3.1726002419379366e-13,2.2818945803860072e-10,1.1723955140041653e-13,0,0,0.0
52,,1,6.185153963215757e-13,3.1300196823929994e-10,1.4921397450962104e-13,0,0,0.0
53,,1,7.757366968141878e-13,2.9642037124804327e-10,1.1723955140041653e-13,0,0,0.0
54,,1,1.0284978458049657e-12,3.9312323208435483e-10,7.815970093361102e-14,0,0,0.0
55,,1,1.1371633346825884e-12,3.2449832056305184e-10,1.2789769243681803e-13,0,0,0.0
56,,1,1.1201988991437469e-12,3.392097508119841e-10,1.3500311979441904e-13,0,0,0.0
57,,1,1.053053399850594e-12,2.4359065586006803e-10,1.9184653865522705e-13,0,0,0.0
58,,1,7.474618240325936e-13,1.442261831511516e-10,1.1368683772161603e-13,0,0,0.0
59,,1,4.311908276301587e-13,1.0688174458490365e-10,3.552713678800501e-14,0,0,0.0
60,,1,3.4762854288508293e-13,6.34722724284368e-11,1.0302869668521453e-13,0,0,0.0
61,,1,4.82854336748969e-13,1.1560721293609368e-10,8.171241461241152e-14,0,0,0.0
62,,1,3.4314900366995187e-13,9.184578387572721e-11,1.0302869668521453e-13,0,0,0.0
63,,1,2.899865319108379e-13,5.847629097171915e-11,7.460698725481052e-14,0,0,0.0
64,,1,5.28532256383171e-13,2.7013175048901124e-11,1.2079226507921703e-13,0,0,0.0
65,,1,2.615170731985719e-13,7.890416963733898e-11,1.0658141036401503e-13,0,0,0.0
66,,1,4.129120582686831e-13,6.086166568673666e-11,5.684341886080802e-14,0,0,0.0
67,,1,3.6051594552952843e-13,5.3735249369972346e-11,1.1368683772161603e-13,0,0,0.0
68,,1,3.342309732838219e-13,6.240642991960929e-11,7.105427357601002e-14,0,0,0.0
69,,1,6.971152936043163e-13,6.737475094332929e-11,3.552713678800501e-14,0,0,0.0
70,,1,1.237307738783467e-12,6.848284005341691e-11,9.237055564881302e-14,0,0,0.0
71,,1,3.2586104194284654e-12,1.263599508810718e-10,9.592326932761353e-14,0,0,0.0
72,,1,4.509342762428485e-12,1.328800345924121e-10,1.0302869668521453e-13,0,0,0.0
73,,1,3.885613576288533e-12,1.1109367560824061e-10,8.881784197001252e-14,0,0,0.0
74,,1,4.913315968192756e-13,3.348480661584998e-11,1.0302869668521453e-13,0,0,0.0
75,,1,9.523844085901686e-13,4.663675851047379e-11,7.460698725481052e-14,0,0,0.0
76,,1,3.767072427206979e-12,8.152262240145702e-11,7.460698725481052e-14,0,0,0.0
77,,1,2.7096628405656065e-12,5.942353695866228e-11,9.592326932761353e-14,0,0,0.0
78,,1,4.5458605553470963e-13,2.6440220644986598e-11,9.592326932761353e-14,0,0,0.0
79,,1,3.781899294125613e-12,5.481866410018366e-11,1.1368683772161603e-13,0,0,0.0
80,,1,1.1896932565294172e-12,3.392943656502981e-11,3.552713678800501e-14,0,0,0.0
81,,1,2.1466591876997556e-12,4.121007568604661e-11,6.039613253960852e-14,0,0,0.0
82,,1,2.6105926921626394e-12,3.4479748662372175e-11,7.105427357601002e-14,0,0,0.0
83,,1,1.3542606191171455e-12,2.5683708507590223e-11,4.618527782440651e-14,0,0,0.0
84,,1,2.5298772382525988e-12,3.572791048878751e-11,5.3290705182007514e-14,0,0,0.0
85,,1,1.696432457814512e-12,2.8087344508693037e-11,7.105427357601002e-15,0,0,0.0
86,,1,1.3516604029718109e-12,2.325645702677546e-11,7.460698725481052e-14,0,0,0.0
87,,1,3.0307708364341985e-12,3.320587157745352e-11,6.394884621840902e-14,0,0,0.0
88,,1,9.235308074170952e-13,1.2983684564905023e-11,8.881784197001252e-14,0,0,0.0
89,,1,2.8137520328706217e-12,2.430483112825115e-11,4.973799150320701e-14,0,0,0.0
90,,1,2.298620924856916e-12,2.4048917479059715e-11,2.842170943040401e-14,0,0,0.0
91,,1,8.231858218792669e-13,1.1315688096249095e-11,1.1368683772161603e-13,0,0,0.0
92,,1,1.5884422777551954e-12,1.7410267885711066e-11,6.750155989720952e-14,0,0,0.0
93,,1,2.965352628846788e-12,2.03189464892594e-11,3.552713678800501e-14,0,0,0.0
94,,1,1.6807679008841685e-12,1.5695977224990285e-11,6.750155989720952e-14,0,0,0.0
95,,1,8.438724982191284e-13,1.0059489003560109e-11,3.197442310920451e-14,0,0,0.0
96,,1,1.3157497189462643e-12,1.117461177818872e-11,4.618527782440651e-14,0,0,0.0
97,,1,1.3857039823675969e-12,1.2324236361277433e-11,5.684341886080802e-14,0,0,0.0
98,,1,2.328179678258194e-12,1.4727072298498823e-11,5.3290705182007514e-14,0,0,0.0
99,,1,2.40434865628291e-12,1.3291011133584818e-11,7.993605777301127e-14,0,0,0.0
100,,1,2.132304601401768e-12,1.3536939324211358e-11,4.796163466380676e-14,0,0,0.0
101,,1,1.8990936996750237e-12,1.1775599273454835e-11,5.861977570020827e-14,0,0,0.0
102,,1,1.7167982435164838e-12,1.0377898666284392e-11,5.5067062021407764e-14,0,0,0.0
103,,1,1.4579494835252804e-12,9.424728678139094e-12,9.237055564881302e-14,0,0,0.0
104,,1,1.4649093050938898e-12,8.606612830492951e-12,4.263256414560601e-14,0,0,0.0
105,,1,1.4809308709335871e-12,8.251912055178321e-12,3.552713678800501e-14,0,0,0.0
106,,1,1.5565077512272607e-12,8.30141009826332e-12,6.217248937900877e-14,0,0,0.0
107,,1,1.5557614628116478e-12,8.87548257446314e-12,7.105427357601002e-14,0,0,0.0
108,,1,1.8084356973098482e-12,8.315203580966843e-12,8.171241461241152e-14,0,0,0.0
109,,1,1.7631525750226322e-12,8.561839386029248e-12,4.440892098500626e-14,0,0,0.0
110,,1,1.769455844180323e-12,7.472795173390615e-12,3.907985046680551e-14,0,0,0.0
111,,1,1.5401296089686119e-12,6.4865465150906696e-12,8.704148513061227e-14,0,0,0.0
112,,1,1.3083813333756325e-12,6.437873536545453e-12,8.348877145181177e-14,0,0,0.0
113,,1,1.48540646681068e-12,6.716155846366093e-12,7.993605777301127e-14,0,0,0.0
114,,1,1.5553526778308477e-12,6.701185407514227e-12,5.5067062021407764e-14,0,0,0.0
115,,1,1.423016945875698e-12,5.9481941813968905e-12,6.572520305780927e-14,0,0,0.0
116,,1,1.4349164293915722e-12,5.644727466761485e-12,6.927791673660977e-14,0,0,0.0
117,,1,1.665085987253866e-12,5.412383305541851e-12,8.348877145181177e-14,0,0,0.0
118,,1,1.3668770047004573e-12,5.422399578853788e-12,7.105427357601002e-14,0,0,0.0
119,,1,1.481585979442923e-12,5.977020072251393e-12,7.460698725481052e-14,0,0,0.0
120,,1,1.437535612033535e-12,5.325329680131035e-12,8.526512829121202e-14,0,0,0.0
121,,1,1.5424418275823982e-12,4.961936881298632e-12,9.059419880941277e-14,0,0,0.0
122,,1,1.4549040628854746e-12,4.758543969408554e-12,8.704148513061227e-14,0,0,0.0
123,,1,1.426078018126166e-12,5.231004444699913e-12,6.572520305780927e-14,0,0,0.0
124,,1,1.548812044252352e-12,5.40588243288371e-12,1.0125233984581428e-13,0,0,0.0
125,,1,1.4691105477201316e-12,4.427665115943485e-12,9.414691248821327e-14,0,0,0.0
126,,1,1.4072655116190673e-12,4.208518848213833e-12,9.592326932761353e-14,0,0,0.0
127,,1,1.5157983605754404e-12,5.170511443656674e-12,7.105427357601002e-14,0,0,0.0
128,,1,1.4188764905657764e-12,4.562424358414046e-12,9.414691248821327e-14,0,0,0.0
129,,1,1.4164307656428851e-12,3.986885018061875e-12,7.993605777301127e-14,0,0,0.0
130,,1,1.3627392777684088e-12,4.1629093974667514e-12,7.638334409421077e-14,0,0,0.0
131,,1,1.3910548413152114e-12,4.24785113942763e-12,9.237055564881302e-14,0,0,0.0
132,,1,1.3805641804323373e-12,3.5875370162385314e-12,7.815970093361102e-14,0,0,0.0
133,,1,1.3569923727904027e-12,3.8998370868067605e-12,7.105427357601002e-14,0,0,0.0
134,,1,1.4453131571919598e-12,3.968795714026623e-12,8.881784197001252e-14,0,0,0.0
135,,1,1.4287724508610162e-12,3.5055384813075437e-12,9.414691248821327e-14,0,0,0.0
136,,1,1.4588614531947583e-12,3.966399203239342e-12,8.348877145181177e-14,0,0,0.0
137,,1,1.3666979072012353e-12,3.5186750449474504e-12,7.016609515630989e-14,0,0,0.0
138,,1,1.2860932966401732e-12,3.207912622654186e-12,8.171241461241152e-14,0,0,0.0
139,,1,1.4295724841746642e-12,3.689721590557965e-12,7.638334409421077e-14,0,0,0.0
140,,1,1.301884587926417e-12,2.948375357549088e-12,6.927791673660977e-14,0,0,0.0
141,,1,1.4079438606620032e-12,3.520521657339916e-12,8.260059303211165e-14,0,0,0.0
142,,1,1.3101521935027159e-12,2.9303944816729304e-12,8.260059303211165e-14,0,0,0.0
143,,1,1.3419246726419612e-12,3.1068348581780693e-12,6.838973831690964e-14,0,0,0.0
144,,1,1.2724409065587436e-12,2.8715994464629503e-12,7.194245199571014e-14,0,0,0.0
145,,1,1.2367669778668324e-12,2.774510502311982e-12,7.194245199571014e-14,0,0,0.0
146,,1,1.1914575907861895e-12,2.5282015238629523e-12,6.306066779870889e-14,0,0,0.0
147,,1,1.2036157893555978e-12,2.6530321700660374e-12,6.394884621840902e-14,0,0,0.0
148,,1,1.1435531702977035e-12,2.3386582956732467e-12,5.684341886080802e-14,0,0,0.0
149,,1,1.1649675348063902e-12,2.4970205662888557e-12,6.394884621840902e-14,0,0,0.0
150,,1,1.0974628147983208e-12,2.1189984347102846e-12,5.1514348342607263e-14,0,0,0.0
151,,1,1.0531016794354822e-12,2.2570045536347923e-12,6.394884621840902e-14,0,0,0.0
152,,1,1.0150796409092913e-12,1.8927484765204116e-12,5.417888360170764e-14,0,0,0.0
153,,1,9.819853772196975e-13,1.9540032244356974e-12,5.5067062021407764e-14,0,0,0.0
154,,1,8.090822928353337e-13,1.7336548856525325e-12,5.3290705182007514e-14,0,0,0.0
155,,1,7.787236530668772e-13,1.454572100470336e-12,4.796163466380676e-14,0,0,0.0
156,,1,7.451462966700659e-13,1.4626159380777254e-12,4.085620730620576e-14,0,0,0.0
157,,1,7.443596962832841e-13,1.4930088141852107e-12,4.529709940470639e-14,0,0,0.0
158,,1,7.195735242159228e-13,1.383114581014113e-12,4.1744385725905886e-14,0,0,0.0
159,,1,6.489695914792972e-13,1.2907341890645767e-12,3.6415315207705135e-14,0,0,0.0
160,,1,6.227691528601519e-13,1.2257046856726896e-12,3.4638958368304884e-14,0,0,0.0
161,,1,5.607784472764104e-13,1.0755137637219114e-12,2.842170943040401e-14,0,0,0.0
162,,1,5.051993132297792e-13,1.010027817754623e-12,3.4638958368304884e-14,0,0,0.0
163,,1,5.067035430201534e-13,9.938754145467435e-13,3.375077994860476e-14,0,0,0.0
164,,1,4.405353241314927e-13,9.149809625883522e-13,3.68594044175552e-14,0,0,0.0
165,,1,4.3309008085777823e-13,8.98104874859034e-13,3.375077994860476e-14,0,0,0.0
166,,1,4.359696449909284e-13,8.935022464415089e-13,2.5757174171303632e-14,0,0,0.0
167,,1,4.553818880617051e-13,9.246938406983186e-13,2.4868995751603507e-14,0,0,0.0
168,,1,4.602781620062082e-13,1.093429290654448e-12,2.353672812205332e-14,0,0,0.0
169,,1,4.445301005870552e-13,1.212080036815052e-12,3.108624468950438e-14,0,0,0.0
170,,1,4.4060463481717177e-13,9.191788139373928e-13,2.5757174171303632e-14,0,0,0.0
171,,1,4.934323793203884e-13,1.0183116465556283e-12,2.1316282072803006e-14,0,0,0.0
172,,1,4.880964693710884e-13,9.65006052481399e-13,3.197442310920451e-14,0,0,0.0
173,,1,5.145678382366419e-13,1.0483410589765145e-12,3.108624468950438e-14,0,0,0.0
174,,1,5.321694146855173e-13,1.1076313724332486e-12,3.108624468950438e-14,0,0,0.0
175,,1,5.50411531164331e-13,1.0935372869256837e-12,3.730349362740526e-14,0,0,0.0
176,,1,5.56121170015999e-13,1.1067649292810687e-12,4.1744385725905886e-14,0,0,0.0
177,,1,5.345004740057019e-13,1.0861440005073119e-12,5.062616992290714e-14,0,0,0.0
178,,1,5.088422578658801e-13,1.0597623434890543e-12,5.684341886080802e-14,0,0,0.0
179,,1,4.954288180833818e-13,9.068317778295599e-13,7.238654120556021e-14,0,0,0.0
180,,1,4.648848224745309e-13,9.68486875707773e-13,7.593925488436071e-14,0,0,0.0
181,,1,4.360398770131054e-13,8.386961945826171e-13,8.704148513061227e-14,0,0,0.0
182,,1,4.279556314284121e-13,7.611701187201977e-13,8.815170815523743e-14,0,0,0.0
183,,1,4.144225019073233e-13,7.155917845151512e-13,9.126033262418787e-14,0,0,0.0
184,,1,4.248330168571364e-13,7.55635890625243e-13,9.370282327836321e-14,0,0,0.0
185,,1,4.0261039625414296e-13,6.81802836787777e-13,9.259260025373806e-14,0,0,0.0
186,,1,4.112714728293162e-13,7.183635272155076e-13,9.14823772291129e-14,0,0,0.0
187,,1,3.8762842162441924e-13,5.940476851362831e-13,9.015010959956271e-14,0,0,0.0
188,,1,4.307150166459839e-13,7.428317018114518e-13,8.815170815523743e-14,0,0,0.0
189,,1,3.9497234827143317e-13,5.421613678237011e-13,9.348077867343818e-14,0,0,0.0
190,,1,4.053996021069624e-13,5.418640996589545e-13,9.481304630298837e-14,0,0,0.0
191,,1,4.849526887798927e-13,5.446413503703105e-13,9.392486788328824e-14,0,0,0.0
192,,1,4.981696667432527e-13,5.664592598058555e-13,9.825473767932635e-14,0,0,0.0
193,,1,5.309143792267013e-13,6.47683571831602e-13,1.0558220964185239e-13,0,0,0.0
194,,1,6.564935678824676e-13,6.63907021945056e-13,1.0269562977782698e-13,0,0,0.0
195,,1,7.558347554236248e-13,7.65473777504319e-13,1.0758061108617767e-13,0,0,0.0
196,,1,9.353551777950778e-13,8.766628473856917e-13,1.1368683772161603e-13,0,0,0.0
197,,1,1.1570827931051674e-12,1.009854951129942e-12,1.1390888232654106e-13,0,0,0.0
198,,1,9.197268476314198e-13,6.518730221634492e-13,4.085620730620576e-14,0,0,0.0
199,,1,7.916668144932694e-13,8.543112445886903e-13,4.2521541843143495e-14,0,0,0.0
200,,1,7.399463959837979e-13,8.832789943378193e-13,3.83026943495679e-14,0,0,0.0
201,,1,7.263793753699399e-13,6.820460538937222e-13,3.297362383136715e-14,0,0,0.0
202,,1,5.798028870521903e-13,6.254725116668962e-13,2.7644553313166398e-14,0,0,0.0
203,,1,5.647674060522232e-13,5.704851915641119e-13,2.4868995751603507e-14,0,0,0.0
204,,1,5.91995414913595e-13,6.887913097405804e-13,4.5075054799781356e-14,0,0,0.0
205,,1,5.96763104645543e-13,5.784507663940033e-13,2.5923707624997405e-14,0,0,0.0
206,,1,5.679731079794105e-13,6.028508013661377e-13,3.4861002973229915e-14,0,0,0.0
207,,1,5.864158470256603e-13,8.577633384007465e-13,6.794564910705958e-14,0,0,0.0
208,,1,4.853166534306461e-13,5.931524591671502e-13,4.0967229608668276e-14,0,0,0.0
209,,1,4.851226662272105e-13,4.858352472471469e-13,1.459943277382081e-14,0,0,0.0
210,,1,4.729681473715239e-13,5.705762761828475e-13,3.9468428525424315e-14,0,0,0.0
211,,1,4.961970881978519e-13,6.942054046609331e-13,5.684341886080802e-14,0,0,0.0
212,,1,4.782373897245541e-13,6.60154669859259e-13,5.517808432387028e-14,0,0,0.0
213,,1,4.1030996027338294e-13,5.460113769724089e-13,2.9254376698872875e-14,0,0,0.0
214,,1,4.545883638305602e-13,5.782197634238035e-13,3.885780586188048e-14,0,0,0.0
215,,1,4.1093021080286633e-13,5.114146785731802e-13,1.4432899320127035e-14,0,0,0.0
216,,1,4.544227109955695e-13,5.21615622518017e-13,2.1760371282653068e-14,0,0,0.0
217,,1,4.5319523343554376e-13,4.993868727420025e-13,-3.885780586188048e-16,0,0,0.0
218,,1,6.195910950221403e-13,5.446914263129764e-13,3.2585045772748344e-14,0,0,0.0
219,,1,7.283068967312202e-13,5.471411912285225e-13,3.425038030968608e-14,0,0,0.0
220,,1,1.0265952879278493e-12,6.580313668396603e-13,3.036459972349803e-14,0,0,0.0
221,,1,1.515247038351872e-12,9.953570366394862e-13,2.142730437526552e-14,0,0,0.0
222,,1,1.982395509387253e-12,1.3430776190091525e-12,3.008704396734174e-14,0,0,0.0
223,,1,2.471515665950141e-12,1.683553940204734e-12,5.3290705182007514e-14,0,0,0.0
224,,1,2.486313841517925e-12,1.9025412263894716e-12,4.934941344458821e-14,0,0,0.0
225,,1,2.980492262492795e-12,2.2224469627033462e-12,9.836575998178887e-14,0,0,0.0
226,,1,3.351585781088031e-12,2.4875229235345085e-12,1.3711254354120683e-13,0,0,0.0
227,,1,1.3533436899794039e-12,1.2045173855778236e-12,9.092726571680032e-14,0,0,0.0
228,,1,1.4314385866844379e-12,1.3157929105390668e-12,1.1285417045314716e-13,0,0,0.0
229,,1,1.5740993351237247e-12,1.4243407502862822e-12,1.2040368702059823e-13,0,0,0.0
230,,1,1.6331946820595038e-12,1.5691832552923315e-12,1.376676550535194e-13,0,0,0.0
231,,1,1.96159404616503e-12,1.787053676362782e-12,1.4704903961160198e-13,0,0,0.0
232,,1,2.281736102669129e-12,2.0374066873696762e-12,1.603162047558726e-13,0,0,0.0
233,,1,2.526680033604188e-12,2.259364254574534e-12,1.7830181775480014e-13,0,0,0.0
234,,1,3.177075130343922e-12,2.5936467939509673e-12,1.9079182678183315e-13,0,0,0.0
235,,1,3.845455522387325e-12,2.9954074561095263e-12,2.0711210524382295e-13,0,0,0.0
236,,1,3.5032020238794597e-12,2.9561133116486558e-12,2.4147350785597155e-13,0,0,0.0
237,,1,4.3089771455038445e-12,3.3313555540787738e-12,2.5779378631796135e-13,0,0,0.0
238,,1,4.492799420528349e-12,3.4414411520706865e-12,2.8466118351389014e-13,0,0,0.0
239,,1,4.338312533728526e-12,3.358808586759567e-12,3.19300141882195e-13,0,0,0.0
240,,1,4.113589830723126e-12,3.2224753395083064e-12,3.524958103184872e-13,0,0,0.0
241,,1,3.877192040967025e-12,3.1497516251922336e-12,3.8491432263754177e-13,0,0,0.0
242,,1,3.771981311802201e-12,3.168445131576621e-12,4.107825191113079e-13,0,0,0.0
243,,1,3.6762229777711814e-12,3.15804761783446e-12,4.4297898682543746e-13,0,0,0.0
244,,1,3.6053053602789666e-12,3.133174216971799e-12,4.791722574282176e-13,0,0,0.0
245,,1,3.5921861435599163e-12,3.100890288700871e-12,5.171418848703979e-13,0,0,0.0
246,,1,3.5796963411278983e-12,3.0786753340839603e-12,5.383471446407384e-13,0,0,0.0
247,,1,3.5969253483020436e-12,3.155009382907716e-12,5.693223670277803e-13,0,0,0.0
248,,1,3.6510747364969535e-12,3.2794835509661188e-12,6.015188347419098e-13,0,0,0.0
249,,1,3.709660223893931e-12,3.4061642389161135e-12,6.287192988452261e-13,0,0,0.0
250,,1,3.7773999095175195e-12,3.543733482618971e-12,6.555866960411549e-13,0,0,0.0
251,,1,3.831827474907481e-12,3.658326509509417e-12,6.717959522006822e-13,0,0,0.0
252,,1,3.912262453695963e-12,3.807859935354888e-12,6.890044090823721e-13,0,0,0.0
253,,1,4.082799307990844e-12,4.088778689246766e-12,7.117639810871879e-13,0,0,0.0
254,,1,4.1663305725317335e-12,4.2640351259644e-12,7.324141293452158e-13,0,0,0.0
255,,1,4.17644610827045e-12,4.317134465411773e-12,7.576161920042068e-13,0,0,0.0
256,,1,4.2673680274903035e-12,4.5095391171026745e-12,7.736034035588091e-13,0,0,0.0
257,,1,4.467112065599092e-12,4.785623379157354e-12,7.815970093361102e-13,0,0,0.0
258,,1,4.5219783215210116e-12,4.937875405597113e-12,8.093525849517391e-13,0,0,0.0
259,,1,4.435331364046628e-12,4.9556602634389995e-12,8.268941087408166e-13,0,0,0.0
260,,1,4.656771928123427e-12,5.189172396833374e-12,8.282263763703668e-13,0,0,0.0
261,,1,4.601388633922434e-12,5.310292318669467e-12,8.706368959110478e-13,0,0,0.0
262,,1,4.8294509294534596e-12,5.4876667634325956e-12,8.670841822322473e-13,0,0,0.0
263,,1,4.701532270301042e-12,5.638255750073064e-12,9.212630658339549e-13,0,0,0.0
264,,1,4.926104243006962e-12,5.812907119049237e-12,9.241496456979803e-13,0,0,0.0
265,,1,4.9256479460551e-12,6.028441219762937e-12,9.630074515598608e-13,0,0,0.0
266,,1,5.0066214138369056e-12,6.265595804666018e-12,1.0098588631990424e-12,0,0,0.0
267,,1,5.104209786440472e-12,6.477839317962776e-12,1.0338396805309458e-12,0,0,0.0
268,,1,5.282705133486647e-12,6.879439510831877e-12,1.105782132526656e-12,0,0,0.0
269,,1,5.404773803116971e-12,7.109066911062964e-12,1.1337597527472099e-12,0,0,0.0
270,,1,5.624556225909359e-12,7.530222670769986e-12,1.2043699371133698e-12,0,0,0.0
271,,1,5.6587554303650735e-12,7.817279416349118e-12,1.2509993041476264e-12,0,0,0.0
272,,1,5.8287391967414504e-12,7.907535466823458e-12,1.262989712813578e-12,0,0,0.0
273,,1,5.871067240557804e-12,8.458590122115395e-12,1.3535839116229909e-12,0,0,0.0
274,,1,5.9594525224433764e-12,8.523201584058606e-12,1.3595791159559667e-12,0,0,0.0
275,,1,6.087190330877019e-12,8.707762702522428e-12,1.3857803793371204e-12,0,0,0.0
276,,1,6.140085657039757e-12,8.868540620800896e-12,1.4090950628542487e-12,0,0,0.0
277,,1,6.1646583703497315e-12,8.888584389307354e-12,1.404210081545898e-12,0,0,0.0
278,,1,6.339452770455517e-12,9.107332437846621e-12,1.432187701766452e-12,0,0,0.0
279,,1,6.507153558174643e-12,9.450241524258974e-12,1.4859224961583095e-12,0,0,0.0
280,,1,6.523429317362102e-12,9.38711271245158e-12,1.4717116414431075e-12,0,0,0.0
281,,1,6.7219458409012484e-12,9.680648315505355e-12,1.5167866962428889e-12,0,0,0.0
282,,1,6.9284218764810644e-12,9.965653091968141e-12,1.5503154315865686e-12,0,0,0.0
283,,1,6.83012942192309e-12,9.800697989523541e-12,1.5190071422921392e-12,0,0,0.0
284,,1,7.001576322546099e-12,9.98634556338131e-12,1.546762717907768e-12,0,0,0.0
285,,1,7.258908770297701e-12,1.0279526636044494e-11,1.5834000777203983e-12,0,0,0.0
286,,1,7.60629185764332e-12,1.0669866338174853e-11,1.6291412663349547e-12,0,0,0.0
287,,1,7.889649581991297e-12,1.095985073081839e-11,1.6682211168017602e-12,0,0,0.0
288,,1,8.17674278435671e-12,1.1237682371549266e-11,1.6919798895287386e-12,0,0,0.0
289,,1,8.400295976826824e-12,1.140891712618903e-11,1.7059686996390155e-12,0,0,0.0
290,,1,8.690904947359129e-12,1.1660937742854384e-11,1.7337242752546445e-12,0,0,0.0
291,,1,9.065188911559756e-12,1.2004283996135894e-11,1.7668089213884741e-12,0,0,0.0
292,,1,9.376813260787026e-12,1.2262590417298504e-11,1.7859047574120268e-12,0,0,0.0
293,,1,9.74806418188224e-12,1.2573575626157318e-11,1.8189894035458565e-12,0,0,0.0
294,,1,1.0026382880982786e-11,1.2783612690099855e-11,1.8263168755083825e-12,0,0,0.0
295,,1,1.0524429700605188e-11,1.3287546068176848e-11,1.87827531306084e-12,0,0,0.0
296,,1,1.0900604532108259e-11,1.3573822793125957e-11,1.894040480010517e-12,0,0,0.0
297,,1,1.1628363109734043e-11,1.408468220605907e-11,1.9287904606812845e-12,0,0,0.0
298,,1,1.2025436456842394e-11,1.4354035128251252e-11,1.934896687316723e-12,0,0,0.0
299,,1,1.2521192693215403e-11,1.4509748860294436e-11,1.923128323255696e-12,0,0,0.0
300,,1,1.2844441719818657e-11,1.4784175496110438e-11,1.930011706008372e-12,0,0,0.0
301,,1,1.3387679959854351e-11,1.5050332549153412e-11,1.9244605908852463e-12,0,0,0.0
302,,1,1.397982114583592e-11,1.5242227360715073e-11,1.911693026102057e-12,0,0,0.0
303,,1,1.4493444006770645e-11,1.5607470866471687e-11,1.9017010188804306e-12,0,0,0.0
304,,1,1.4911546725246154e-11,1.5697523822811186e-11,1.8745005547771143e-12,0,0,0.0
305,,1,1.5200627502461845e-11,1.5643141533218586e-11,1.842748176272835e-12,0,0,0.0
306,,1,1.532893364384546e-11,1.554498811596831e-11,1.7927881401647028e-12,0,0,0.0
307,,1,1.5322477489455067e-11,1.548105443496573e-11,1.7331691637423319e-12,0,0,0.0
308,,1,1.5699551731802378e-11,1.5377925747760524e-11,1.680877659282487e-12,0,0,0.0
309,,1,1.544592733144705e-11,1.492694701738964e-11,1.59627866480605e-12,0,0,0.0
310,,1,1.5444113276299644e-11,1.45815431131513e-11,1.503464019947387e-12,0,0,0.0
311,,1,1.5258302527662774e-11,1.4032275281753967e-11,1.3984369218178472e-12,0,0,0.0
312,,1,1.490554707089192e-11,1.3502345784458038e-11,1.2997380949286708e-12,0,0,0.0
313,,1,1.4311798947835449e-11,1.2730718603794294e-11,1.1851630787873546e-12,0,0,0.0
314,,1,1.3251681395052879e-11,1.1863866874244502e-11,1.0629275237761249e-12,0,0,0.0
315,,1,1.2677593754116012e-11,1.1111536617851006e-11,9.530154443382344e-13,0,0,0.0
316,,1,1.188031790867231e-11,1.0308137172473735e-11,8.409939411535561e-13,0,0,0.0
317,,1,1.0972663970601526e-11,9.49958300818413e-12,7.397416013077418e-13,0,0,0.0
318,,1,1.040638204959201e-11,8.739429335494141e-12,6.430411758628907e-13,0,0,0.0
319,,1,9.277181775724664e-12,7.894092295021725e-12,5.414557691096888e-13,0,0,0.0
320,,1,8.6466844726626e-12,7.083344491826347e-12,4.50417481090426e-13,0,0,0.0
321,,1,7.520381371782631e-12,6.326205671771755e-12,3.717026686445024e-13,0,0,0.0
322,,1,6.760574378883053e-12,5.681337993793482e-12,3.0375701953744283e-13,0,0,0.0
323,,1,6.274036249382775e-12,5.108943393918036e-12,2.433608869978343e-13,0,0,0.0
324,,1,5.8176637372950335e-12,4.629268528743474e-12,1.900701818158268e-13,0,0,0.0
325,,1,5.176745883816078e-12,4.154237216291301e-12,1.4549472737712676e-13,0,0,0.0
326,,1,4.67700419591871e-12,3.826304296327751e-12,1.1551870571224754e-13,0,0,0.0
327,,1,4.3862530709915845e-12,3.6078893209762505e-12,7.432943149865423e-14,0,0,0.0
328,,1,4.438158931265646e-12,3.5177774979197536e-12,3.835820550079916e-14,0,0,0.0
329,,1,4.2693360598155624e-12,3.450240045065794e-12,1.2656542480726785e-14,0,0,0.0
330,,1,4.4885101366346595e-12,3.443746718891107e-12,-2.2093438190040615e-14,0,0,0.0
331,,1,4.356454613671719e-12,3.4515582633038823e-12,-5.6621374255882984e-14,0,0,0.0
332,,1,4.498772532259544e-12,3.6143925979338993e-12,-9.375833442959447e-14,0,0,0.0
333,,1,3.907158969204278e-12,3.398873443582622e-12,-1.2179146580137967e-13,0,0,0.0
334,,1,4.078725440157905e-12,3.502459408576878e-12,-1.5620837956475953e-13,0,0,0.0
335,,1,3.813882454404204e-12,3.4240669675274045e-12,-1.815214645262131e-13,0,0,0.0
336,,1,3.3699085905912516e-12,3.205277486647644e-12,-1.9917401061775308e-13,0,0,0.0
337,,1,3.664611578738044e-12,3.461992834790079e-12,-2.299826995511012e-13,0,0,0.0
338,,1,3.679124209682803e-12,3.5092952164972155e-12,-2.498001805406602e-13,0,0,0.0
339,,1,3.745495907318386e-12,3.5125906372711364e-12,-2.6345592374354965e-13,0,0,0.0
340,,1,3.8778329801318786e-12,3.59029566804461e-12,-2.768341111902828e-13,0,0,0.0
341,,1,3.9910624405349155e-12,3.5966179084615363e-12,-2.838562718210369e-13,0,0,0.0
342,,1,4.0430565298992736e-12,3.6273346108614407e-12,-2.893241202173158e-13,0,0,0.0
343,,1,2.608711062559742e-12,2.038772732645453e-12,-1.2656542480726785e-13,0,0,0.0
344,,1,2.5298602990577355e-12,1.9213027524362334e-12,-1.222077994356141e-13,0,0,0.0
345,,1,2.4071431228491595e-12,1.9242252521580604e-12,-1.2953527139814014e-13,0,0,0.0
346,,1,2.4887667492441102e-12,2.1613450826208213e-12,-1.538769112130467e-13,0,0,0.0
347,,1,2.1632812180365694e-12,1.6856512093955135e-12,-1.1193823645783141e-13,0,0,0.0
348,,1,2.0496356480836354e-12,1.7052260862221257e-12,-1.1457501614131615e-13,0,0,0.0
349,,1,2.0049289397766965e-12,1.5849360116461277e-12,-1.0197398481182063e-13,0,0,0.0
350,,1,2.0184766295610054e-12,1.7166611054548816e-12,-1.1299294833122531e-13,0,0,0.0
351,,1,1.8506817797266544e-12,1.4566315842647516e-12,-8.587575095475586e-14,0,0,0.0
352,,1,1.9640338507716475e-12,1.7645079227517814e-12,-1.1041167979897182e-13,0,0,0.0
353,,1,1.7711144809755716e-12,1.5162272873042859e-12,-8.225364833691629e-14,0,0,0.0
354,,1,1.8054628326449087e-12,1.5370876070579615e-12,-7.907563492892677e-14,0,0,0.0
355,,1,1.8432456454395e-12,1.5770053599180774e-12,-7.768785614814533e-14,0,0,0.0
356,,1,1.905314837952932e-12,1.6607151583551382e-12,-7.932543510946743e-14,0,0,0.0
357,,1,1.9600781433827142e-12,1.7468997711995783e-12,-7.949196856316121e-14,0,0,0.0
358,,1,2.0282184424130577e-12,1.821218430796487e-12,-7.931155732165962e-14,0,0,0.0
359,,1,2.131244188429535e-12,1.928422809861279e-12,-8.124750872084974e-14,0,0,0.0
360,,1,2.2210342566979685e-12,2.015514083119359e-12,-8.295447662121092e-14,0,0,0.0
361,1,1,1.1608390378700086e-12,2.094150480013089e-12,5.804384750618397e-14,0,0,0.0
362,2,1,1.2459460599629293e-12,2.2134084345563706e-12,5.843242556480277e-14,0,0,0.0
363,3,1,1.377865494325277e-12,2.354821966936599e-12,5.503236755188823e-14,0,0,0.0
364,4,1,1.5455743276363548e-12,2.5269801871979324e-12,5.2791104820926193e-14,0,0,0.0
365,5,1,1.7229724217192784e-12,2.723735071334169e-12,4.861042124382209e-14,0,0,0.0
366,6,1,1.85349208998614e-12,2.9225959756238062e-12,4.894001870425768e-14,0,0,0.0
367,7,1,1.8696113802749705e-12,2.9503691046357936e-12,5.264191860199219e-14,0,0,0.0
368,8,1,1.925359832127351e-12,3.086218188112153e-12,5.817915593731016e-14,0,0,0.0
369,9,1,1.9842742341809245e-12,3.237712455551837e-12,6.526203188972346e-14,0,0,0.0
370,10,1,2.0180403457854424e-12,3.3845878808443463e-12,7.216709868584914e-14,0,0,0.0
371,11,1,1.9932169143802875e-12,3.4835330803813135e-12,7.446690833412539e-14,0,0,0.0
372,12,1,2.2215421924536493e-12,3.4808169531322122e-12,-4.090768196595653e-14,0,0,0.0
373,13,1,2.0257404975254473e-12,3.4892385413486542e-12,7.161025245006059e-14,0,0,0.0
374,14,1,2.092520755439333e-12,3.4298936127077626e-12,6.392976426017327e-14,0,0,0.0
375,15,1,1.9868128475781724e-12,3.263521677377544e-12,6.103451077876798e-14,0,0,0.0
376,16,1,1.823404503579737e-12,3.0481386654877336e-12,5.960162918761114e-14,0,0,0.0
377,17,1,1.5831444437852774e-12,2.8515302592838957e-12,5.800568358971248e-14,0,0,0.0
378,18,1,1.5567698251908155e-12,2.6983944782151112e-12,5.537237335317968e-14,0,0,0.0
379,19,1,1.5516258813454672e-12,2.5656740585686188e-12,4.869021852371702e-14,0,0,0.0
380,20,1,1.4181413643017565e-12,2.400341284769488e-12,4.451994328746878e-14,0,0,0.0
381,21,1,1.2333333122897778e-12,2.270113808069488e-12,4.139050213680662e-14,0,0,0.0
382,22,1,1.3069840412584939e-12,2.1888519420664488e-12,3.9641900873021996e-14,0,0,0.0
383,23,1,1.2428252208099218e-12,2.091823255045699e-12,3.613082055764494e-14,0,0,0.0
384,24,1,1.0686380132454128e-12,1.997015449162513e-12,3.1155633628543455e-14,0,0,0.0
385,25,1,1.1794503109484876e-12,1.9593564375874503e-12,3.5291214395272164e-14,0,0,0.0
386,26,1,1.0776912149624588e-12,1.8592736933985596e-12,2.749189764728044e-14,0,0,0.0
387,27,1,1.0221495222804488e-12,1.8098327238184318e-12,2.8352320491364935e-14,0,0,0.0
388,28,1,1.0406422081414383e-12,1.7561438871623573e-12,2.756128658631951e-14,0,0,0.0
389,29,1,9.410836583194437e-13,1.7131267738260188e-12,2.210731597784843e-14,0,0,0.0
390,30,1,9.964738016286591e-13,1.6650736413547327e-12,2.350897254643769e-14,0,0,0.0
391,31,1,9.213049926777394e-13,1.6371041595146799e-12,1.7569279364693102e-14,0,0,0.0
392,32,1,9.29102215840681e-13,1.5926263283214425e-12,1.7139067942650854e-14,0,0,0.0
393,33,1,9.415535176934765e-13,1.5655388232102523e-12,2.4022450695326825e-14,0,0,0.0
394,34,1,8.41512527387969e-13,1.5586609958564059e-12,3.566591466608315e-15,0,0,0.0
395,35,1,9.089023730495958e-13,1.487477780249672e-12,1.1518563880485999e-14,0,0,0.0
396,36,1,8.928686492131864e-13,1.470006289909454e-12,2.3037127760971998e-14,0,0,0.0
397,37,1,8.508131440409461e-13,1.4294780314418697e-12,1.3572476476042539e-14,0,0,0.0
398,38,1,7.989527115899653e-13,1.3985893982475527e-12,-5.273559366969494e-16,0,0,0.0
399,39,1,7.967307118381814e-13,1.3955596751523783e-12,-7.882583474838611e-15,0,0,0.0
400,40,1,7.905461523243356e-13,1.3777339787879802e-12,-9.409140133698202e-15,0,0,0.0
401,41,1,8.145636644486075e-13,1.3417949736330145e-12,-1.9984014443252818e-15,0,0,0.0
402,42,1,8.552131484259103e-13,1.3367816787412774e-12,1.426636586643326e-14,0,0,0.0
403,43,1,8.532774121466719e-13,1.2897723755252559e-12,-1.1574075031717257e-14,0,0,0.0
404,44,1,8.123627469328711e-13,1.2781327791710115e-12,1.942890293094024e-15,0,0,0.0
405,45,1,7.96307200135568e-13,1.2505558395522285e-12,-3.211320098728265e-14,0,0,0.0
406,46,1,8.715627661222556e-13,1.254664395642343e-12,-1.479372180313021e-14,0,0,0.0
407,47,1,8.604770125440255e-13,1.2514493628444552e-12,-1.1157741397482823e-14,0,0,0.0
408,48,1,8.744911548398673e-13,1.2535775089891167e-12,-2.7450264283856995e-14,0,0,0.0
409,49,1,8.452163604111128e-13,1.267405236728083e-12,-3.430589146091734e-14,0,0,0.0
410,50,1,8.792846966449825e-13,1.2693311372339302e-12,9.492406860545088e-15,0,0,0.0
411,51,1,9.283038433347287e-13,1.298523236609425e-12,-4.188316360398403e-14,0,0,0.0
412,52,1,9.175830555485266e-13,1.2998756456746524e-12,8.104628079763643e-15,0,0,0.0
413,53,1,9.496392601137945e-13,1.3521975193642267e-12,-5.082045895221654e-14,0,0,0.0
414,54,1,1.03652845219527e-12,1.4253861902764235e-12,-4.116151863797768e-14,0,0,0.0
415,55,1,1.016458936506473e-12,1.4049629242693786e-12,7.494005416219807e-15,0,0,0.0
416,56,1,1.0509141945517864e-12,1.442820303734143e-12,-5.204170427930421e-14,0,0,0.0
417,57,1,1.1238558179773564e-12,1.4656512405394265e-12,-3.2057689836051395e-14,0,0,0.0
418,58,1,1.113905310659986e-12,1.5450221976014744e-12,-1.8318679906315083e-15,0,0,0.0
419,59,1,1.2490149433187509e-12,1.5895127202760353e-12,8.271161533457416e-15,0,0,0.0
420,60,1,1.291942698611235e-12,1.7211497245368641e-12,7.577272143066693e-15,0,0,0.0
421,61,1,1.3527392648729743e-12,1.678275298595573e-12,4.135580766728708e-15,0,0,0.0
422,62,1,1.434387556662532e-12,1.833457595440754e-12,5.023759186428833e-15,0,0,0.0
423,63,1,1.4569434382144595e-12,1.6887062889418152e-12,3.7136960173711486e-14,0,0,0.0
424,64,1,1.5372048949532747e-12,1.812859648461758e-12,4.718447854656915e-16,0,0,0.0
425,65,1,1.5879479728967058e-12,1.9332789025888392e-12,3.70536934468646e-14,0,0,0.0
426,66,1,1.667184631999155e-12,1.822298159067137e-12,1.3322676295501878e-15,0,0,0.0
427,67,1,1.7125997681876725e-12,1.8055778059902463e-12,2.756128658631951e-14,0,0,0.0
428,68,1,1.782640856131944e-12,1.8608298527713573e-12,7.771561172376096e-15,0,0,0.0
429,69,1,1.829230522995671e-12,1.907683239748831e-12,5.995204332975845e-15,0,0,0.0
430,70,1,1.8907052547197854e-12,1.908643031896131e-12,2.2815083156046967e-14,0,0,0.0
431,71,1,1.941792889032575e-12,2.0153793774817663e-12,-7.16093850883226e-15,0,0,0.0
432,72,1,1.996856896034757e-12,2.006818395699363e-12,-1.3877787807814457e-15,0,0,0.0
433,73,1,2.0405380831171644e-12,2.237603675875998e-12,1.6209256159527285e-14,0,0,0.0
434,74,1,2.046021304658835e-12,2.0431794075000032e-12,-8.548717289613705e-15,0,0,0.0
435,75,1,2.1218470456950122e-12,2.2484450328097673e-12,-2.6256774532384952e-14,0,0,0.0
436,76,1,2.1396638385185437e-12,2.0999353567192065e-12,-3.0753177782116836e-14,0,0,0.0
437,77,1,2.186818470306229e-12,2.3128490752355446e-12,-1.5765166949677223e-14,0,0,0.0
438,78,1,2.2365695968551124e-12,2.3066576686956398e-12,-1.2712053631958042e-14,0,0,0.0
439,79,1,2.2863650518131787e-12,2.265389657284475e-12,-4.5574655160862676e-14,0,0,0.0
440,80,1,2.3043995693796324e-12,2.289221361038557e-12,-3.219646771412954e-14,0,0,0.0
441,81,1,2.324334153415074e-12,2.287678477882717e-12,-4.163336342344337e-14,0,0,0.0
442,82,1,2.3878226798556073e-12,2.346544641534829e-12,-6.850076061937216e-14,0,0,0.0
443,83,1,2.3474065708026445e-12,2.482751258937362e-12,-4.7628567756419216e-14,0,0,0.0
444,84,1,2.3768861476014325e-12,2.3179170919081087e-12,-7.4495964952348e-14,0,0,0.0
445,85,1,2.2628536566955104e-12,2.258700496381021e-12,-5.706546346573305e-14,0,0,0.0
446,86,1,2.274335314730586e-12,2.498680259236672e-12,-8.254508188088039e-14,0,0,0.0
447,87,1,2.150596444925306e-12,2.1479675683330697e-12,-6.444844657949034e-14,0,0,0.0
448,88,1,2.1470870008710638e-12,2.2902081279529067e-12,-9.336975637097567e-14,0,0,0.0
449,89,1,1.989170534040583e-12,2.2855168308488163e-12,-7.110978472724128e-14,0,0,0.0
450,90,1,2.0168000298285445e-12,1.9943236868160138e-12,-1.0591527654923993e-13,0,0,0.0
451,91,1,1.8824131256329015e-12,2.0078250040098286e-12,-8.165690346118026e-14,0,0,0.0
452,92,1,1.8672004993057243e-12,1.8491260084351197e-12,-1.0252909632413321e-13,0,0,0.0
453,93,1,1.853968870220689e-12,1.995710663685926e-12,-1.0630385460785874e-13,0,0,0.0
454,94,1,1.7888425202406888e-12,2.0255289754352844e-12,-8.398837181289309e-14,0,0,0.0
455,95,1,1.9298587932045858e-12,1.884935109083951e-12,-1.2678746941219288e-13,0,0,0.0
456,96,1,1.7851066477575664e-12,2.062432933867691e-12,-1.0325074129013956e-13,0,0,0.0
457,97,1,1.7903656115018067e-12,1.900540084486897e-12,-1.1107781361374691e-13,0,0,0.0
458,98,1,1.8501495825846488e-12,1.984008428683019e-12,-1.234568003383174e-13,0,0,0.0
459,99,1,1.7824207260067899e-12,1.813630927668018e-12,-1.0969003483296547e-13,0,0,0.0
460,100,1,1.925215786111554e-12,1.922975467244981e-12,-1.4444001550373287e-13,0,0,0.0
461,101,1,1.8707842700038144e-12,1.76832330719578e-12,-1.270095140171179e-13,0,0,0.0
462,102,1,1.8148118662819827e-12,1.920421558139723e-12,-1.092459456231154e-13,0,0,0.0
463,103,1,1.9333398123327845e-12,1.7804076288699668e-12,-1.5187850976872141e-13,0,0,0.0
464,104,1,2.0574221780457214e-12,1.9206962131386952e-12,-1.6775469902086115e-13,0,0,0.0
465,105,1,2.0857530591657495e-12,1.8752348549628973e-12,-1.7286172493413687e-13,0,0,0.0
466,106,1,2.0088197372041276e-12,1.8043274259689183e-12,-1.5709655798445965e-13,0,0,0.0
467,107,1,1.9873065370912613e-12,1.7796294015666977e-12,-1.2956302697375577e-13,0,0,0.0
468,108,1,2.115458942970242e-12,1.7811840766010994e-12,-1.815214645262131e-13,0,0,0.0
469,109,1,2.043410914420716e-12,1.9609268734174383e-12,-1.538769112130467e-13,0,0,0.0
470,110,1,2.1876077251995077e-12,1.8625390424664894e-12,-1.8918200339612667e-13,0,0,0.0
471,111,1,2.1398020767963235e-12,1.862453851100112e-12,-1.3378187446733136e-13,0,0,0.0
472,112,1,2.152567165561449e-12,1.7639984035489508e-12,-1.8396395518038844e-13,0,0,0.0
473,113,1,2.4645910896441203e-12,2.197728206392217e-12,-2.204902926905561e-13,0,0,0.0
474,114,1,2.216250587045045e-12,1.7909431527538117e-12,-1.9018120411828932e-13,0,0,0.0
475,115,1,2.189644844501146e-12,1.859974881657288e-12,-1.59539048638635e-13,0,0,0.0
476,116,1,2.2761747739327245e-12,1.91725994826767e-12,-1.5698553568199713e-13,0,0,0.0
477,117,1,2.340529224890581e-12,1.866850691628276e-12,-1.5076828674409626e-13,0,0,0.0
478,118,1,2.3390454053907227e-12,1.85619459422049e-12,-1.5942802633617248e-13,0,0,0.0
479,119,1,2.3163767789178493e-12,1.8392123343486187e-12,-1.978417429882029e-13,0,0,0.0
480,120,1,2.6265228039002846e-12,2.3129437385261092e-12,-2.461364445593972e-13,0,0,0.0
481,121,1,2.7983029755541056e-12,2.5494932131220492e-12,-2.6290081223123707e-13,0,0,0.0
482,122,1,2.4597680185905706e-12,2.027997366492478e-12,-2.3037127760972e-13,0,0,0.0
483,123,1,2.4432223900556164e-12,1.9055818523171893e-12,-1.8540724511240114e-13,0,0,0.0
484,124,1,2.588408936950226e-12,2.067047911036684e-12,-1.716404796070492e-13,0,0,0.0
485,125,1,2.5261960148264596e-12,2.0668894715571943e-12,-2.391420395042587e-13,0,0,0.0
486,126,1,2.985765052535197e-12,2.7385876366573277e-12,-2.8888003100746573e-13,0,0,0.0
487,127,1,2.5436475060853643e-12,2.018271653337633e-12,-2.3436808049837055e-13,0,0,0.0
488,128,1,2.6138072784572403e-12,2.0187819996677775e-12,-1.9506618542664e-13,0,0,0.0
489,129,1,2.830097525859665e-12,2.4975991398309854e-12,-2.8255175976710234e-13,0,0,0.0
490,130,1,2.8559945302615743e-12,2.5293075504702122e-12,-2.857714065385153e-13,0,0,0.0
491,131,1,2.627530616325256e-12,1.977896337427526e-12,-2.1160850849355484e-13,0,0,0.0
492,132,1,2.6956293679019615e-12,2.275355114043252e-12,-2.696731726814505e-13,0,0,0.0
493,133,1,2.992816308654846e-12,2.698443823027064e-12,-3.0164759579065503e-13,0,0,0.0
494,134,1,2.624533149021165e-12,2.0573869185442005e-12,-2.2504220709151923e-13,0,0,0.0
495,135,1,3.1173850970067746e-12,2.8538556352523374e-12,-3.1796787425264483e-13,0,0,0.0
496,136,1,2.7315665126977816e-12,2.289277571852696e-12,-2.786659791809143e-13,0,0,0.0
497,137,1,2.640246482108879e-12,2.0905174067765717e-12,-2.537969834293108e-13,0,0,0.0
498,138,1,3.1976949425292996e-12,2.9690099279913174e-12,-3.285149929865838e-13,0,0,0.0
499,139,1,2.6701763068211e-12,2.0674418807360955e-12,-2.3236967905404526e-13,0,0,0.0
500,140,1,3.2772326028216904e-12,3.077275190641686e-12,-3.377298440909726e-13,0,0,0.0
501,141,1,2.717214459157473e-12,2.2401692299781402e-12,-2.7711166694643907e-13,0,0,0.0
502,142,1,3.1072376638207896e-12,2.8460671658246168e-12,-3.26405569239796e-13,0,0,0.0
503,143,1,2.797191549926198e-12,2.3824576665152225e-12,-2.9387603461827894e-13,0,0,0.0
504,144,1,2.8991654376956584e-12,2.5602607237541083e-12,-3.0886404545071855e-13,0,0,0.0
505,145,1,2.7676678462040545e-12,2.3554925319506766e-12,-2.972067036921544e-13,0,0,0.0
506,146,1,2.8592937255796732e-12,2.507509513171274e-12,-3.08530978543331e-13,0,0,0.0
507,147,1,2.8802990578025524e-12,2.514864384052312e-12,-3.106404022901188e-13,0,0,0.0
508,148,1,2.97580184663377e-12,2.674631674227249e-12,-3.256284131225584e-13,0,0,0.0
509,149,1,2.8338313112535525e-12,2.4413454574683856e-12,-3.055333763768431e-13,0,0,0.0
510,150,1,3.191732245752192e-12,2.9765202147904943e-12,-3.4428015993626104e-13,0,0,0.0
511,151,1,2.675360762033303e-12,2.1595266779822404e-12,-2.8199664825478976e-13,0,0,0.0
512,152,1,3.585787107091838e-12,3.46053723526535e-12,-3.744782262060653e-13,0,0,0.0
513,153,1,2.6874160124901954e-12,2.179990448489906e-12,-2.8532731732866523e-13,0,0,0.0
514,154,1,3.381310762145069e-12,3.2183906333034086e-12,-3.652633751016765e-13,0,0,0.0
515,155,1,2.688403741162134e-12,2.2322971876544268e-12,-2.935429677108914e-13,0,0,0.0
516,156,1,3.009757397585451e-12,2.7356994187900116e-12,-3.3706371027619753e-13,0,0,0.0
517,157,1,3.21360896033287e-12,3.015486659549054e-12,-3.5837999234900053e-13,0,0,0.0
518,158,1,2.7730209107646546e-12,2.3843586327348227e-12,-3.0475622025960547e-13,0,0,0.0
519,159,1,3.3717265067203297e-12,3.2286496189072653e-12,-3.702593787124897e-13,0,0,0.0
520,160,1,2.7098849313570447e-12,2.2839658084724637e-12,-3.044231533522179e-13,0,0,0.0
521,161,1,2.937381145894952e-12,2.6346638829530405e-12,-3.353983757392598e-13,0,0,0.0
522,162,1,3.3785880882043497e-12,3.232688253024156e-12,-3.7558844923069046e-13,0,0,0.0
523,163,1,3.583914348807482e-12,3.4857365692889545e-12,-3.8458125573015423e-13,0,0,0.0
524,164,1,2.734431153135344e-12,2.327249736814828e-12,-3.1086244689504383e-13,0,0,0.0
525,165,1,3.3139389250477306e-12,3.1641539136916973e-12,-3.6770586575585185e-13,0,0,0.0
526,166,1,2.9654904680516412e-12,2.7189810746917306e-12,-3.4217073618947325e-13,0,0,0.0
527,167,1,2.642988134918498e-12,2.2478010903304695e-12,-3.04867242562068e-13,0,0,0.0
528,168,1,3.4295210484493234e-12,3.3303485997313297e-12,-3.7547742692822794e-13,0,0,0.0
529,169,1,2.6349085648950313e-12,2.3106475901838007e-12,-3.0309088572266774e-13,0,0,0.0
530,170,1,3.2123145747232066e-12,3.072347977719282e-12,-3.674838211509268e-13,0,0,0.0
531,171,1,2.902777936868866e-12,2.665483754803274e-12,-3.339550858072471e-13,0,0,0.0
532,172,1,2.722073197351883e-12,2.4195106011499943e-12,-3.2085445411667024e-13,0,0,0.0
533,173,1,3.4885242244175943e-12,3.4156522141351486e-12,-3.7969627442180354e-13,0,0,0.0
534,174,1,2.6269455756421883e-12,2.333932393670405e-12,-3.0686564400639327e-13,0,0,0.0
535,175,1,3.262361166064038e-12,3.155203721164458e-12,-3.679279103607769e-13,0,0,0.0
536,176,1,2.804931591458931e-12,2.568947481210763e-12,-3.339550858072471e-13,0,0,0.0
537,177,1,2.7407001693660534e-12,2.482859455502319e-12,-3.268496584496461e-13,0,0,0.0
538,178,1,3.2871149237638223e-12,3.2077037204778903e-12,-3.6992631180510216e-13,0,0,0.0
539,179,1,2.5998996633811938e-12,2.3655722065513933e-12,-3.097522238704187e-13,0,0,0.0
540,180,1,3.2810172600578774e-12,3.1891464555482057e-12,-3.68816088780477e-13,0,0,0.0
541,181,1,2.980797423993672e-12,2.8163156257528617e-12,-3.4505731605349865e-13,0,0,0.0
542,182,1,2.692248151890275e-12,2.4360362367118617e-12,-3.1818991885756986e-13,0,0,0.0
543,183,1,3.151830275947875e-12,3.0831826452236977e-12,-3.6615155352137663e-13,0,0,0.0
544,184,1,2.6152376102594237e-12,2.3197546630756534e-12,-3.0753177782116836e-13,0,0,0.0
545,185,1,2.919147799893954e-12,2.8050565864535545e-12,-3.452793606584237e-13,0,0,0.0
546,186,1,3.1006381931561643e-12,3.0077333603477767e-12,-3.5349501104064984e-13,0,0,0.0
547,187,1,2.5404491951473515e-12,2.514320415575853e-12,-3.0597746558669314e-13,0,0,0.0
548,188,1,3.329782409162067e-12,3.2971568997112387e-12,-3.6992631180510216e-13,0,0,0.0
549,189,1,2.544047913593146e-12,2.344900839501486e-12,-3.1086244689504383e-13,0,0,0.0
550,190,1,2.7236927992514186e-12,2.572048161623082e-12,-3.255173908200959e-13,0,0,0.0
551,191,1,3.0114848634412548e-12,2.9362780907688633e-12,-3.490541189421492e-13,0,0,0.0
552,192,1,2.4561708841743443e-12,2.661310392377281e-12,-2.964295475749168e-13,0,0,0.0
553,193,1,3.1267061521179527e-12,3.078957494367355e-12,-3.5860203695392556e-13,0,0,0.0
554,194,1,2.7618149273863566e-12,2.5985154182255115e-12,-3.270717030545711e-13,0,0,0.0
555,195,1,2.5057880265013005e-12,2.880560362133395e-12,-3.0375701953744283e-13,0,0,0.0
556,196,1,3.2214078322823976e-12,3.1941576755906725e-12,-3.639311074721263e-13,0,0,0.0
557,197,1,2.6062205559702573e-12,2.512836087449353e-12,-3.0686564400639327e-13,0,0,0.0
558,198,1,2.8432974264182136e-12,3.150774442997651e-12,-3.355093980417223e-13,0,0,0.0
559,199,1,2.7750105430549288e-12,2.6813445010228744e-12,-3.341771304121721e-13,0,0,0.0
560,200,1,2.5234621200175635e-12,2.43058309070341e-12,-2.973177259946169e-13,0,0,0.0
561,201,1,2.9828249488773306e-12,3.080176880040057e-12,-3.5060843117662444e-13,0,0,0.0
562,202,1,2.6991947304117006e-12,2.5578747431559745e-12,-3.212985433265203e-13,0,0,0.0
563,203,1,2.4892715005199993e-12,2.2714469227461944e-12,-3.044231533522179e-13,0,0,0.0
564,204,1,3.1003472115248997e-12,3.0834384447944667e-12,-3.5726976932437537e-13,0,0,0.0
565,205,1,2.4805831180273046e-12,2.2690105451807918e-12,-3.0175861809311755e-13,0,0,0.0
566,206,1,2.73930100458044e-12,2.6356236794421066e-12,-3.2107649872159527e-13,0,0,0.0
567,207,1,2.8940433423493083e-12,2.851042221824631e-12,-3.4017233474514796e-13,0,0,0.0
568,208,1,2.43596420668662e-12,2.3554307486557954e-12,-2.9665159217984183e-13,0,0,0.0
569,209,1,2.9100505143959618e-12,2.8719382576358983e-12,-3.390621117205228e-13,0,0,0.0
570,210,1,2.7816293051255456e-12,2.6958430844191255e-12,-3.2884805989397137e-13,0,0,0.0
571,211,1,2.496040648885519e-12,2.5106299383796817e-12,-2.9909408283401717e-13,0,0,0.0
572,212,1,3.1204243587078158e-12,3.116082054828578e-12,-3.5083047578154947e-13,0,0,0.0
573,213,1,2.5557738739716246e-12,2.638761554591701e-12,-3.090860900556436e-13,0,0,0.0
574,214,1,2.5853127604573962e-12,2.9699007658247524e-12,-3.064215547965432e-13,0,0,0.0
575,215,1,3.019948695620769e-12,3.0192334269912344e-12,-3.4572344986827375e-13,0,0,0.0
576,216,1,2.5927606054745154e-12,2.8002609282759076e-12,-3.0331293032759277e-13,0,0,0.0
577,217,1,2.5100194872166433e-12,2.3927182107034167e-12,-3.0619951019161817e-13,0,0,0.0
578,218,1,2.9057372114007776e-12,2.889203217325029e-12,-3.381739333008227e-13,0,0,0.0
579,219,1,2.336011459831226e-12,2.3268496393602526e-12,-2.873257187729905e-13,0,0,0.0
580,220,1,2.775604815723155e-12,2.7225260641150236e-12,-3.212985433265203e-13,0,0,0.0
581,221,1,2.889234877123148e-12,2.8494297655506047e-12,-3.284039706841213e-13,0,0,0.0
582,222,1,2.5599288762160352e-12,2.403509822662539e-12,-2.9687363678476686e-13,0,0,0.0
583,223,1,2.7892277350172006e-12,2.7697117620780463e-12,-3.2862601528904634e-13,0,0,0.0
584,224,1,2.894698787012101e-12,2.8003210974992752e-12,-3.226308109560705e-13,0,0,0.0
585,225,1,2.4311295332836388e-12,2.5618039827812397e-12,-2.893241202173158e-13,0,0,0.0
586,226,1,2.9207209589632365e-12,2.9215189847305315e-12,-3.3728575488112256e-13,0,0,0.0
587,227,1,2.298169913153477e-12,3.346961112950514e-12,-2.879918525877656e-13,0,0,0.0
588,228,1,2.5193636522991473e-12,2.8404620407858697e-12,-2.9531932455029164e-13,0,0,0.0
589,229,1,2.9377286779580567e-12,4.290322343194072e-12,-3.290701044988964e-13,0,0,0.0
590,230,1,2.337528713332273e-12,3.0093361960389996e-12,-2.8332891588433995e-13,0,0,0.0
591,231,1,2.5651006435461164e-12,3.724414461337267e-12,-3.044231533522179e-13,0,0,0.0
592,232,1,2.649840593178646e-12,2.869213023595155e-12,-3.164135620181696e-13,0,0,0.0
593,233,1,2.508313668959561e-12,3.5175248015063247e-12,-2.899902540320909e-13,0,0,0.0
594,234,1,2.7983175440398344e-12,2.8520111180175773e-12,-3.2107649872159527e-13,0,0,0.0
595,235,1,2.5945272211454194e-12,3.4236049782356152e-12,-3.0175861809311755e-13,0,0,0.0
596,236,1,2.41214022558876e-12,3.308636113002039e-12,-2.8488322811881517e-13,0,0,0.0
597,237,1,2.7094625844743077e-12,3.0900554044883826e-12,-3.19300141882195e-13,0,0,0.0
598,238,1,2.3946074052097044e-12,2.4226610399193933e-12,-2.799982468104645e-13,0,0,0.0
599,239,1,2.4850639535467103e-12,4.285815563739007e-12,-2.9554136915521667e-13,0,0,0.0
600,240,1,2.5192081111573343e-12,2.6498800802830124e-12,-3.086420008457935e-13,0,0,0.0
601,241,1,2.292501907867895e-12,3.6721340118584955e-12,-2.688960165642129e-13,0,0,0.0
602,242,1,2.6315700356545175e-12,3.5136020932419876e-12,-3.090860900556436e-13,0,0,0.0
603,243,1,2.564209469812628e-12,3.4560601027831204e-12,-2.913225216616411e-13,0,0,0.0
604,244,1,2.389001588154401e-12,5.714906707290616e-12,-2.8110846983508964e-13,0,0,0.0
605,245,1,2.7083735062541326e-12,3.047236817085668e-12,-3.05089287166993e-13,0,0,0.0
606,246,1,2.366519088518103e-12,3.3021922374367734e-12,-2.6778579353958776e-13,0,0,0.0
607,247,1,2.6602231393266954e-12,4.090669918944308e-12,-3.084199562408685e-13,0,0,0.0
608,248,1,2.368503234696911e-12,2.674715113076281e-12,-2.7111646261346323e-13,0,0,0.0
609,249,1,2.343999291455943e-12,3.053564196595676e-12,-2.7911006839076435e-13,0,0,0.0
610,250,1,2.517784839246758e-12,3.3794829537505986e-12,-2.8843594179761567e-13,0,0,0.0
611,251,1,2.3189874315373135e-12,3.6491409225431186e-12,-2.6556534749033744e-13,0,0,0.0
612,252,1,2.4120403428719965e-12,2.3701113187096948e-12,-2.844391389089651e-13,0,0,0.0
613,253,1,2.2492876205055285e-12,2.8502554068901905e-12,-2.580158309228864e-13,0,0,0.0
614,254,1,2.4500051937421852e-12,4.214878820538869e-12,-2.8133051444001467e-13,0,0,0.0
615,255,1,2.265196317190763e-12,4.781260135713541e-12,-2.489120021209601e-13,0,0,0.0
616,256,1,2.3918785412373164e-12,3.8065759353842955e-12,-2.7688962234151404e-13,0,0,0.0
617,257,1,2.2750708286796075e-12,4.775572481731562e-12,-2.5357493882438575e-13,0,0,0.0
618,258,1,2.3053150742697317e-12,3.3558911821593238e-12,-2.5646151868841116e-13,0,0,0.0
619,259,1,2.3763291713800567e-12,2.779652534998713e-12,-2.728928194528635e-13,0,0,0.0
620,260,1,2.169665075398539e-12,2.8306619161852454e-12,-2.3225865675158275e-13,0,0,0.0
621,261,1,2.061219616858686e-12,3.74915506017358e-12,-2.227107387398064e-13,0,0,0.0
622,262,1,2.127764132332196e-12,4.834473287372983e-12,-2.41140440948584e-13,0,0,0.0
623,263,1,1.9713328306524126e-12,2.91615750881998e-12,-2.3647750424515834e-13,0,0,0.0
624,264,1,2.0705654585986975e-12,2.0383997513115713e-12,-2.391420395042587e-13,0,0,0.0
625,265,1,1.946563530741701e-12,3.1909880302900353e-12,-2.2648549702353193e-13,0,0,0.0
626,266,1,1.8728259986356083e-12,2.166121765345785e-12,-2.2071233729548112e-13,0,0,0.0
627,267,1,1.7129501131898021e-12,3.0243064862701206e-12,-1.8451906669270102e-13,0,0,0.0
628,268,1,1.8490002132851257e-12,1.688906927337057e-12,-1.9961809982760315e-13,0,0,0.0
629,269,1,1.9793395882489596e-12,2.0309993745792274e-12,-1.7719159473017498e-13,0,0,0.0
630,270,1,1.8475203848811066e-12,1.929663817147024e-12,-1.7008616737257398e-13,0,0,0.0
631,271,1,1.8902911174584815e-12,1.922557482877576e-12,-1.5898393712632242e-13,0,0,0.0
632,272,1,1.95361488994305e-12,1.6291650137507552e-12,-1.652011860642233e-13,0,0,0.0
633,273,1,1.6650254588945744e-12,1.5421357047360192e-12,-1.687538997430238e-13,0,0,0.0
634,274,1,1.7181067936154654e-12,1.7263305117649933e-12,-1.9562129693895258e-13,0,0,0.0
635,275,1,1.671243601617945e-12,1.530944333207827e-12,-1.709743457922741e-13,0,0,0.0
636,276,1,1.8690166392717434e-12,1.722122283620233e-12,-1.5720758028692217e-13,0,0,0.0
637,277,1,1.650072541776535e-12,1.5671505200743232e-12,-1.8118839761882555e-13,0,0,0.0
638,278,1,1.6318188089425867e-12,1.5626002247856222e-12,-1.7630341631047486e-13,0,0,0.0
639,279,1,1.8009680565639262e-12,1.5520108229701873e-12,-1.4810375148499588e-13,0,0,0.0
640,280,1,1.5925972095476895e-12,1.5141202061154484e-12,-1.7186252421197423e-13,0,0,0.0
641,281,1,1.6205488228370866e-12,1.502129785014478e-12,-1.6542323066914832e-13,0,0,0.0
642,282,1,1.7564680843180866e-12,1.4025528506694387e-12,-1.48991929904696e-13,0,0,0.0
643,283,1,1.6031088299081026e-12,1.5834362696203756e-12,-1.7508217098338719e-13,0,0,0.0
644,284,1,1.6577733671162822e-12,1.556348184470732e-12,-1.5121237595394632e-13,0,0,0.0
645,285,1,1.6632326343710371e-12,1.5374127056868634e-12,-1.5565326805244695e-13,0,0,0.0
646,286,1,1.5850625540338062e-12,1.5541969229425337e-12,-1.7108536809473662e-13,0,0,0.0
647,287,1,1.739150272638258e-12,1.4591441846681362e-12,-1.4566126083082054e-13,0,0,0.0
648,288,1,1.5264995630604857e-12,1.5956265466191117e-12,-1.5376588891058418e-13,0,0,0.0
649,289,1,1.564140309729558e-12,1.4822175150940779e-12,-1.5343282200319663e-13,0,0,0.0
650,290,1,1.6543767269308946e-12,1.440239844378507e-12,-1.3944401189291966e-13,0,0,0.0
651,291,1,1.5248065739325003e-12,1.558577079405176e-12,-1.582067810090848e-13,0,0,0.0
652,292,1,1.6490674613070696e-12,1.498642347897217e-12,-1.433297924791077e-13,0,0,0.0
653,293,1,1.5779031040261723e-12,1.5343179987643139e-12,-1.446620601086579e-13,0,0,0.0
654,294,1,1.542809758792678e-12,1.6106194688167453e-12,-1.5643042416968456e-13,0,0,0.0
655,295,1,1.684465472640404e-12,1.4474184253078e-12,-1.346700528870315e-13,0,0,0.0
656,296,1,1.5763782669616573e-12,1.7035343614675522e-12,-1.5765166949677223e-13,0,0,0.0
657,297,1,1.5684696429299428e-12,1.5399339609661397e-12,-1.4865886299730846e-13,0,0,0.0
658,298,1,1.6616074129266482e-12,1.5293485461738762e-12,-1.4221956945448255e-13,0,0,0.0
659,299,1,1.5257914120565285e-12,1.5600733170763716e-12,-1.4876988529977098e-13,0,0,0.0
660,300,1,1.6375658577387578e-12,1.5046408875443616e-12,-1.425526363618701e-13,0,0,0.0
661,301,1,1.6407063280409808e-12,1.4962247385546653e-12,-1.4654943925052066e-13,0,0,0.0
662,302,1,1.551276968110584e-12,1.6043610665498083e-12,-1.5021317523178368e-13,0,0,0.0
663,303,1,1.6600329879545617e-12,1.6735436509936562e-12,-1.34781075189494e-13,0,0,0.0
664,304,1,1.597685963635393e-12,1.6180527447977617e-12,-1.4066525722000733e-13,0,0,0.0
665,305,1,1.5432766777623329e-12,1.6155927469822892e-12,-1.4155343563970746e-13,0,0,0.0
666,306,1,1.6497451116205763e-12,1.6608587876780035e-12,-1.2401191185062999e-13,0,0,0.0
667,307,1,1.6020099293239339e-12,1.6152743877744407e-12,-1.4144241333724494e-13,0,0,0.0
668,308,1,1.596846814577921e-12,1.7946699397983363e-12,-1.538769112130467e-13,0,0,0.0
669,309,1,1.6554543620389493e-12,1.543968861630612e-12,-1.3011813848606835e-13,0,0,0.0
670,310,1,1.616347910949332e-12,1.754088761560373e-12,-1.3156142841808105e-13,0,0,0.0
671,311,1,1.5813724744481427e-12,1.6375460018912224e-12,-1.454392162258955e-13,0,0,0.0
672,312,1,1.6258627197965677e-12,1.7962494232401957e-12,-1.3344880755994382e-13,0,0,0.0
673,313,1,1.6658331273674183e-12,1.7192578012693812e-12,-1.284528039491306e-13,0,0,0.0
674,314,1,1.5760230068379224e-12,1.590714734858024e-12,-1.346700528870315e-13,0,0,0.0
675,315,1,1.5906204619847087e-12,1.889113179821778e-12,-1.3677947663381929e-13,0,0,0.0
676,316,1,1.6708054934602708e-12,1.5988242157493824e-12,-1.20570220474292e-13,0,0,0.0
677,317,1,1.6419826106650912e-12,1.6197947019233078e-12,-1.2823075934420558e-13,0,0,0.0
678,318,1,1.6037524762938814e-12,1.8659327915570833e-12,-1.362243651215067e-13,0,0,0.0
679,319,1,1.610075178036101e-12,1.5966773216347553e-12,-1.318944953254686e-13,0,0,0.0
680,320,1,1.6933284954803192e-12,1.7020482352197524e-12,-1.184607967275042e-13,0,0,0.0
681,321,1,1.6671409372214823e-12,1.7082663824034112e-12,-1.2523315717771766e-13,0,0,0.0
682,322,1,1.6176446300141738e-12,1.6093593060209525e-12,-1.3011813848606835e-13,0,0,0.0
683,323,1,1.615114802058565e-12,1.7180499645528677e-12,-1.354472090042691e-13,0,0,0.0
684,324,1,1.674809268814613e-12,1.7614348170765373e-12,-1.2145839889399213e-13,0,0,0.0
685,325,1,1.7214224761862327e-12,1.6201878741950292e-12,-1.1712852909795402e-13,0,0,0.0
686,326,1,1.6993268664514907e-12,1.9181343512944695e-12,-1.2012613126444194e-13,0,0,0.0
687,327,1,1.6606167732410366e-12,1.7034637847738319e-12,-1.2101430968414206e-13,0,0,0.0
688,328,1,1.6460966475874305e-12,1.6693924952078475e-12,-1.2434497875801753e-13,0,0,0.0
689,329,1,1.6584698465840454e-12,1.7739593297411713e-12,-1.2867484855405564e-13,0,0,0.0
690,330,1,1.7138711316666968e-12,1.736828757337271e-12,-1.1757261830780408e-13,0,0,0.0
691,331,1,1.7578170000375155e-12,1.7028739499748922e-12,-1.1390888232654106e-13,0,0,0.0
692,332,1,1.7668978817591196e-12,1.6905085595477405e-12,-1.1191048088221578e-13,0,0,0.0
693,333,1,1.7483103863821178e-12,1.952209614046472e-12,-1.0813572259849025e-13,0,0,0.0
694,334,1,1.7052534163933622e-12,1.724018803977401e-12,-1.1834977442504169e-13,0,0,0.0
695,335,1,1.709068539719705e-12,1.712772548454883e-12,-1.249000902703301e-13,0,0,0.0
696,336,1,1.71731097863105e-12,1.845074944208427e-12,-1.1257661469699087e-13,0,0,0.0
697,337,1,1.742025931620844e-12,2.0032955453610617e-12,-1.0913492332065289e-13,0,0,0.0
698,338,1,1.8010365725248353e-12,1.7566208800934972e-12,-1.0269562977782698e-13,0,0,0.0
699,339,1,1.851844095315675e-12,1.7270491877432888e-12,-9.85878045867139e-14,0,0,0.0
700,340,1,1.8488293793579756e-12,1.845246338146541e-12,-1.0824674490095276e-13,0,0,0.0
701,341,1,1.8775346428642964e-12,1.9814712428479375e-12,-9.892087149410145e-14,0,0,0.0
702,342,1,1.8794284185599774e-12,1.8108303174673525e-12,-9.314771176605063e-14,0,0,0.0
703,343,1,1.8512842951985593e-12,1.730573014354344e-12,-1.0114131754335176e-13,0,0,0.0
704,344,1,1.8453742490353106e-12,1.7684601370799778e-12,-9.958700530887654e-14,0,0,0.0
705,345,1,1.8414495607567097e-12,1.979300001397107e-12,-9.64783808399261e-14,0,0,0.0
706,346,1,1.8022475288728042e-12,1.821001346401543e-12,-1.0047518372857667e-13,0,0,0.0
707,347,1,1.8105501645220712e-12,1.7332045705337608e-12,-9.803269307440132e-14,0,0,0.0
708,348,1,1.809405734110578e-12,1.7271634114322817e-12,-9.536815781530095e-14,0,0,0.0
709,349,1,1.8389121499059776e-12,1.988386994536859e-12,-8.548717289613705e-14,0,0,0.0
710,350,1,1.8214216247850137e-12,1.8669600814886814e-12,-9.237055564881302e-14,0,0,0.0
711,351,1,1.8104186389587141e-12,1.7340917062650196e-12,-9.769962616701378e-14,0,0,0.0
712,352,1,1.7909410561137584e-12,1.7636291679495888e-12,-9.625633623500107e-14,0,0,0.0
713,353,1,1.8035174429108949e-12,1.7111785299898416e-12,-9.270362255620057e-14,0,0,0.0
714,354,1,1.8271591487386e-12,1.7905165794515742e-12,-8.887335312124378e-14,0,0,0.0
715,355,1,1.879737382345988e-12,1.7301077900693657e-12,-7.521760991835436e-14,0,0,0.0
716,356,1,1.8946689832418146e-12,1.7151349619794051e-12,-7.69939667577546e-14,0,0,0.0
717,357,1,1.8987542237383094e-12,1.8280180296829596e-12,-7.932543510946743e-14,0,0,0.0
718,358,1,1.918071439446218e-12,1.696162643137789e-12,-7.19979631469414e-14,0,0,0.0
719,359,1,1.9125112544019836e-12,1.7049585691750594e-12,-6.716849298982197e-14,0,0,0.0
720,360,1,1.87175092684101e-12,1.713107434839131e-12,-6.405986852087153e-14,0,0,0.0
721,361,1,1.7730891089891651e-12,1.6825616906264063e-12,-7.271960811294775e-14,0,0,0.0
722,362,1,1.7055194949387921e-12,1.750695373309852e-12,-7.899236820207989e-14,0,0,0.0
723,363,1,1.7347465358325867e-12,1.7359382149647288e-12,-7.421840919619171e-14,0,0,0.0
724,364,1,1.821818033116584e-12,1.656771945187853e-12,-6.672440377997191e-14,0,0,0.0
725,365,1,1.951529902194346e-12,1.718507048532347e-12,-4.8405723873656825e-14,0,0,0.0
726,366,1,1.8092514464620159e-12,1.6259945359585966e-12,-6.439293542825908e-14,0,0,0.0
727,367,1,1.689745974740856e-12,1.6273825073079152e-12,-6.544764730165298e-14,0,0,0.0
728,368,1,1.7229602404158118e-12,1.63958668595357e-12,-5.850875339774575e-14,0,0,0.0
729,369,1,1.8590271949450536e-12,1.6557278691633076e-12,-4.7684078907650473e-14,0,0,0.0
730,370,1,1.8211490394122e-12,1.6726424625786513e-12,-5.2791104820926193e-14,0,0,0.0
731,371,1,1.6078946822611718e-12,1.565023511976407e-12,-6.106226635438361e-14,0,0,0.0
732,372,1,1.6899202746949235e-12,1.5718141337095584e-12,-5.367928324062632e-14,0,0,0.0
733,373,1,1.807379779292519e-12,1.5997416574308736e-12,-4.912736883966318e-14,0,0,0.0
734,374,1,1.5683123993286759e-12,1.5228691629125754e-12,-5.5566662382489085e-14,0,0,0.0
735,375,1,1.6322012920456913e-12,1.5159324672838627e-12,-4.7906123512575505e-14,0,0,0.0
736,376,1,1.7245298779951619e-12,1.5054505491751969e-12,-4.335420911161236e-14,0,0,0.0
737,377,1,1.4828941444723984e-12,1.4666041482968939e-12,-4.9182879990894435e-14,0,0,0.0
738,378,1,1.7398478765431766e-12,1.5138348192790339e-12,-3.6914915568786455e-14,0,0,0.0
739,379,1,1.4205446793808317e-12,1.4138343890303204e-12,-4.801714581503802e-14,0,0,0.0
740,380,1,1.640312806626123e-12,1.4238509537856942e-12,-3.3362201889985954e-14,0,0,0.0
741,381,1,1.4018746295920526e-12,1.4722348379052866e-12,-4.107825191113079e-14,0,0,0.0
742,382,1,1.3148764652176263e-12,1.3316457535174638e-12,-4.440892098500626e-14,0,0,0.0
743,383,1,1.2891328327408963e-12,1.2831152753647432e-12,-4.4353409833775004e-14,0,0,0.0
744,384,1,1.2743296076932032e-12,1.2545221268080026e-12,-4.04121180963557e-14,0,0,0.0
745,385,1,1.2571700735039906e-12,1.2343065975745724e-12,-3.752553823233029e-14,0,0,0.0
746,386,1,1.2052005199253698e-12,1.2975635517577257e-12,-3.697042672001771e-14,0,0,0.0
747,387,1,9.464295705837956e-13,1.093037710275645e-12,-6.983302824892235e-14,0,0,0.0
748,388,1,7.990368502651998e-13,1.1022270810098702e-12,-1.0852430065710905e-13,0,0,0.0
749,389,1,7.287743620009202e-13,9.904696083650813e-13,-1.0513812043200232e-13,0,0,0.0
750,390,1,1.029096630189289e-12,1.0953314356993734e-12,-4.0523140398818214e-14,0,0,0.0
751,391,1,9.020655952503988e-13,1.0679759531419508e-12,-5.939693181744587e-14,0,0,0.0
752,392,1,6.978010783127329e-13,9.201696168472454e-13,-1.2456702336294256e-13,0,0,0.0
753,393,1,6.641677599174084e-13,8.803452223754207e-13,-1.0547118733938987e-13,0,0,0.0
754,394,1,9.236837787478775e-13,9.321758714499852e-13,-3.091971123581061e-14,0,0,0.0
755,395,1,8.073654791261146e-13,9.758370788559682e-13,-4.7628567756419216e-14,0,0,0.0
756,396,1,6.536312640978898e-13,9.663116698929194e-13,-1.0486056467584604e-13,0,0,0.0
757,397,1,5.995875117138427e-13,8.08103521733941e-13,-9.181544413650045e-14,0,0,0.0
758,398,1,8.398806227191122e-13,8.433501213307799e-13,-2.5091040356528538e-14,0,0,0.0
759,399,1,6.221412903647076e-13,7.472686795165049e-13,-1.1218803663837207e-13,0,0,0.0
760,400,1,6.494521932250318e-13,7.232870109784774e-13,-1.0541567618815861e-13,0,0,0.0
761,401,1,6.450759763150863e-13,7.024554741226702e-13,-9.96425164601078e-14,0,0,0.0
762,402,1,6.148116978927687e-13,6.560539408338241e-13,-9.614531393253856e-14,0,0,0.0
763,403,1,6.247510347616057e-13,6.348010036455788e-13,-2.9531932455029164e-14,0,0,0.0
764,404,1,6.008971925747313e-13,5.766638264168188e-13,-3.0753177782116836e-14,0,0,0.0
765,405,1,5.541592385096341e-13,5.27814146265296e-13,-3.813616089587413e-14,0,0,0.0
766,406,1,6.103950102565689e-13,6.756118809686212e-13,-1.0202949596305189e-13,0,0,0.0
767,407,1,4.900335399521262e-13,5.172177109088659e-13,-4.1522341120980855e-14,0,0,0.0
768,408,1,6.19339070668367e-13,6.675784293222011e-13,-1.0241807402167069e-13,0,0,0.0
769,409,1,5.088111328343324e-13,4.4777004245646466e-13,-3.0031532816110484e-14,0,0,0.0
770,410,1,5.970797850223759e-13,6.50445355331562e-13,-1.0075273948473296e-13,0,0,0.0
771,411,1,4.915128274804608e-13,5.023793406717118e-13,-7.688294445529209e-14,0,0,0.0
772,412,1,4.5143154880399363e-13,3.8591391549384674e-13,-3.469446951953614e-14,0,0,0.0
773,413,1,5.497741927116081e-13,6.15115324612524e-13,-9.758860386455126e-14,0,0,0.0
774,414,1,5.556402461099249e-13,5.986247643345972e-13,-9.50350909079134e-14,0,0,0.0
775,415,1,4.164313473653904e-13,3.659241879319214e-13,-4.3798298321462426e-14,0,0,0.0
776,416,1,4.019257743327629e-13,3.838656010796856e-13,-5.112577028398846e-14,0,0,0.0
777,417,1,5.978118045681484e-13,6.453975389727733e-13,-1.0547118733938987e-13,0,0,0.0
778,418,1,4.869111248687951e-13,5.268784333515865e-13,-8.720801858430605e-14,0,0,0.0
779,419,1,3.8422967374368813e-13,3.405165710633854e-13,-4.4353409833775004e-14,0,0,0.0
780,420,1,3.551759185336261e-13,3.418959070362173e-13,-4.912736883966318e-14,0,0,0.0
781,421,1,5.526623731434391e-13,5.865849330579793e-13,-9.997558336749535e-14,0,0,0.0
782,422,1,5.360624603996438e-13,5.640787296414179e-13,-9.564571357145724e-14,0,0,0.0
783,423,1,3.6005208010372513e-13,3.444248568332634e-13,-4.934941344458821e-14,0,0,0.0
784,424,1,3.5963798371691983e-13,3.525245555334378e-13,-4.135580766728708e-14,0,0,0.0
785,425,1,4.834623137389257e-13,5.077537533540616e-13,-9.009459844833145e-14,0,0,0.0
786,426,1,5.135900538325433e-13,5.330811502822404e-13,-9.597878047884478e-14,0,0,0.0
787,427,1,3.5388551701255444e-13,3.533428179350916e-13,-5.4789506265251475e-14,0,0,0.0
788,428,1,5.117440665454574e-13,4.1316600921070344e-13,-2.708944180085382e-14,0,0,0.0
789,429,1,4.639103479392187e-13,4.783782826068934e-13,-8.537615059367454e-14,0,0,0.0
790,430,1,3.2998595161928867e-13,3.007648800673409e-13,-4.1522341120980855e-14,0,0,0.0
791,431,1,3.51445544699842e-13,4.501715991844185e-13,-5.939693181744587e-14,0,0,0.0
792,432,1,5.144285167974805e-13,4.831115255891279e-13,-9.747758156208874e-14,0,0,0.0
793,433,1,4.059595205449404e-13,4.2195502883219596e-13,-7.704947790898586e-14,0,0,0.0
794,434,1,3.427913053882808e-13,3.014454695178905e-13,-3.941291737419306e-14,0,0,0.0
795,435,1,3.3470893394688747e-13,2.969572341935989e-13,-3.552713678800501e-14,0,0,0.0
796,436,1,2.5241647124271745e-12,1.8567015980709628e-12,-2.5424107263916085e-14,0,0,0.0
797,437,1,2.0263411300988187e-12,1.5281947683963879e-12,-2.6756374893466273e-14,0,0,0.0
798,438,1,1.7663577124257743e-12,1.321032285739636e-12,-1.0769163338864018e-14,0,0,0.0
799,439,1,2.785953815336104e-09,2.0991404350893196e-09,3.7057912294358175e-11,0,0,0.0
800,440,1,2.216794621838652e-09,1.803634048217675e-09,2.2367441232518104e-11,0,0,0.0
801,441,1,1.616323121081096e-09,1.5457730578392472e-09,1.1897371976488103e-11,0,0,0.0
802,442,1,1.2882277353798138e-09,1.3449355969708215e-09,4.287348254194967e-12,0,0,0.0
803,443,1,1.0461644084115947e-09,1.18270692997262e-09,-9.4002583495012e-13,0,0,0.0
804,444,1,8.666367951460422e-10,1.04828563931522e-09,-4.817812815360867e-12,0,0,0.0
805,445,1,7.366684158068327e-10,9.3947352523444e-10,-7.575939875437143e-12,0,0,0.0
806,446,1,6.427233517790525e-10,8.478465375960332e-10,-9.687584068274191e-12,0,0,0.0
807,447,1,5.7597474070493e-10,7.708482416120579e-10,-1.1156409129853273e-11,0,0,0.0
808,448,1,5.281384344830247e-10,7.042677481482254e-10,-1.210642697202502e-11,0,0,0.0
809,449,1,4.936910276242188e-10,6.472577368106021e-10,-1.2819745265346683e-11,0,0,0.0
810,450,1,4.684999198450201e-10,5.982657582758148e-10,-1.3289702671670511e-11,0,0,0.0
811,451,1,4.479125005272773e-10,5.548133387298294e-10,-1.3458123504506148e-11,0,0,0.0
812,452,1,4.3130255322740484e-10,5.163375546999042e-10,-1.3617329486237395e-11,0,0,0.0
813,453,1,4.1609947456457e-10,4.840189490032679e-10,-1.3466783244098224e-11,0,0,0.0
814,454,1,4.023815763625622e-10,4.5474352200162213e-10,-1.3362422279783459e-11,0,0,0.0
815,455,1,3.888618998089036e-10,4.2846076992628467e-10,-1.311839525897085e-11,0,0,0.0
816,456,1,3.7537699694096856e-10,4.0313892692230124e-10,-1.2854828312924838e-11,0,0,0.0
817,457,1,5.997490479477839e-13,8.259608652575845e-13,-6.439293542825908e-14,0,0,0.0
818,458,1,6.290049404833692e-13,9.494675808008856e-13,-6.772360450213455e-14,0,0,0.0
819,459,1,3.376604754635117e-10,3.4243808032231577e-10,-1.1867840044033073e-11,0,0,0.0
820,460,1,3.2612335963533177e-10,3.263406165897548e-10,-1.1522782727979575e-11,0,0,0.0
821,461,1,3.160886495326648e-10,3.2048171427282423e-10,-1.1234568830786884e-11,0,0,0.0
822,462,1,3.0664136272867776e-10,3.2103434105959554e-10,-1.0910827796806188e-11,0,0,0.0
823,463,1,2.994806903114832e-10,3.249941011972498e-10,-1.0655476501142402e-11,0,0,0.0
824,464,1,2.934192801971888e-10,3.309354454313182e-10,-1.0429657137933646e-11,0,0,0.0
825,465,1,2.9023873320583525e-10,3.3951216649496825e-10,-1.0287548590781626e-11,0,0,0.0
826,466,1,2.88596862821294e-10,3.494665924926986e-10,-1.0140999151531105e-11,0,0,0.0
827,467,1,2.895717219304512e-10,3.6240768731956573e-10,-1.006661420888122e-11,0,0,0.0
828,468,1,2.9327842515557293e-10,3.774150319620569e-10,-1.003885863326559e-11,0,0,0.0
829,469,1,3.000254430608654e-10,3.9720716892619986e-10,-1.0051737220351242e-11,0,0,0.0
830,470,1,3.097675209673385e-10,4.200503418807496e-10,-1.0138778705481855e-11,0,0,0.0
831,471,1,3.223882444620907e-10,4.457929894466372e-10,-1.0270895245412248e-11,0,0,0.0
832,472,1,3.385464587355588e-10,4.754244982851754e-10,-1.0442757769624222e-11,0,0,0.0
833,473,1,3.5856301866780635e-10,5.094101346443543e-10,-1.0690559548720557e-11,0,0,0.0
834,474,1,3.800363187118526e-10,5.44365224574902e-10,-1.0939693595446442e-11,0,0,0.0
835,475,1,4.0626337536905536e-10,5.862935996199124e-10,-1.127187232441429e-11,0,0,0.0
836,476,1,4.344763468368942e-10,6.279071607740347e-10,-1.1572298674877857e-11,0,0,0.0
837,477,1,4.665172102309022e-10,6.751685469649167e-10,-1.1928902310387457e-11,0,0,0.0
838,478,1,5.008538636104347e-10,7.247176143800404e-10,-1.2316148101376712e-11,0,0,0.0
839,479,1,5.370515157383423e-10,7.78296066814409e-10,-1.2686296457786739e-11,0,0,0.0
840,480,1,5.758204563391211e-10,8.318062833287196e-10,-1.304956143144409e-11,0,0,0.0
841,481,1,6.178172739682205e-10,8.905623891460998e-10,-1.3411050048262041e-11,0,0,0.0
842,482,1,6.604048910347996e-10,9.496218963340913e-10,-1.3768097772981491e-11,0,0,0.0
843,483,1,7.055075694806806e-10,1.0116979380545139e-09,-1.4082068844345486e-11,0,0,0.0
844,484,1,7.504305751578769e-10,1.0731987206748365e-09,-1.4352519173144174e-11,0,0,0.0
845,485,1,7.946315161741447e-10,1.1341471546509528e-09,-1.4627410394041362e-11,0,0,0.0
846,486,1,8.412219033050895e-10,1.1966469483481175e-09,-1.4836132322670892e-11,0,0,0.0
847,487,1,8.852926562232211e-10,1.2559839627995122e-09,-1.5013768006610917e-11,0,0,0.0
848,488,1,9.291163895544362e-10,1.3160882521009898e-09,-1.509770086727258e-11,0,0,0.0
849,489,1,9.722847597026447e-10,1.3704591153693962e-09,-1.5136336628529534e-11,0,0,0.0
850,490,1,1.0111562474565496e-09,1.4207464113171178e-09,-1.511546443566658e-11,0,0,0.0
851,491,1,1.0462491284083044e-09,1.4660340779609164e-09,-1.5068390979422475e-11,0,0,0.0
852,492,1,1.0791352348689905e-09,1.5070299966711912e-09,-1.4924950164640904e-11,0,0,0.0
853,493,1,1.106059554074975e-09,1.5397106185344282e-09,-1.4723777752578826e-11,0,0,0.0
854,494,1,1.1294785567716165e-09,1.566798371761144e-09,-1.446665010007564e-11,0,0,0.0
855,495,1,1.144982095978965e-09,1.5834444319162505e-09,-1.4144241333724494e-11,0,0,0.0
856,496,1,1.1568002351050816e-09,1.593145530031659e-09,-1.3783640895326243e-11,0,0,0.0
857,497,1,1.1568682304816076e-09,1.5885977486286392e-09,-1.3375522911474036e-11,0,0,0.0
858,498,1,1.1520248445706886e-09,1.57561489575441e-09,-1.2892353851157168e-11,0,0,0.0
859,499,1,7.17578546419625e-10,9.753750659148606e-10,-1.0727863042347963e-11,0,0,0.0
860,500,1,4.05081054723908e-11,5.544378812709831e-11,3.099742684753437e-13,0,0,0.0
861,501,1,3.3425163158753745e-11,4.6635931210894353e-11,2.7400304247748863e-13,0,0,0.0
862,502,1,1.6044529394497002e-09,2.1562845751787245e-09,-1.2780887459484802e-11,0,0,0.0
863,503,1,1.0118768758157705e-09,1.3648876475585712e-09,-1.0458300891968975e-11,0,0,0.0
864,504,1,9.384555403968735e-10,1.2655561319272504e-09,-9.898748487557896e-12,0,0,0.0
865,505,1,8.596248044551421e-10,1.1605518778475203e-09,-9.36184463284917e-12,0,0,0.0
866,506,1,7.662101252073474e-10,1.0405860710946558e-09,-8.8626883609777e-12,0,0,0.0
867,507,1,6.699951000844246e-10,9.184527401854179e-10,-8.387068817228283e-12,0,0,0.0
868,508,1,5.665151154935674e-10,7.928144709181443e-10,-7.925660128194068e-12,0,0,0.0
869,509,1,4.72446712120839e-10,7.29587655681004e-10,-7.529976642217662e-12,0,0,0.0
870,510,1,4.1350479932203015e-10,6.755033881470051e-10,-7.176037541967162e-12,0,0,0.0
871,511,1,4.2139886357478634e-10,6.699814858572732e-10,-6.8616223813933175e-12,0,0,0.0
872,512,1,5.13792024706163e-10,7.009831681863296e-10,-6.589395695755229e-12,0,0,0.0
873,513,1,6.733329445209769e-10,8.827894576111901e-10,-6.38200603475525e-12,0,0,0.0
874,514,1,8.772314703555916e-10,1.1471401575612661e-09,-6.290079568316287e-12,0,0,0.0
875,515,1,1.1095467806183077e-09,1.450050183908835e-09,-6.197264923457624e-12,0,0,0.0
876,516,1,1.3683930538747522e-09,1.781586546686643e-09,-6.17195183849617e-12,0,0,0.0
877,517,1,1.6502847718856612e-09,2.1374378584748957e-09,-6.260769680466183e-12,0,0,0.0
878,518,1,1.9572676451783116e-09,2.522557554808133e-09,-6.45439257596081e-12,0,0,0.0
879,519,1,2.2718677865265547e-09,2.922400334220779e-09,-6.600497926001481e-12,0,0,0.0
880,520,1,1.2984012345979525e-11,1.574017688109678e-11,-4.1300296516055823e-14,0,0,0.0
881,521,1,1.4095049177107985e-11,1.7430765404264666e-11,-4.1744385725905886e-14,0,0,0.0
882,522,1,1.8298864037228706e-11,2.1078619122079742e-11,-3.241851231905457e-14,0,0,0.0
883,523,1,1.7425201183339313e-11,2.1592770396489746e-11,-4.574118861455645e-14,0,0,0.0
884,524,1,1.9398090331839172e-11,2.3941598857562273e-11,-4.529709940470639e-14,0,0,0.0
885,525,1,2.1288319496537504e-11,2.6533880801736416e-11,-5.240252676230739e-14,0,0,0.0
886,526,1,2.4111952016716083e-11,2.9523406028548355e-11,-5.1514348342607263e-14,0,0,0.0
887,527,1,2.5810503413073165e-11,3.189041858974539e-11,-6.217248937900877e-14,0,0,0.0
888,528,1,2.819425738571738e-11,3.5065723066968854e-11,-5.773159728050814e-14,0,0,0.0
889,529,1,3.072477341538936e-11,3.821907654179566e-11,-6.661338147750939e-14,0,0,0.0
890,530,1,3.3384512556434684e-11,4.142946626428395e-11,-5.595524044110789e-14,0,0,0.0
891,531,1,3.7004115292792564e-11,4.605276731920033e-11,-6.572520305780927e-14,0,0,0.0
892,532,1,3.95789798513595e-11,4.938047122571753e-11,-6.483702463810914e-14,0,0,0.0
893,533,1,4.274150998062584e-11,5.326209757705167e-11,-6.838973831690964e-14,0,0,0.0
894,534,1,4.584924811165048e-11,5.7596130386602727e-11,-6.750155989720952e-14,0,0,0.0
895,535,1,4.989298149805023e-11,6.279144439422008e-11,-7.993605777301127e-14,0,0,0.0
896,536,1,5.268595265189965e-11,6.679218447131873e-11,-6.927791673660977e-14,0,0,0.0
897,537,1,5.69419712101714e-11,7.232961280201291e-11,-7.638334409421077e-14,0,0,0.0
898,538,1,5.956926182825786e-11,7.694632019377339e-11,-7.815970093361102e-14,0,0,0.0
899,539,1,6.497503024010222e-11,8.436129118450386e-11,-7.993605777301127e-14,0,0,0.0
900,540,1,6.921966537191741e-11,9.01405436164266e-11,-7.638334409421077e-14,0,0,0.0
901,541,1,7.278210744047354e-11,9.554828586941777e-11,-6.572520305780927e-14,0,0,0.0
902,542,1,2.4422577170475644e-13,7.823673752135279e-13,-4.884981308350689e-14,0,0,0.0
903,543,1,2.6228269187741426e-13,1.2599675515184986e-12,-3.730349362740526e-14,0,0,0.0
904,544,1,8.645106672633445e-11,1.1731210404673894e-10,-4.1744385725905886e-14,0,0,0.0
905,545,1,9.462397986837711e-11,1.276983375725594e-10,-5.062616992290714e-14,0,0,0.0
906,546,1,2.934365722886146e-13,8.682545237404266e-13,-4.973799150320701e-14,0,0,0.0
907,547,1,1.0376384606290419e-10,1.4438969329866388e-10,-3.730349362740526e-14,0,0,0.0
908,548,1,1.0795395792941625e-10,1.5232594201323523e-10,-2.220446049250313e-14,0,0,0.0
909,549,1,1.1545864048263427e-10,1.6392921516111528e-10,-2.042810365310288e-14,0,0,0.0
910,550,1,1.2210358674347077e-10,1.7610557677468135e-10,1.0658141036401503e-14,0,0,0.0
911,551,1,1.2823625978900122e-10,1.8754293953061408e-10,4.529709940470639e-14,0,0,0.0
912,552,1,1.3590575244348133e-10,2.0041864532419189e-10,6.128431095930864e-14,0,0,0.0
913,553,1,1.4397359450022715e-10,2.14710150202755e-10,8.704148513061227e-14,0,0,0.0
914,554,1,1.4943004687149525e-10,2.26444794240796e-10,1.163513729807164e-13,0,0,0.0
915,555,1,1.571770564952808e-10,2.3976669821009874e-10,1.270095140171179e-13,0,0,0.0
916,556,1,1.6613044571053198e-10,2.569175393781957e-10,1.6697754290362354e-13,0,0,0.0
917,557,1,3.2610281548402836e-13,1.0264557413123743e-12,-6.927791673660977e-14,0,0,0.0
918,558,1,1.8179249926471713e-10,2.891957354274245e-10,2.460254222569347e-13,0,0,0.0
919,559,1,4.570429538909117e-13,1.0231861537490596e-12,-5.861977570020827e-14,0,0,0.0
920,560,1,5.04057316175981e-13,1.149164476814205e-12,-5.417888360170764e-14,0,0,0.0
921,561,1,4.630140503892038e-13,1.009249685348207e-12,-5.861977570020827e-14,0,0,0.0
922,562,1,4.568555471438273e-13,1.126042998665211e-12,-6.394884621840902e-14,0,0,0.0
923,563,1,2.3197150772306052e-10,3.9379407699835374e-10,5.115907697472721e-13,0,0,0.0
924,564,1,2.3856040963632954e-10,4.13274951800939e-10,5.693223670277803e-13,0,0,0.0
925,565,1,5.913601549583581e-13,9.807369049710909e-13,-7.105427357601002e-14,0,0,0.0
926,566,1,5.461397473439682e-13,1.3930807605669871e-12,-6.039613253960852e-14,0,0,0.0
927,567,1,4.806785483898789e-13,1.2431478817264179e-12,-6.306066779870889e-14,0,0,0.0
928,568,1,2.8515212150456406e-10,5.190784554821876e-10,8.588685318500211e-13,0,0,0.0
929,569,1,5.803845041077883e-13,1.5932363196598254e-12,-5.950795411990839e-14,0,0,0.0
930,570,1,6.139566302747101e-13,1.379359470512621e-12,-6.927791673660977e-14,0,0,0.0
931,571,1,6.155790484920689e-13,1.4959557790365608e-12,-6.572520305780927e-14,0,0,0.0
932,572,1,5.57241234783573e-13,1.3831807987123743e-12,-5.684341886080802e-14,0,0,0.0
933,573,1,9.037399011444848e-13,1.3126584014335039e-12,-7.37188088351104e-14,0,0,0.0
934,574,1,3.7950928688374946e-10,7.366934532913983e-10,1.3491430195244902e-12,0,0,0.0
935,575,1,6.654806544357583e-13,1.4353592253058026e-12,-6.750155989720952e-14,0,0,0.0
936,576,1,4.0361420102930567e-10,8.105325660454764e-10,1.5916157281026244e-12,0,0,0.0
937,577,1,8.707790976326139e-13,1.4226936809036559e-12,-6.572520305780927e-14,0,0,0.0
938,578,1,4.3675184621345547e-10,9.001750975951387e-10,1.829647544582258e-12,0,0,0.0
939,579,1,1.2775455148806547e-12,2.097360811022406e-12,-6.483702463810914e-14,0,0,0.0
940,580,1,1.1509175551455066e-12,2.090222194627552e-12,-7.993605777301127e-14,0,0,0.0
941,581,1,1.5049638607498107e-12,2.788876592864988e-12,-7.283063041541027e-14,0,0,0.0
942,582,1,5.418348934056378e-13,1.2055198938851552e-12,-8.08242361927114e-14,0,0,0.0
943,583,1,1.0677285027823653e-12,2.4519190452501187e-12,-7.549516567451064e-14,0,0,0.0
944,584,1,1.0806206492122844e-12,2.2712072719792544e-12,-6.927791673660977e-14,0,0,0.0
945,585,1,1.8387587925814798e-12,2.168857829411067e-12,-8.260059303211165e-14,0,0,0.0
946,586,1,3.7310116953708716e-13,1.5681176343512736e-12,-7.460698725481052e-14,0,0,0.0
947,587,1,1.070578125167148e-12,1.5551775720517858e-12,-7.460698725481052e-14,0,0,0.0
948,588,1,1.3314989136118092e-12,3.2962178628777346e-12,-6.128431095930864e-14,0,0,0.0
949,589,1,1.4025949035361959e-12,3.428027421658845e-12,-7.904787935331115e-14,0,0,0.0
950,590,1,1.1091552898222807e-12,2.8047784490293496e-12,-8.260059303211165e-14,0,0,0.0
951,591,1,1.3034149360904556e-12,3.0205632217453796e-12,-6.927791673660977e-14,0,0,0.0
952,592,1,1.2298349172476912e-12,2.9334493649447127e-12,-6.750155989720952e-14,0,0,0.0
953,593,1,2.4636456471128345e-12,4.867177099785502e-12,-7.993605777301127e-14,0,0,0.0
954,594,1,1.364628658142624e-12,3.452479065780538e-12,-5.5067062021407764e-14,0,0,0.0
955,595,1,5.488683699134557e-13,1.812003685386538e-12,-7.993605777301127e-14,0,0,0.0
956,596,1,1.8581285682741608e-12,4.070263457816754e-12,-8.526512829121202e-14,0,0,0.0
957,597,1,1.8150509167116094e-12,4.272978144073626e-12,-7.638334409421077e-14,0,0,0.0
958,598,1,3.1600878624571317e-12,3.907864169303965e-12,-6.661338147750939e-14,0,0,0.0
959,599,1,3.345327989364939e-13,1.3385787276490544e-12,-8.260059303211165e-14,0,0,0.0
960,600,1,3.0969800602281366e-13,1.5011686964300258e-12,-9.414691248821327e-14,0,0,0.0
961,601,1,4.637948632578178e-13,1.4932425277759744e-12,-9.059419880941277e-14,0,0,0.0
962,602,1,2.9426105471143898e-12,5.3802486595597335e-12,-7.37188088351104e-14,0,0,0.0
963,603,1,2.4075684332159184e-12,6.7597272577097316e-12,-8.704148513061227e-14,0,0,0.0
964,604,1,2.72323526070038e-12,8.025413214047447e-12,-7.638334409421077e-14,0,0,0.0
965,605,1,3.1180535560298967e-12,8.417845438156782e-12,-8.881784197001252e-14,0,0,0.0
966,606,1,2.99818672458037e-12,8.486121893945162e-12,-6.572520305780927e-14,0,0,0.0
967,607,1,3.8742166961385785e-12,6.334273317760797e-12,-6.838973831690964e-14,0,0,0.0
968,608,1,2.819015692108354e-12,6.892747925939349e-12,-6.750155989720952e-14,0,0,0.0
969,609,1,2.86650431349003e-12,8.032987267232593e-12,-8.171241461241152e-14,0,0,0.0
970,610,1,3.5491505034657102e-12,1.07658470037143e-11,-8.08242361927114e-14,0,0,0.0
971,611,1,5.025792764180741e-12,1.3606331493397537e-11,-5.773159728050814e-14,0,0,0.0
972,612,1,3.782254946606283e-12,1.2258364994067026e-11,-8.348877145181177e-14,0,0,0.0
973,613,1,4.5276831981843674e-12,1.3343605391109868e-11,-7.638334409421077e-14,0,0,0.0
974,614,1,3.639479004495955e-12,1.13736209479227e-11,-9.059419880941277e-14,0,0,0.0
975,615,1,4.6574226094999295e-12,1.4245969899234872e-11,-8.526512829121202e-14,0,0,0.0
976,616,1,4.25819861138466e-12,1.366286943389162e-11,-8.348877145181177e-14,0,0,0.0
977,617,1,6.465741776373321e-12,1.0925841307684039e-11,-9.237055564881302e-14,0,0,0.0
978,618,1,6.3657696994078894e-12,1.1774945187560047e-11,-6.927791673660977e-14,0,0,0.0
979,619,1,4.441540937712101e-12,1.4263165792598644e-11,-7.283063041541027e-14,0,0,0.0
980,620,1,4.949827230023574e-12,1.685181643617815e-11,-6.039613253960852e-14,0,0,0.0
981,621,1,4.953805686234123e-12,1.6110463570586268e-11,-7.815970093361102e-14,0,0,0.0
982,622,1,4.978189350453023e-12,1.583231941070232e-11,-5.5067062021407764e-14,0,0,0.0
983,623,1,6.270394136298039e-12,1.6259455815937825e-11,-4.618527782440651e-14,0,0,0.0
984,624,1,5.165239313570738e-12,1.6959499009483594e-11,-6.394884621840902e-14,0,0,0.0
985,625,1,7.300441494113567e-12,1.6216932549973516e-11,-7.460698725481052e-14,0,0,0.0
986,626,1,2.7147318086641526e-13,1.3212771821966428e-12,-8.526512829121202e-14,0,0,0.0
987,627,1,3.2004428886594996e-13,1.576150146836001e-12,-1.0125233984581428e-13,0,0,0.0
988,628,1,6.869323009208258e-12,1.779400834646844e-11,-6.572520305780927e-14,0,0,0.0
989,629,1,8.452169976281795e-13,1.9895958132280477e-12,-7.638334409421077e-14,0,0,0.0
990,630,1,5.92620498102919e-13,1.9274633827266726e-12,-1.0658141036401503e-13,0,0,0.0
991,631,1,5.429791754221429e-13,1.5912941214878793e-12,-9.592326932761353e-14,0,0,0.0
992,632,1,6.774133613224924e-12,2.3760743819415435e-11,-6.039613253960852e-14,0,0,0.0
993,633,1,7.0056859204189925e-12,2.653544238979807e-11,-6.394884621840902e-14,0,0,0.0
994,634,1,7.023718579024918e-12,2.6152887178474315e-11,-3.730349362740526e-14,0,0,0.0
995,635,1,7.005727880174013e-13,1.140956471677196e-12,-9.237055564881302e-14,0,0,0.0
996,636,1,7.952784983810234e-12,2.666158911971782e-11,-6.572520305780927e-14,0,0,0.0
997,637,1,1.0634615876945029e-11,3.8784743470769313e-11,-2.1316282072803006e-14,0,0,0.0
998,638,1,3.6990230368554016e-13,1.8154167421555923e-12,-9.237055564881302e-14,0,0,0.0
999,639,1,4.872047466915119e-13,2.0113545762302786e-12,-8.526512829121202e-14,0,0,0.0
1000,640,1,1.0730180360136113e-12,2.2800976628122464e-12,-8.704148513061227e-14,0,0,0.0
1001,641,1,5.416655558771389e-13,2.0315088592644667e-12,-8.348877145181177e-14,0,0,0.0
1002,642,1,7.471305575277198e-13,2.0869533941974973e-12,-7.283063041541027e-14,0,0,0.0
1003,643,1,8.505196908009573e-12,3.800203774402351e-11,-6.750155989720952e-14,0,0,0.0
1004,644,1,9.493147355945253e-12,4.0250302203228185e-11,-4.440892098500626e-14,0,0,0.0
1005,645,1,4.965545585687832e-13,1.363717266310096e-12,-6.927791673660977e-14,0,0,0.0
1006,646,1,9.42018381268235e-12,3.8175017775040637e-11,-3.730349362740526e-14,0,0,0.0
1007,647,1,1.2242695002930038e-11,4.275324082664131e-11,-3.730349362740526e-14,0,0,0.0
1008,648,1,5.538336891805375e-13,1.2008597583753298e-12,-9.592326932761353e-14,0,0,0.0
1009,649,1,2.5756847553630087e-13,1.2815391478271764e-12,-7.638334409421077e-14,0,0,0.0
1010,650,1,5.377074184477365e-13,1.2807523573057665e-12,-9.947598300641403e-14,0,0,0.0
1011,651,1,9.794353115848242e-12,4.551518367126621e-11,-4.085620730620576e-14,0,0,0.0
1012,652,1,1.0519591770692595e-11,5.0134864997324196e-11,-5.329070518200751e-15,0,0,0.0
1013,653,1,1.1399508325215163e-11,5.272957244958763e-11,-4.085620730620576e-14,0,0,0.0
1014,654,1,3.5595396596909323e-13,2.1661060659807967e-12,-8.881784197001252e-14,0,0,0.0
1015,655,1,5.471943622390539e-13,2.2301641616270004e-12,-8.526512829121202e-14,0,0,0.0
1016,656,1,6.987129855198217e-13,2.1884422963569177e-12,-7.993605777301127e-14,0,0,0.0
1017,657,1,6.807330901835272e-13,2.0562027148660633e-12,-1.1013412404281553e-13,0,0,0.0
1018,658,1,9.21763823219184e-13,2.6684596437913563e-12,-1.0658141036401503e-13,0,0,0.0
1019,659,1,1.0534679217467891e-11,5.102642579362946e-11,-5.3290705182007514e-14,0,0,0.0
1020,660,1,1.3637872579954054e-12,3.47666065808946e-12,-7.283063041541027e-14,0,0,0.0
1021,661,1,1.043024747311493e-11,5.4929294587448534e-11,-7.105427357601002e-15,0,0,0.0
1022,662,1,1.2673262875173497e-11,6.035055994730386e-11,-4.796163466380676e-14,0,0,0.0
1023,663,1,1.3175986329577413e-11,6.538870653063401e-11,-2.842170943040401e-14,0,0,0.0
1024,664,1,9.23508277534043e-13,2.366509943893753e-12,-9.414691248821327e-14,0,0,0.0
1025,665,1,1.00310594200379e-11,5.337121971526593e-11,-4.618527782440651e-14,0,0,0.0
1026,666,1,6.472760165069476e-13,1.2926744767263863e-12,-7.638334409421077e-14,0,0,0.0
1027,667,1,1.1423804335883975e-11,6.291287703382617e-11,-2.842170943040401e-14,0,0,0.0
1028,668,1,9.276618875560618e-12,3.534345630782561e-11,-5.5067062021407764e-14,0,0,0.0
1029,669,1,6.288161752191722e-13,1.583776406724756e-12,-8.348877145181177e-14,0,0,0.0
1030,670,1,4.696647494254138e-12,2.537792159031714e-11,-6.394884621840902e-14,0,0,0.0
1031,671,1,1.8258767678884903e-10,1.1337317862672665e-09,6.696865284538944e-13,0,0,0.0
1032,672,1,1.6687664096144892e-12,8.377334440383766e-12,-6.750155989720952e-14,0,0,0.0
1033,673,1,4.130451903618377e-11,2.0027356571546822e-10,4.085620730620576e-14,0,0,0.0
1034,674,1,3.857676415817403e-11,2.8362448106322823e-10,-2.291500322826323e-13,0,0,0.0
1035,675,1,1.5641726737095392e-12,8.650380691172085e-12,-9.769962616701378e-14,0,0,0.0
1036,676,1,4.1712576456328806e-12,2.1725179586956947e-11,-8.526512829121202e-14,0,0,0.0
1037,677,1,3.762054168619938e-12,2.4080639049654447e-11,-7.815970093361102e-14,0,0,0.0
1038,678,1,5.542439060012678e-12,3.771312375647729e-11,-1.0302869668521453e-13,0,0,0.0
1039,679,1,6.442843442195253e-12,4.102799330757617e-11,-1.0480505352461478e-13,0,0,0.0
1040,680,1,7.635168588011196e-12,5.571004064390532e-11,-1.0302869668521453e-13,0,0,0.0
1041,681,1,9.70463747689798e-12,7.129951733892139e-11,-1.1191048088221578e-13,0,0,0.0
1042,682,1,1.0817007935873579e-11,8.03530645563355e-11,-9.769962616701378e-14,0,0,0.0
1043,683,1,1.389982905917431e-11,9.930516721055983e-11,-1.3145040611561853e-13,0,0,0.0
1044,684,1,1.5329646877095828e-11,1.15302424818837e-10,-1.1546319456101628e-13,0,0,0.0
1045,685,1,1.7161592622849288e-11,1.2880346895729105e-10,-1.3677947663381929e-13,0,0,0.0
1046,686,1,6.952312125596618e-13,2.2235708080809956e-12,-6.572520305780927e-14,0,0,0.0
1047,687,1,1.2593116228491379e-12,3.877332749091613e-12,-6.217248937900877e-14,0,0,0.0
1048,688,1,2.3069021619142192e-11,1.8236411578407828e-10,-1.6697754290362354e-13,0,0,0.0
1049,689,1,7.128232071357925e-13,2.0357370378653782e-12,-9.059419880941277e-14,0,0,0.0
1050,690,1,6.01624121132707e-13,1.6148881683599982e-12,-9.769962616701378e-14,0,0,0.0
1051,691,1,8.918731273254778e-13,2.638591581234265e-12,-5.5067062021407764e-14,0,0,0.0
1052,692,1,4.1475518275199766e-13,1.4891142824360059e-12,-7.460698725481052e-14,0,0,0.0
1053,693,1,4.818058592422151e-13,1.4730809838025442e-12,-5.3290705182007514e-14,0,0,0.0
1054,694,1,8.263771298915206e-13,2.366868363318037e-12,-6.394884621840902e-14,0,0,0.0
1055,695,1,5.531956827396843e-13,2.1715309075938462e-12,-8.171241461241152e-14,0,0,0.0
1056,696,1,4.0961063378977236e-13,2.0915110621811013e-12,-5.5067062021407764e-14,0,0,0.0
1057,697,1,9.554767034673028e-13,2.877915227835542e-12,-6.039613253960852e-14,0,0,0.0
1058,698,1,1.036533085193152e-12,3.2756331587078083e-12,-8.348877145181177e-14,0,0,0.0
1059,699,1,9.35489009675049e-13,2.7339550998378894e-12,-6.039613253960852e-14,0,0,0.0
1060,700,1,8.790051161751347e-13,2.6943397930858674e-12,-6.394884621840902e-14,0,0,0.0
1061,701,1,7.838541534314255e-13,2.6512891720010947e-12,-6.217248937900877e-14,0,0,0.0
1062,702,1,1.2551090225564426e-12,3.853025224614018e-12,-6.750155989720952e-14,0,0,0.0
1063,703,1,7.622857938130895e-13,2.063125536928613e-12,-7.460698725481052e-14,0,0,0.0
1064,704,1,5.620114948744934e-09,1.8712712509976317e-08,-3.126388037344441e-13,0,0,0.0
1065,705,1,5.630881172136938e-09,1.886595359783393e-08,-3.3217872896784684e-13,0,0,0.0
1066,706,1,5.661981605211371e-09,1.908034993389889e-08,-3.2862601528904634e-13,0,0,0.0
1067,707,1,5.693895341929959e-09,1.9296262580119346e-08,-3.197442310920451e-13,0,0,0.0
1068,708,1,5.951911847904168e-09,2.0342200832359493e-08,-3.304023721284466e-13,0,0,0.0
1069,709,1,5.752919104175052e-09,1.9738040708188e-08,-2.948752353404416e-13,0,0,0.0
1070,710,1,5.998126019170587e-09,2.0696000213728663e-08,-3.4638958368304884e-13,0,0,0.0
1071,711,1,6.074235460619237e-09,2.1079299697825155e-08,-3.090860900556436e-13,0,0,0.0
1072,712,1,6.139392434456971e-09,2.143120089251997e-08,-3.161915174132446e-13,0,0,0.0
1073,713,1,6.249824119894849e-09,2.201361842167944e-08,-3.2862601528904634e-13,0,0,0.0
1074,714,1,6.274260292423762e-09,2.2284958693565225e-08,-3.339550858072471e-13,0,0,0.0
1075,715,1,6.3182730248380485e-09,2.265063902091365e-08,-3.1796787425264483e-13,0,0,0.0
1076,716,1,6.342969005681151e-09,2.2938170666565078e-08,-3.4994229736184934e-13,0,0,0.0
1077,717,1,6.400703096181646e-09,2.3406284556599156e-08,-3.304023721284466e-13,0,0,0.0
1078,718,1,6.4302326917036035e-09,2.3789038484240985e-08,-3.1796787425264483e-13,0,0,0.0
1079,719,1,6.4432254323907095e-09,2.4109570352957806e-08,-3.517186542012496e-13,0,0,0.0
1080,720,1,6.451474983910999e-09,2.4414889142057687e-08,-3.268496584496461e-13,0,0,0.0
1081,721,1,6.469902300470634e-09,2.476084830038473e-08,-2.788880237858393e-13,0,0,0.0
1082,722,1,6.497251539652727e-09,2.514831715489427e-08,-2.9665159217984183e-13,0,0,0.0
1083,723,1,6.506894074120114e-09,2.5470763371082842e-08,-2.984279490192421e-13,0,0,0.0
1084,724,1,6.502152473426601e-09,2.5731660880246018e-08,-3.3217872896784684e-13,0,0,0.0
1085,725,1,6.522838198240688e-09,2.610431580807032e-08,-3.2862601528904634e-13,0,0,0.0
1086,726,1,6.537125376017434e-09,2.6406258289736366e-08,-2.717825964282383e-13,0,0,0.0
1087,727,1,6.81735077978357e-09,2.7874436711495085e-08,-3.2152058793144533e-13,0,0,0.0
1088,728,1,6.99811758738402e-09,2.8847387492417443e-08,-3.2507330161024584e-13,0,0,0.0
1089,729,1,6.951061978617323e-09,2.913684889197315e-08,-3.2152058793144533e-13,0,0,0.0
1090,730,1,6.985520768148171e-09,2.9605353607082578e-08,-2.877698079828406e-13,0,0,0.0
1091,731,1,7.037508346777556e-09,3.01686589081835e-08,-3.2152058793144533e-13,0,0,0.0
1092,732,1,7.079190267364925e-09,3.0677359246132147e-08,-2.8421709430404007e-13,0,0,0.0
1093,733,1,7.120223957387001e-09,3.119442314302432e-08,-2.8954616482224083e-13,0,0,0.0
1094,734,1,7.159350805871985e-09,3.173428424580935e-08,-3.161915174132446e-13,0,0,0.0
1095,735,1,7.204277902568464e-09,3.227519943270639e-08,-3.0730973321624333e-13,0,0,0.0
1096,736,1,7.2353652671601486e-09,3.276311993028827e-08,-2.859934511434403e-13,0,0,0.0
1097,737,1,7.26932542500969e-09,3.328395119085426e-08,-2.824407374646398e-13,0,0,0.0
1098,738,1,7.285573280004617e-09,3.371481888008614e-08,-2.948752353404416e-13,0,0,0.0
1099,739,1,7.3088288130343005e-09,3.4183133297473096e-08,-2.5934809855243657e-13,0,0,0.0
1100,740,1,7.337342441610461e-09,3.469983435877567e-08,-3.1086244689504383e-13,0,0,0.0
1101,741,1,7.3274350229705365e-09,3.501705548652078e-08,-3.019806626980426e-13,0,0,0.0
1102,742,1,7.360588180337981e-09,3.554904318779204e-08,-2.7711166694643907e-13,0,0,0.0
1103,743,1,7.413848993236868e-09,3.6096187573636e-08,-3.1441516057384433e-13,0,0,0.0
1104,744,1,7.70659116626714e-09,3.799204223784669e-08,-2.753353101070388e-13,0,0,0.0
1105,745,1,7.79032438412972e-09,3.8813018472614584e-08,-2.291500322826323e-13,0,0,0.0
1106,746,1,7.818469903530326e-09,3.936578060054748e-08,-2.291500322826323e-13,0,0,0.0
1107,747,1,7.883872181840812e-09,4.0130901992334556e-08,-2.149391775674303e-13,0,0,0.0
1108,748,1,7.904656754623577e-09,4.0662055092078164e-08,-2.7000623958883807e-13,0,0,0.0
1109,749,1,7.962925636691955e-09,4.141099052364002e-08,-2.7000623958883807e-13,0,0,0.0
1110,750,1,7.979270176099437e-09,4.1928186162076826e-08,-2.2026824808563106e-13,0,0,0.0
1111,751,1,8.03272932032007e-09,4.266705608473243e-08,-2.646771690706373e-13,0,0,0.0
1112,752,1,8.15413469884136e-09,4.380024432329843e-08,-2.2026824808563106e-13,0,0,0.0
1113,753,1,8.217361225865916e-09,4.456282235912833e-08,-2.646771690706373e-13,0,0,0.0
1114,754,1,8.269988781752313e-09,4.5320625681177843e-08,-2.7355895326763857e-13,0,0,0.0
1115,755,1,8.351996987941098e-09,4.6268261402885936e-08,-2.2737367544323206e-13,0,0,0.0
1116,756,1,8.417699540415689e-09,4.711127651994317e-08,-2.3447910280083306e-13,0,0,0.0
1117,757,1,8.46790599618636e-09,4.7869958703292036e-08,-2.6645352591003757e-13,0,0,0.0
1118,758,1,8.53661808430684e-09,4.876348485764771e-08,-2.291500322826323e-13,0,0,0.0
1119,759,1,8.632641835550127e-09,4.983083064055211e-08,-2.611244553918368e-13,0,0,0.0
1120,760,1,8.682389918186112e-09,5.0640476513713354e-08,-2.2737367544323206e-13,0,0,0.0
1121,761,1,8.7550197296551e-09,5.15898017287163e-08,-2.291500322826323e-13,0,0,0.0
1122,762,1,8.826378858692019e-09,5.2544644687669294e-08,-2.5224267119483557e-13,0,0,0.0
1123,763,1,8.900689177286193e-09,5.35409345896715e-08,-2.042810365310288e-13,0,0,0.0
1124,764,1,8.940484104815562e-09,5.432179910445414e-08,-1.971756091734278e-13,0,0,0.0
1125,765,1,9.017777815117644e-09,5.5369756731189724e-08,-2.398081733190338e-13,0,0,0.0
1126,766,1,9.076160996132193e-09,5.629253300476573e-08,-2.2737367544323206e-13,0,0,0.0
1127,767,1,9.108281561605739e-09,5.7096677350139344e-08,-2.0605739337042905e-13,0,0,0.0
1128,768,1,9.170076116337417e-09,5.807500774630162e-08,-2.6645352591003757e-13,0,0,0.0
1129,769,1,9.201484594893968e-09,5.887251924637392e-08,-2.5579538487363607e-13,0,0,0.0
1130,770,1,9.19947277981524e-09,5.94575255261677e-08,-2.2737367544323206e-13,0,0,0.0
1131,771,1,9.27477762959457e-09,6.059331820241747e-08,-1.9184653865522705e-13,0,0,0.0
1132,772,1,9.254633159970707e-09,6.109009211220102e-08,-2.2737367544323206e-13,0,0,0.0
1133,773,1,9.259105800885772e-09,6.177168292762906e-08,-2.2026824808563106e-13,0,0,0.0
1134,774,1,9.60915151993083e-09,6.468545391496241e-08,-2.2737367544323206e-13,0,0,0.0
1135,775,1,9.607041352875906e-09,6.529911951088006e-08,-2.0605739337042905e-13,0,0,0.0
1136,776,1,9.597260756811317e-09,6.59714439944599e-08,-2.0961010704922955e-13,0,0,0.0
1137,777,1,9.599390958609377e-09,6.666104264784101e-08,-2.0250467969162855e-13,0,0,0.0
1138,778,1,9.65810729306389e-09,6.762509923269443e-08,-1.9539925233402755e-13,0,0,0.0
1139,779,1,9.738857413353704e-09,6.888346845648033e-08,-1.9895196601282805e-13,0,0,0.0
1140,780,1,9.672416323118825e-09,6.916265009992024e-08,-1.7763568394002505e-13,0,0,0.0
1141,781,1,9.816577146606068e-09,7.089457032170244e-08,-2.0250467969162855e-13,0,0,0.0
1142,782,1,9.935092617480718e-09,7.245327310336595e-08,-2.7711166694643907e-13,0,0,0.0
1143,783,1,9.965691071024846e-09,7.343357679027822e-08,-2.4513724383723456e-13,0,0,0.0
1144,784,1,9.944521478803747e-09,7.396321910146781e-08,-2.2382096176443156e-13,0,0,0.0
1145,785,1,1.7265477532859071e-13,2.142808978616453e-12,-4.263256414560601e-14,0,1,9.871355078815588e-10
1146,786,1,1.6294233142818658e-13,3.6450807558732204e-13,4.973799150320701e-14,0,1,9.939187292641241e-10
1147,787,1,2.919248179310033e-13,4.498245858175018e-12,1.4210854715202004e-14,0,1,9.76330686809477e-10
1148,788,1,1.52275099330626e-13,2.3330307448872094e-12,1.4210854715202004e-14,0,1,9.816099949788293e-10
1149,789,1,2.0776865176698788e-13,6.34637792452652e-13,7.105427357601002e-15,0,1,9.973699578853008e-10
1150,790,1,3.7277339462589433e-13,3.690067889600037e-12,-2.1316282072803006e-14,0,1,9.809875170590078e-10
1151,791,1,3.5325190086390737e-13,3.4583199091017014e-12,-3.907985046680551e-14,0,1,9.496570619500679e-10
1152,792,1,2.5013366860862665e-13,3.1052570294460994e-12,2.4868995751603507e-14,0,1,9.342031089534347e-10
1153,793,1,1.7413295509913807e-13,2.6537878351285916e-12,7.460698725481052e-14,0,1,9.801822442832004e-10
1154,794,1,4.619862603044347e-13,2.4986938512130377e-12,1.0658141036401503e-14,0,1,9.292048488209093e-10
1155,795,1,3.473116457225198e-13,1.902258951478028e-12,1.0658141036401503e-14,0,1,9.112395799997038e-10
1156,796,1,7.998764620917923e-13,7.61114736263875e-12,1.7763568394002505e-14,0,1,9.139039940130033e-10
1157,797,1,3.3320477316252456e-13,2.083231108669495e-12,-7.105427357601002e-14,0,1,9.723247884758722e-10
1158,798,1,2.50324857606697e-13,4.225890987065216e-12,-1.0658141036401503e-14,0,1,8.833870368488361e-10
1159,799,1,3.970332967227009e-13,4.844968429042466e-12,0.0,0,1,9.075424579069965e-10
1160,800,1,2.883700119269264e-13,3.4924242192958847e-12,-3.552713678800501e-14,0,1,8.797508094174895e-10
1161,801,1,3.102270633926873e-13,3.49679414323761e-12,-1.4210854715202004e-14,0,1,8.996533625525184e-10
1162,802,1,2.5030629816080314e-13,3.863441396254843e-12,-5.684341886080802e-14,0,1,8.780197038911262e-10
1163,803,1,3.176010174816885e-13,4.65380872372101e-12,-2.4868995751603507e-14,0,1,8.728609741049557e-10
1164,804,1,8.033087759238101e-13,7.057349153233133e-12,-3.907985046680551e-14,0,1,8.706160777488096e-10
1165,805,1,1.700483577905457e-13,2.0100730743213414e-12,6.394884621840902e-14,0,1,8.503211134602309e-10
1166,806,1,4.591566645930178e-13,1.7735654022405654e-12,-2.842170943040401e-14,0,1,8.47888150082061e-10
1167,807,1,3.5388328793242425e-13,3.5884227492508334e-12,0.0,0,1,8.511867906467068e-10
1168,808,1,4.272971556661614e-13,3.410969346224796e-12,-6.750155989720952e-14,0,1,8.542072673568752e-10
1169,809,1,3.016254127911002e-13,3.756942049271566e-12,-2.842170943040401e-14,0,1,9.260084613032506e-10
1170,810,1,2.4583754998750257e-13,6.613120804314955e-12,3.552713678800501e-15,0,1,8.409990162663581e-10
1171,811,1,2.725355627042819e-13,2.270875517013935e-12,-3.552713678800501e-14,0,1,8.130885998388528e-10
1172,812,1,1.4562291999857934e-13,1.6886445761684974e-12,9.947598300641403e-14,0,1,8.261362563820086e-10
1173,813,1,5.070027726665034e-13,8.493972276018528e-12,7.105427357601002e-15,0,1,8.915726236859877e-10
1174,814,1,2.321656556789224e-13,4.452738307148415e-12,-3.552713678800501e-14,0,1,9.869328080042398e-10
1175,815,1,6.972974618815159e-13,7.699620518543088e-12,-1.7763568394002505e-14,0,1,8.190813262054055e-10
1176,816,1,4.602169223715039e-13,6.3323849670477855e-12,3.197442310920451e-14,0,1,8.005005138328404e-10
1177,817,1,2.3267576549594675e-13,3.4102888267700947e-12,-7.105427357601002e-15,0,1,8.301143168264136e-10
1178,818,1,7.139373395807556e-14,1.870711296957569e-12,1.4210854715202004e-14,0,1,7.785595201071452e-10
1179,819,1,4.69161558782013e-13,7.188023211498015e-12,1.4210854715202004e-14,0,1,7.912001878406085e-10
1180,820,1,7.767177046259309e-14,5.6675915059802256e-12,3.552713678800501e-14,0,1,9.50321193990424e-10
1181,821,1,3.878844855230963e-13,2.3953286113275616e-12,-4.973799150320701e-14,0,1,7.980663018854715e-10
1182,822,1,2.4723268216773455e-13,1.5652473883283652e-12,-1.4210854715202004e-14,0,1,8.265936174944339e-10
1183,823,1,4.93334577184439e-13,6.9003400782632785e-12,2.1316282072803006e-14,0,1,9.8342017001666e-10
1184,824,1,7.631060955964515e-14,3.145592348316656e-12,1.0658141036401503e-14,0,1,7.964721980195868e-10
1185,825,1,4.552145244333843e-13,4.757346457296552e-12,-3.552713678800501e-15,0,1,9.051598944957677e-10
1186,826,1,4.1151764838115776e-13,5.5810524506782616e-12,-6.039613253960852e-14,0,1,9.341526888681426e-10
1187,827,1,3.3541776173753756e-13,2.9000047947248218e-12,-3.552713678800501e-15,0,1,7.268009143649728e-10
1188,828,1,2.72570833113531e-13,5.527945496281592e-12,-8.171241461241152e-14,0,1,8.113962515983639e-10
1189,829,1,7.549770607916657e-14,4.009846913062639e-12,-3.907985046680551e-14,0,1,1.0585604441692682e-09
1190,830,1,1.2484475298935722e-13,7.306019273377083e-12,-1.4210854715202004e-14,0,1,9.055446716905609e-10
1191,831,1,1.3221011695142628e-13,7.095065079431016e-12,7.105427357601002e-15,0,1,1.2310275002167326e-09
1192,832,1,1.8515582865252644e-13,6.622801094835188e-12,-1.7763568394002505e-14,0,1,2.009634974183796e-09
1193,833,1,3.193177385399872e-13,2.3016572634746237e-12,4.618527782440651e-14,0,1,2.0436441003884997e-09
1194,834,1,4.603422678100276e-13,7.217100908754981e-12,3.907985046680551e-14,0,1,1.0230548735310356e-09
1195,835,1,4.263223456804198e-13,5.404749780480306e-12,-3.552713678800501e-15,0,1,1.0971574310995266e-09
1196,836,1,5.594244622723864e-13,1.3869911476207106e-11,-2.1316282072803006e-14,0,1,1.0178324515265537e-08
1197,837,1,2.6835995333546203e-13,7.2657096608048476e-12,-1.0302869668521453e-13,0,1,2.2679925601827214e-08
1198,838,1,1.9536329506153032e-13,3.748662422468017e-12,-3.552713678800501e-14,0,1,8.628527259348404e-10
1199,839,1,4.798309815710394e-13,1.3979896063668935e-11,-1.1013412404281553e-13,0,1,1.2398232118564606e-05
1200,840,1,6.525806791096348e-13,9.881021285791802e-12,5.3290705182007514e-14,0,0,0.0
1201,841,1,8.509948460491183e-11,5.7332772406276936e-09,1.5276668818842154e-13,0,0,0.0
1202,842,1,1.3847297780693161e-10,9.367153461654972e-09,2.1671553440683056e-13,0,0,0.0
1203,843,1,1.6645065217888917e-10,1.125559147803669e-08,3.730349362740526e-13,0,0,0.0
1204,844,1,1.5892272375648596e-10,1.076609732044756e-08,3.232969447708456e-13,0,0,0.0
1205,845,1,1.136187993121353e-10,7.67184233088366e-09,2.8066438062523957e-13,0,0,0.0
1206,846,1,5.1457432587711974e-11,3.503927427844841e-09,1.4921397450962104e-13,0,0,0.0
1207,847,1,1.2269181493761765e-12,6.070618138759529e-11,9.592326932761353e-14,0,0,0.0
1208,848,1,1.452027113334546e-12,9.283447581600058e-11,-1.7763568394002505e-14,0,0,0.0
1209,849,1,6.01582482018759e-12,3.6058695896423726e-10,-3.197442310920451e-14,0,0,0.0
1210,850,1,1.1238827933860427e-11,6.984307649556106e-10,4.973799150320701e-14,0,0,0.0
1211,851,1,4.665021206873286e-12,3.137290908872854e-10,-1.4210854715202004e-14,0,0,0.0
1212,852,1,1.8718186295811197e-11,1.230746106246451e-09,-1.4210854715202004e-14,0,0,0.0
1213,,1,6.737930164052179e-13,2.3457704103548332e-11,9.947598300641403e-14,0,0,0.0
1214,,1,2.3314598960783233e-13,6.4634918666064746e-12,-1.0302869668521453e-13,0,0,0.0
1215,,1,2.6409546952964803e-13,9.216212070679266e-12,-3.552713678800501e-15,0,0,0.0
1216,,1,3.344575132816586e-13,1.167740380196323e-11,1.4210854715202004e-14,0,0,0.0
1217,,1,5.559318922351075e-13,1.671238448520888e-11,-4.973799150320701e-14,0,0,0.0
1218,,1,7.333067722286158e-13,1.7427402333352747e-11,-7.105427357601002e-15,0,0,0.0
1219,,1,2.9362859033939103e-13,3.0155886946540134e-12,-2.4868995751603507e-14,0,0,0.0
1220,,1,3.702009873705666e-13,9.940839450859025e-12,-1.4210854715202004e-14,0,0,0.0
1221,,1,1.7339077479055756e-13,1.1536070152162136e-11,-3.907985046680551e-14,0,0,0.0
1222,,1,3.1134771693361515e-13,5.7283305092023075e-12,2.4868995751603507e-14,0,0,0.0
1223,,1,4.986378640876322e-13,1.8652078127301758e-11,-5.684341886080802e-14,0,0,0.0
1224,,1,4.347312018633154e-13,1.9697622546984765e-11,7.105427357601002e-15,0,0,0.0
1225,,1,1.1236050650425408e-12,5.304051811243671e-11,1.4210854715202004e-14,0,0,0.0
1226,,1,8.905762798340311e-13,5.864579832661713e-11,2.4868995751603507e-14,0,0,0.0
1227,,1,3.083990581502225e-13,3.3201249908904367e-11,-7.105427357601002e-14,0,0,0.0
1228,,1,1.8427830022214798e-13,1.0883251699044387e-11,3.552713678800501e-15,0,0,0.0
1229,,1,4.736773279890009e-13,3.56735045781151e-11,6.394884621840902e-14,0,0,0.0
1230,,1,1.4683151992984832e-13,2.2408547630227547e-11,2.1316282072803006e-14,0,0,0.0
1231,,1,6.853489721499283e-13,6.624195496093325e-11,-4.263256414560601e-14,0,0,0.0
1232,,1,2.0108859249947147e-13,2.6891001170224522e-11,-2.4868995751603507e-14,0,0,0.0
1233,,1,2.950635646430011e-13,4.8112932065712626e-11,-6.750155989720952e-14,0,0,0.0
1234,,1,4.217332497817622e-13,6.553763959537332e-11,-3.197442310920451e-14,0,0,0.0
1235,,1,2.6104514945939e-13,9.781375133715967e-11,1.4210854715202004e-14,0,0,0.0
1236,,1,3.9287922968034906e-13,8.525264054065268e-11,-3.552713678800501e-15,0,0,0.0
1237,,1,6.12307884529459e-13,1.5406735064185335e-10,-1.5987211554602254e-13,0,0,0.0
1238,,1,1.4657294477209394e-13,4.2425539789182287e-11,-2.842170943040401e-14,0,0,0.0
1239,,1,5.110709675209789e-13,1.1485747510399005e-10,-3.552713678800501e-15,0,0,0.0
1240,,1,1.0765542649819804e-13,8.810667262951763e-11,-2.4868995751603507e-14,0,0,0.0
1241,,1,1.0055420413762933e-13,5.3900802647390793e-11,-1.0302869668521453e-13,0,0,0.0
1242,,1,4.151810887334716e-14,8.137363575270109e-11,7.105427357601002e-15,0,0,0.0
1243,,1,5.67336321034581e-13,2.4482658544744506e-10,-4.618527782440651e-14,0,0,0.0
1244,,1,2.3487799054695523e-13,1.929540530882833e-10,-8.171241461241152e-14,0,0,0.0
1245,,1,1.0673034306283514e-13,5.060630440064681e-11,-3.907985046680551e-14,0,0,0.0
1246,,1,1.2135343091690622e-13,1.9345558228341283e-10,3.552713678800501e-14,0,0,0.0
1247,,1,1.2506806556709098e-13,1.5177406936059527e-10,-6.394884621840902e-14,0,0,0.0
1248,,1,2.686057639242105e-13,5.373597085356929e-10,1.0658141036401503e-14,0,0,0.0
1249,,1,2.522917223353555e-13,6.050057764584513e-10,-7.105427357601002e-15,0,0,0.0
1250,,1,1.3627059027962503e-13,3.541957776564144e-10,1.0658141036401503e-14,0,0,0.0
1251,,1,2.624791037106087e-13,1.8345255852226438e-10,-4.263256414560601e-14,0,0,0.0
1252,,1,1.6659172463323624e-13,4.558845806257827e-10,1.5987211554602254e-14,0,0,0.0
1253,,1,2.165827869577802e-13,6.780400156484336e-10,-3.375077994860476e-14,0,0,0.0
1254,,1,3.7775084886283943e-13,6.496266954860253e-10,-2.3092638912203256e-14,0,0,0.0
1255,,1,2.0953707208126278e-13,6.838292958777221e-10,-3.730349362740526e-14,0,0,0.0
1256,,1,6.932768254163831e-13,1.3310455622459634e-09,-1.9895196601282805e-13,0,0,0.0
1257,,1,9.309924481654946e-13,1.9252784924120577e-09,-2.4513724383723456e-13,0,0,0.0
1258,,1,9.726562005166036e-13,8.281507974372811e-10,-2.948752353404416e-13,0,0,0.0
1259,,1,7.387897776388968e-13,2.2458502948786772e-09,-2.788880237858393e-13,0,0,0.0
1260,,1,8.790370780973645e-13,1.7206771097691499e-09,-3.197442310920451e-13,0,0,0.0
1261,,1,9.370285599934839e-13,1.917268132957265e-09,-2.877698079828406e-13,0,0,0.0
1262,,1,8.731010144562889e-13,1.848198815631187e-09,-2.913225216616411e-13,0,0,0.0
1263,,1,9.615079438218226e-13,5.982513483625572e-10,-3.090860900556436e-13,0,0,0.0
1264,,1,1.3324261528144419e-12,5.276812875295639e-10,-4.5297099404706387e-13,0,0,0.0
1265,,1,1.102715964693359e-12,1.8944221300431548e-09,-2.984279490192421e-13,0,0,0.0
1266,,1,1.083671437514108e-12,8.120049526679714e-10,-3.6770586575585185e-13,0,0,0.0
1267,,1,1.0051429343366226e-12,2.2656202044634665e-09,-3.4994229736184934e-13,0,0,0.0
1268,,1,1.1639797312813061e-12,3.666919061658312e-09,-3.8902214782865485e-13,0,0,0.0
1269,,1,1.1612004006047142e-12,8.866936977078723e-10,-3.4994229736184934e-13,0,0,0.0
1270,,1,1.1607802859929e-12,4.035907635984306e-09,-4.263256414560601e-13,0,0,0.0
1271,,1,1.3294853891453085e-12,3.6792912750902835e-09,-3.6415315207705135e-13,0,0,0.0
1272,,1,1.7124223152310927e-12,2.3706113422183443e-09,-4.3520742565306136e-13,0,0,0.0
1273,,1,1.613139965056442e-12,5.479181148603731e-09,-4.4586556668946287e-13,0,0,0.0
1274,,1,1.4951804958614013e-12,5.646375910060265e-09,-5.186961971048731e-13,0,0,0.0
1275,,1,1.599940480361603e-12,1.3166664123827127e-09,-4.600764214046649e-13,0,0,0.0
1276,,1,1.7078114517235944e-12,6.0234109037444984e-09,-5.293543381412746e-13,0,0,0.0
1277,,1,2.03880006404688e-12,3.738574412283555e-09,-5.737632591262809e-13,0,0,0.0
1278,,1,2.2982505363189607e-12,7.217956804154932e-09,-5.275779813018744e-13,0,0,0.0
1279,,1,2.1600983327100886e-12,7.034907926859948e-09,-5.311306949806749e-13,0,0,0.0
1280,,1,2.7557615225455524e-12,3.128982696053306e-09,-5.879741138414829e-13,0,0,0.0
1281,,1,3.464887888028053e-12,2.0075521029072516e-09,-5.879741138414829e-13,0,0,0.0
1282,,1,3.3458519137816273e-12,2.0739917405085553e-09,-5.773159728050814e-13,0,0,0.0
1283,,1,3.261979210354404e-12,6.014867332864517e-09,-6.590283874174929e-13,0,0,0.0
1284,,1,3.445955256744827e-12,5.654404610078838e-09,-6.750155989720952e-13,0,0,0.0
1285,,1,4.336765085471662e-12,7.278848803306787e-10,-6.625811010962934e-13,0,0,0.0
1286,,1,4.573435830378354e-12,1.3041111591176292e-09,-6.910028105266974e-13,0,0,0.0
1287,,1,5.02664048335919e-12,3.5319222316870966e-09,-6.785683126508957e-13,0,0,0.0
1288,,1,5.9151875808156635e-12,2.147946222853571e-09,-6.732392421326949e-13,0,0,0.0
1289,,1,6.03048105759479e-12,5.826684948050652e-10,-6.767919558114954e-13,0,0,0.0
1290,,1,5.986189386360823e-12,8.492035356569647e-09,-6.838973831690964e-13,0,0,0.0
1291,,1,1.3058434288420147e-11,6.455871859255476e-09,-6.110667527536862e-13,0,0,0.0
1292,,1,1.0945684833243914e-11,2.4860086432488617e-08,-5.74651437545981e-13,0,0,0.0
1293,,1,1.1350410507826524e-11,2.3248957175506674e-08,-5.444533712761768e-13,0,0,0.0
1294,,1,1.5615582913506263e-11,1.6828083893897355e-08,-5.027089855502709e-13,0,0,0.0
1295,,1,1.9251980473478836e-11,6.256017601137482e-09,-4.982680934517703e-13,0,0,0.0
1296,,1,3.0498666365968475e-11,2.5646379710582972e-08,-4.4142467459096224e-13,0,0,0.0
1297,,1,2.319346293593153e-11,1.0633325013961703e-08,-3.907985046680551e-13,0,0,0.0
1298,,1,4.918480727997921e-11,5.0175362804196626e-08,-2.042810365310288e-13,0,0,0.0
1299,,1,2.665206102474517e-11,3.1088013387307424e-08,-4.574118861455645e-13,0,0,0.0
1300,,1,4.519240823663927e-11,2.3719720253662813e-08,-2.5490720645393594e-13,0,0,0.0
1301,,1,4.7202291098690376e-11,3.620681603806761e-08,4.796163466380676e-14,0,0,0.0
1302,,1,5.122981505077704e-11,3.356302614022894e-08,-6.954437026251981e-13,0,0,0.0
1303,,1,6.523309007764342e-11,1.2805991577552227e-08,1.2168044349891716e-13,0,0,0.0
1304,,1,6.353295806674878e-11,3.6958728063671956e-08,-9.556799795973347e-13,0,0,0.0
1305,,1,1.0080925349275585e-10,7.27374043775212e-08,-2.325251102774928e-12,0,0,0.0
1306,,1,1.0558768896608995e-10,4.6906973831812347e-08,-1.6369128275073308e-12,0,0,0.0
1307,,0,1.8523571118089146e-10,1.642529899217165e-07,-5.737632591262809e-12,0,0,0.0
1308,,0,1.6349168141676428e-10,1.7414488208627951e-07,-5.196731933665433e-12,0,0,0.0
1309,,0,3.940175959324819e-10,5.153997751946944e-07,-1.425792817144611e-11,0,0,0.0
1310,,0,1.7563713248243557e-10,2.8322100342568155e-07,7.187139772213413e-12,0,0,0.0
1311,,0,2.6036848114586637e-10,3.394566277339666e-07,-7.313261107810831e-12,0,0,0.0
1312,,0,6.693635582994926e-10,3.727204360744209e-07,-3.013145288832675e-11,0,0,0.0
1313,,0,7.740629741555135e-10,4.947787272971285e-07,3.715250329605624e-11,0,0,0.0
1314,,0,1.1544185031376852e-09,9.427385234674656e-07,5.667644131790439e-11,0,0,0.0
1315,,0,9.655760441853387e-10,7.782900504404652e-07,-2.9403146584172646e-11,0,0,0.0
1316,,0,3.1345740306569495e-10,3.2735780993639284e-07,1.573408070498772e-11,0,0,0.0
1317,,0,1.7349009378100264e-10,1.0451290611666373e-07,5.31663602032495e-12,0,0,0.0
1318,,0,2.1386535572329468e-10,1.5498738925490413e-07,6.150635556423367e-12,0,0,0.0
1319,,0,1.3937380299889265e-10,2.1900127584690926e-07,7.036149440864392e-12,0,0,0.0
1320,,0,2.2044997905334724e-09,4.467964651318708e-06,-8.975042931069765e-11,0,0,0.0
1321,,0,1.7089172068993964e-10,3.5115347686403695e-07,8.736122936170432e-12,0,0,0.0
1322,,0,7.296934185095112e-10,9.349828189075557e-07,-1.7132961716015416e-11,0,0,0.0
1323,,0,4.006000020732682e-09,8.736416300808058e-06,-1.6930901125533637e-10,0,0,0.0
1324,,0,1.7340573390353867e-09,3.0763076934674694e-06,-6.296119181570248e-11,0,0,0.0
1325,,0,3.1410261364199847e-09,5.744502913944002e-06,-1.2666401261185456e-10,0,0,0.0
1326,,0,2.551778854474722e-09,3.953159073388029e-06,-9.591261118657712e-11,0,0,0.0
1327,,0,6.885899653058952e-10,1.1726970295076926e-06,3.3303138025075896e-11,0,0,0.0
1328,,0,4.211500342172501e-10,5.004326113323145e-07,-1.326050380612287e-11,0,0,0.0
1329,,0,2.676669284653558e-09,2.6405441983568876e-06,-9.091127850524572e-11,0,0,0.0
1330,,0,2.5786775389739455e-10,2.715568640106561e-07,1.2716050434846693e-11,0,0,0.0
1331,,0,2.15198558557697e-09,1.2572690067181556e-06,-5.7693405608461035e-11,0,0,0.0
1332,,0,5.596173433510619e-10,3.796770059943556e-07,-1.722799680692333e-11,0,0,0.0
1333,,0,7.618299660391001e-10,6.135846222302362e-07,-3.134381643121742e-11,0,0,0.0
1334,,0,5.548253524267485e-10,4.3622943464924265e-07,2.913935759352171e-11,0,0,0.0
1335,,0,4.63889455842212e-09,2.231269758362905e-06,-1.6463541641087431e-10,0,0,0.0
1336,,0,3.877387725910794e-09,1.4443821267769175e-06,-1.233289026458806e-10,0,0,0.0
1337,,0,1.707833715257938e-09,7.670480152404021e-07,7.361489196000548e-11,0,0,0.0
1338,,0,1.1567423371905056e-09,4.5823994022924375e-07,5.048850226785362e-11,0,0,0.0
1339,,0,2.975227649416395e-09,6.082364742063055e-07,-7.831868487073734e-11,0,0,0.0
1340,,0,3.054686879093111e-09,6.527550014375313e-07,-9.165113112885592e-11,0,0,0.0
1341,,0,5.313283349558207e-09,1.0199844436931927e-06,-1.6228618449076748e-10,0,0,0.0
1342,,0,8.253112064931853e-10,1.8004935417952783e-07,3.353317623577823e-11,0,0,0.0
1343,,0,3.9036395461432115e-09,7.51002691821311e-07,1.4780621171439634e-10,0,0,0.0
1344,,0,1.8224123167788076e-09,3.5397944052827283e-07,-6.309130995418855e-11,0,0,0.0
1345,,0,5.4311513043725696e-09,8.776865345479511e-07,-1.4576517770592545e-10,0,0,0.0
1346,,0,1.071873699353683e-09,2.0942463741127644e-07,-2.955902189683002e-11,0,0,0.0
1347,,1,2.0706146842477456e-10,7.139489642626935e-08,1.2866152587776014e-11,0,0,0.0
1348,,0,2.8536718568056776e-09,8.123524865121383e-07,1.0634204627990584e-10,0,0,0.0
1349,,0,8.85001309734993e-10,1.798659090002215e-07,-1.7990053891026037e-11,0,0,0.0
1350,,0,9.04676707099617e-09,2.2727048080208607e-06,-2.3163071460885476e-10,0,0,0.0
1351,,0,3.081830283370492e-09,9.576091497064276e-07,-8.571854337446894e-11,0,0,0.0
1352,,0,1.4229889380842591e-08,4.969121455237675e-06,-4.055502600408545e-10,0,0,0.0
1353,,0,4.4104835311669765e-09,2.057366502622084e-06,1.5233947436854578e-10,0,0,0.0
1354,,0,6.267961930825537e-09,2.292410720502403e-06,-1.4463763520211614e-10,0,0,0.0
1355,,0,7.668881708137835e-10,5.551831931236699e-07,3.2941649408257945e-11,0,0,0.0
1356,,0,3.052675824553285e-08,1.6278848823157828e-05,7.99925459205042e-10,0,0,0.0
1357,,0,4.310979213303337e-09,1.5758193659430662e-06,-6.549472075789708e-11,0,0,0.0
1358,,0,1.4900182038440927e-08,1.0100214400220027e-05,3.7106362427152817e-10,0,0,0.0
